Return code: 2

=== STDOUT ===
g++ @global.options @absolute.options @module.options -MM -MT .csconfig/modules/replacement/random/random.d -MT .csconfig/modules/replacement/random/random.o -I.csconfig -MF .csconfig/modules/replacement/random/random.d replacement/random/random.cc
g++ @global.options @absolute.options @module.options -MM -MT .csconfig/modules/replacement/drrip/drrip.d -MT .csconfig/modules/replacement/drrip/drrip.o -I.csconfig -MF .csconfig/modules/replacement/drrip/drrip.d replacement/drrip/drrip.cc
g++ @global.options @absolute.options @module.options -MM -MT .csconfig/modules/replacement/ship/ship.d -MT .csconfig/modules/replacement/ship/ship.o -I.csconfig -MF .csconfig/modules/replacement/ship/ship.d replacement/ship/ship.cc
g++ @global.options @absolute.options @module.options -MM -MT .csconfig/modules/replacement/lru/lru.d -MT .csconfig/modules/replacement/lru/lru.o -I.csconfig -MF .csconfig/modules/replacement/lru/lru.d replacement/lru/lru.cc
g++ @global.options @absolute.options @module.options -MM -MT .csconfig/modules/replacement/srrip/srrip.d -MT .csconfig/modules/replacement/srrip/srrip.o -I.csconfig -MF .csconfig/modules/replacement/srrip/srrip.d replacement/srrip/srrip.cc
g++ @global.options @absolute.options @module.options -MM -MT .csconfig/modules/prefetcher/va_ampm_lite/va_ampm_lite.d -MT .csconfig/modules/prefetcher/va_ampm_lite/va_ampm_lite.o -I.csconfig -MF .csconfig/modules/prefetcher/va_ampm_lite/va_ampm_lite.d prefetcher/va_ampm_lite/va_ampm_lite.cc
g++ @global.options @absolute.options @module.options -MM -MT .csconfig/modules/prefetcher/rndtp/rndtp.d -MT .csconfig/modules/prefetcher/rndtp/rndtp.o -I.csconfig -MF .csconfig/modules/prefetcher/rndtp/rndtp.d prefetcher/rndtp/rndtp.cc
g++ @global.options @absolute.options @module.options -MM -MT .csconfig/modules/prefetcher/spp_dev/spp_dev.d -MT .csconfig/modules/prefetcher/spp_dev/spp_dev.o -I.csconfig -MF .csconfig/modules/prefetcher/spp_dev/spp_dev.d prefetcher/spp_dev/spp_dev.cc
g++ @global.options @absolute.options @module.options -MM -MT .csconfig/modules/prefetcher/kairos/kairos.d -MT .csconfig/modules/prefetcher/kairos/kairos.o -I.csconfig -MF .csconfig/modules/prefetcher/kairos/kairos.d prefetcher/kairos/kairos.cc
g++ @global.options @absolute.options @module.options -MM -MT .csconfig/modules/prefetcher/resize/resize.d -MT .csconfig/modules/prefetcher/resize/resize.o -I.csconfig -MF .csconfig/modules/prefetcher/resize/resize.d prefetcher/resize/resize.cc
g++ @global.options @absolute.options @module.options -MM -MT .csconfig/modules/prefetcher/ptp/ptp.d -MT .csconfig/modules/prefetcher/ptp/ptp.o -I.csconfig -MF .csconfig/modules/prefetcher/ptp/ptp.d prefetcher/ptp/ptp.cc
g++ @global.options @absolute.options @module.options -MM -MT .csconfig/modules/prefetcher/drtp/drtp.d -MT .csconfig/modules/prefetcher/drtp/drtp.o -I.csconfig -MF .csconfig/modules/prefetcher/drtp/drtp.d prefetcher/drtp/drtp.cc
g++ @global.options @absolute.options @module.options -MM -MT .csconfig/modules/prefetcher/brtp/brtp.d -MT .csconfig/modules/prefetcher/brtp/brtp.o -I.csconfig -MF .csconfig/modules/prefetcher/brtp/brtp.d prefetcher/brtp/brtp.cc
g++ @global.options @absolute.options @module.options -MM -MT .csconfig/modules/prefetcher/latetp/latetp.d -MT .csconfig/modules/prefetcher/latetp/latetp.o -I.csconfig -MF .csconfig/modules/prefetcher/latetp/latetp.d prefetcher/latetp/latetp.cc
g++ @global.options @absolute.options @module.options -MM -MT .csconfig/modules/prefetcher/pctp/pctp.d -MT .csconfig/modules/prefetcher/pctp/pctp.o -I.csconfig -MF .csconfig/modules/prefetcher/pctp/pctp.d prefetcher/pctp/pctp.cc
g++ @global.options @absolute.options @module.options -MM -MT .csconfig/modules/prefetcher/croage/croage.d -MT .csconfig/modules/prefetcher/croage/croage.o -I.csconfig -MF .csconfig/modules/prefetcher/croage/croage.d prefetcher/croage/croage.cc
g++ @global.options @absolute.options @module.options -MM -MT .csconfig/modules/prefetcher/vberti/vberti.d -MT .csconfig/modules/prefetcher/vberti/vberti.o -I.csconfig -MF .csconfig/modules/prefetcher/vberti/vberti.d prefetcher/vberti/vberti.cc
g++ @global.options @absolute.options @module.options -MM -MT .csconfig/modules/prefetcher/resize_pr/resize_pr.d -MT .csconfig/modules/prefetcher/resize_pr/resize_pr.o -I.csconfig -MF .csconfig/modules/prefetcher/resize_pr/resize_pr.d prefetcher/resize_pr/resize_pr.cc
g++ @global.options @absolute.options @module.options -MM -MT .csconfig/modules/prefetcher/ipcp/ipcp.d -MT .csconfig/modules/prefetcher/ipcp/ipcp.o -I.csconfig -MF .csconfig/modules/prefetcher/ipcp/ipcp.d prefetcher/ipcp/ipcp.cc
g++ @global.options @absolute.options @module.options -MM -MT .csconfig/modules/prefetcher/earlytp/earlytp.d -MT .csconfig/modules/prefetcher/earlytp/earlytp.o -I.csconfig -MF .csconfig/modules/prefetcher/earlytp/earlytp.d prefetcher/earlytp/earlytp.cc
g++ @global.options @absolute.options @module.options -MM -MT .csconfig/modules/prefetcher/infmt/infmt.d -MT .csconfig/modules/prefetcher/infmt/infmt.o -I.csconfig -MF .csconfig/modules/prefetcher/infmt/infmt.d prefetcher/infmt/infmt.cc
g++ @global.options @absolute.options @module.options -MM -MT .csconfig/modules/prefetcher/filtetp/filtetp.d -MT .csconfig/modules/prefetcher/filtetp/filtetp.o -I.csconfig -MF .csconfig/modules/prefetcher/filtetp/filtetp.d prefetcher/filtetp/filtetp.cc
g++ @global.options @absolute.options @module.options -MM -MT .csconfig/modules/prefetcher/resize_kr/resize_kr.d -MT .csconfig/modules/prefetcher/resize_kr/resize_kr.o -I.csconfig -MF .csconfig/modules/prefetcher/resize_kr/resize_kr.d prefetcher/resize_kr/resize_kr.cc
g++ @global.options @absolute.options @module.options -MM -MT .csconfig/modules/prefetcher/conftp/conftp.d -MT .csconfig/modules/prefetcher/conftp/conftp.o -I.csconfig -MF .csconfig/modules/prefetcher/conftp/conftp.d prefetcher/conftp/conftp.cc
g++ @global.options @absolute.options @module.options -MM -MT .csconfig/modules/prefetcher/srtp/srtp.d -MT .csconfig/modules/prefetcher/srtp/srtp.o -I.csconfig -MF .csconfig/modules/prefetcher/srtp/srtp.d prefetcher/srtp/srtp.cc
g++ @global.options @absolute.options @module.options -MM -MT .csconfig/modules/prefetcher/baseline/baseline.d -MT .csconfig/modules/prefetcher/baseline/baseline.o -I.csconfig -MF .csconfig/modules/prefetcher/baseline/baseline.d prefetcher/baseline/baseline.cc
g++ @global.options @absolute.options @module.options -MM -MT .csconfig/modules/prefetcher/ip_stride/ip_stride.d -MT .csconfig/modules/prefetcher/ip_stride/ip_stride.o -I.csconfig -MF .csconfig/modules/prefetcher/ip_stride/ip_stride.d prefetcher/ip_stride/ip_stride.cc
g++ @global.options @absolute.options @module.options -MM -MT .csconfig/modules/prefetcher/resize_tr/resize_tr.d -MT .csconfig/modules/prefetcher/resize_tr/resize_tr.o -I.csconfig -MF .csconfig/modules/prefetcher/resize_tr/resize_tr.d prefetcher/resize_tr/resize_tr.cc
g++ @global.options @absolute.options @module.options -MM -MT .csconfig/modules/prefetcher/shtp/shtp.d -MT .csconfig/modules/prefetcher/shtp/shtp.o -I.csconfig -MF .csconfig/modules/prefetcher/shtp/shtp.d prefetcher/shtp/shtp.cc
g++ @global.options @absolute.options @module.options -MM -MT .csconfig/modules/prefetcher/next_line/next_line.d -MT .csconfig/modules/prefetcher/next_line/next_line.o -I.csconfig -MF .csconfig/modules/prefetcher/next_line/next_line.d prefetcher/next_line/next_line.cc
g++ @global.options @absolute.options @module.options -MM -MT .csconfig/modules/prefetcher/infpctable/infpctable.d -MT .csconfig/modules/prefetcher/infpctable/infpctable.o -I.csconfig -MF .csconfig/modules/prefetcher/infpctable/infpctable.d prefetcher/infpctable/infpctable.cc
g++ @global.options @absolute.options @module.options -MM -MT .csconfig/modules/prefetcher/triangel/triangel.d -MT .csconfig/modules/prefetcher/triangel/triangel.o -I.csconfig -MF .csconfig/modules/prefetcher/triangel/triangel.d prefetcher/triangel/triangel.cc
g++ @global.options @absolute.options @module.options -MM -MT .csconfig/modules/prefetcher/no/no.d -MT .csconfig/modules/prefetcher/no/no.o -I.csconfig -MF .csconfig/modules/prefetcher/no/no.d prefetcher/no/no.cc
g++ @global.options @absolute.options @module.options -MM -MT .csconfig/modules/prefetcher/prophet/prophet.d -MT .csconfig/modules/prefetcher/prophet/prophet.o -I.csconfig -MF .csconfig/modules/prefetcher/prophet/prophet.d prefetcher/prophet/prophet.cc
g++ @global.options @absolute.options @module.options -MM -MT .csconfig/modules/prefetcher/lfutp/lfutp.d -MT .csconfig/modules/prefetcher/lfutp/lfutp.o -I.csconfig -MF .csconfig/modules/prefetcher/lfutp/lfutp.d prefetcher/lfutp/lfutp.cc
g++ @global.options @absolute.options @module.options -MM -MT .csconfig/modules/prefetcher/prism/prism.d -MT .csconfig/modules/prefetcher/prism/prism.o -I.csconfig -MF .csconfig/modules/prefetcher/prism/prism.d prefetcher/prism/prism.cc
g++ @global.options @absolute.options @module.options -MM -MT .csconfig/modules/btb/basic_btb/direct_predictor.d -MT .csconfig/modules/btb/basic_btb/direct_predictor.o -I.csconfig -MF .csconfig/modules/btb/basic_btb/direct_predictor.d btb/basic_btb/direct_predictor.cc
g++ @global.options @absolute.options @module.options -MM -MT .csconfig/modules/btb/basic_btb/return_stack.d -MT .csconfig/modules/btb/basic_btb/return_stack.o -I.csconfig -MF .csconfig/modules/btb/basic_btb/return_stack.d btb/basic_btb/return_stack.cc
g++ @global.options @absolute.options @module.options -MM -MT .csconfig/modules/btb/basic_btb/indirect_predictor.d -MT .csconfig/modules/btb/basic_btb/indirect_predictor.o -I.csconfig -MF .csconfig/modules/btb/basic_btb/indirect_predictor.d btb/basic_btb/indirect_predictor.cc
g++ @global.options @absolute.options @module.options -MM -MT .csconfig/modules/btb/basic_btb/basic_btb.d -MT .csconfig/modules/btb/basic_btb/basic_btb.o -I.csconfig -MF .csconfig/modules/btb/basic_btb/basic_btb.d btb/basic_btb/basic_btb.cc
g++ @global.options @absolute.options @module.options -MM -MT .csconfig/modules/branch/hashed_perceptron/hashed_perceptron.d -MT .csconfig/modules/branch/hashed_perceptron/hashed_perceptron.o -I.csconfig -MF .csconfig/modules/branch/hashed_perceptron/hashed_perceptron.d branch/hashed_perceptron/hashed_perceptron.cc
g++ @global.options @absolute.options @module.options -MM -MT .csconfig/modules/branch/bimodal/bimodal.d -MT .csconfig/modules/branch/bimodal/bimodal.o -I.csconfig -MF .csconfig/modules/branch/bimodal/bimodal.d branch/bimodal/bimodal.cc
g++ @global.options @absolute.options @module.options -MM -MT .csconfig/modules/branch/perceptron/perceptron.d -MT .csconfig/modules/branch/perceptron/perceptron.o -I.csconfig -MF .csconfig/modules/branch/perceptron/perceptron.d branch/perceptron/perceptron.cc
g++ @global.options @absolute.options @module.options -MM -MT .csconfig/modules/branch/gshare/gshare.d -MT .csconfig/modules/branch/gshare/gshare.o -I.csconfig -MF .csconfig/modules/branch/gshare/gshare.d branch/gshare/gshare.cc
g++ @global.options @absolute.options -MM -MT .csconfig/test/150-fetch-bandwidth.d -MT .csconfig/test/150-fetch-bandwidth.o -I.csconfig -MF .csconfig/test/150-fetch-bandwidth.d test/cpp/src/150-fetch-bandwidth.cc
g++ @global.options @absolute.options -MM -MT .csconfig/test/441-replacement-bypass.d -MT .csconfig/test/441-replacement-bypass.o -I.csconfig -MF .csconfig/test/441-replacement-bypass.d test/cpp/src/441-replacement-bypass.cc
g++ @global.options @absolute.options -MM -MT .csconfig/test/702-dram-refresh.d -MT .csconfig/test/702-dram-refresh.o -I.csconfig -MF .csconfig/test/702-dram-refresh.d test/cpp/src/702-dram-refresh.cc
g++ @global.options @absolute.options -MM -MT .csconfig/test/instr.d -MT .csconfig/test/instr.o -I.csconfig -MF .csconfig/test/instr.d test/cpp/src/instr.cc
g++ @global.options @absolute.options -MM -MT .csconfig/test/034-extent.d -MT .csconfig/test/034-extent.o -I.csconfig -MF .csconfig/test/034-extent.d test/cpp/src/034-extent.cc
g++ @global.options @absolute.options -MM -MT .csconfig/test/082-branch-targets.d -MT .csconfig/test/082-branch-targets.o -I.csconfig -MF .csconfig/test/082-branch-targets.d test/cpp/src/082-branch-targets.cc
g++ @global.options @absolute.options -MM -MT .csconfig/test/402-miss-latency.d -MT .csconfig/test/402-miss-latency.o -I.csconfig -MF .csconfig/test/402-miss-latency.d test/cpp/src/402-miss-latency.cc
g++ @global.options @absolute.options -MM -MT .csconfig/test/413-hit-under-miss.d -MT .csconfig/test/413-hit-under-miss.o -I.csconfig -MF .csconfig/test/413-hit-under-miss.d test/cpp/src/413-hit-under-miss.cc
g++ @global.options @absolute.options -MM -MT .csconfig/test/452-ip-stride-behavior.d -MT .csconfig/test/452-ip-stride-behavior.o -I.csconfig -MF .csconfig/test/452-ip-stride-behavior.d test/cpp/src/452-ip-stride-behavior.cc
g++ @global.options @absolute.options -MM -MT .csconfig/test/174-hashed-perceptron-ghist.d -MT .csconfig/test/174-hashed-perceptron-ghist.o -I.csconfig -MF .csconfig/test/174-hashed-perceptron-ghist.d test/cpp/src/174-hashed-perceptron-ghist.cc
g++ @global.options @absolute.options -MM -MT .csconfig/test/400-cache-occupancy-size.d -MT .csconfig/test/400-cache-occupancy-size.o -I.csconfig -MF .csconfig/test/400-cache-occupancy-size.d test/cpp/src/400-cache-occupancy-size.cc
g++ @global.options @absolute.options -MM -MT .csconfig/test/033-address-arithmetic.d -MT .csconfig/test/033-address-arithmetic.o -I.csconfig -MF .csconfig/test/033-address-arithmetic.d test/cpp/src/033-address-arithmetic.cc
g++ @global.options @absolute.options -MM -MT .csconfig/test/001-operable.d -MT .csconfig/test/001-operable.o -I.csconfig -MF .csconfig/test/001-operable.d test/cpp/src/001-operable.cc
g++ @global.options @absolute.options -MM -MT .csconfig/test/401-hit-latency.d -MT .csconfig/test/401-hit-latency.o -I.csconfig -MF .csconfig/test/401-hit-latency.d test/cpp/src/401-hit-latency.cc
g++ @global.options @absolute.options -MM -MT .csconfig/test/444-srrip-replacement.d -MT .csconfig/test/444-srrip-replacement.o -I.csconfig -MF .csconfig/test/444-srrip-replacement.d test/cpp/src/444-srrip-replacement.cc
g++ @global.options @absolute.options -MM -MT .csconfig/test/420-issue-prefetch.d -MT .csconfig/test/420-issue-prefetch.o -I.csconfig -MF .csconfig/test/420-issue-prefetch.d test/cpp/src/420-issue-prefetch.cc
g++ @global.options @absolute.options -MM -MT .csconfig/test/750-channel-dimensions.d -MT .csconfig/test/750-channel-dimensions.o -I.csconfig -MF .csconfig/test/750-channel-dimensions.d test/cpp/src/750-channel-dimensions.cc
g++ @global.options @absolute.options -MM -MT .csconfig/test/201-register-rename.d -MT .csconfig/test/201-register-rename.o -I.csconfig -MF .csconfig/test/201-register-rename.d test/cpp/src/201-register-rename.cc
g++ @global.options @absolute.options -MM -MT .csconfig/test/041-bitwise_ops.d -MT .csconfig/test/041-bitwise_ops.o -I.csconfig -MF .csconfig/test/041-bitwise_ops.d test/cpp/src/041-bitwise_ops.cc
g++ @global.options @absolute.options -MM -MT .csconfig/test/036-bandwidth.d -MT .csconfig/test/036-bandwidth.o -I.csconfig -MF .csconfig/test/036-bandwidth.d test/cpp/src/036-bandwidth.cc
g++ @global.options @absolute.options -MM -MT .csconfig/test/032-address-slice-dynamic.d -MT .csconfig/test/032-address-slice-dynamic.o -I.csconfig -MF .csconfig/test/032-address-slice-dynamic.d test/cpp/src/032-address-slice-dynamic.cc
g++ @global.options @absolute.options -MM -MT .csconfig/test/798-dram-plain-printer.d -MT .csconfig/test/798-dram-plain-printer.o -I.csconfig -MF .csconfig/test/798-dram-plain-printer.d test/cpp/src/798-dram-plain-printer.cc
g++ @global.options @absolute.options -MM -MT .csconfig/test/084-tracereader-eof.d -MT .csconfig/test/084-tracereader-eof.o -I.csconfig -MF .csconfig/test/084-tracereader-eof.d test/cpp/src/084-tracereader-eof.cc
g++ @global.options @absolute.options -MM -MT .csconfig/test/411-queue-translation-hit.d -MT .csconfig/test/411-queue-translation-hit.o -I.csconfig -MF .csconfig/test/411-queue-translation-hit.d test/cpp/src/411-queue-translation-hit.cc
g++ @global.options @absolute.options -MM -MT .csconfig/test/421-prefetch-fill-level.d -MT .csconfig/test/421-prefetch-fill-level.o -I.csconfig -MF .csconfig/test/421-prefetch-fill-level.d test/cpp/src/421-prefetch-fill-level.cc
g++ @global.options @absolute.options -MM -MT .csconfig/test/802-pte-page.d -MT .csconfig/test/802-pte-page.o -I.csconfig -MF .csconfig/test/802-pte-page.d test/cpp/src/802-pte-page.cc
g++ @global.options @absolute.options -MM -MT .csconfig/test/031-address-slice.d -MT .csconfig/test/031-address-slice.o -I.csconfig -MF .csconfig/test/031-address-slice.d test/cpp/src/031-address-slice.cc
g++ @global.options @absolute.options -MM -MT .csconfig/test/415-translation-collision.d -MT .csconfig/test/415-translation-collision.o -I.csconfig -MF .csconfig/test/415-translation-collision.d test/cpp/src/415-translation-collision.cc
g++ @global.options @absolute.options -MM -MT .csconfig/test/425-useless-prefetch.d -MT .csconfig/test/425-useless-prefetch.o -I.csconfig -MF .csconfig/test/425-useless-prefetch.d test/cpp/src/425-useless-prefetch.cc
g++ @global.options @absolute.options -MM -MT .csconfig/test/422-prefetch-hit.d -MT .csconfig/test/422-prefetch-hit.o -I.csconfig -MF .csconfig/test/422-prefetch-hit.d test/cpp/src/422-prefetch-hit.cc
g++ @global.options @absolute.options -MM -MT .csconfig/test/047-extent-set.d -MT .csconfig/test/047-extent-set.o -I.csconfig -MF .csconfig/test/047-extent-set.d test/cpp/src/047-extent-set.cc
g++ @global.options @absolute.options -MM -MT .csconfig/test/453-va-ampm-lite-behavior.d -MT .csconfig/test/453-va-ampm-lite-behavior.o -I.csconfig -MF .csconfig/test/453-va-ampm-lite-behavior.d test/cpp/src/453-va-ampm-lite-behavior.cc
g++ @global.options @absolute.options -MM -MT .csconfig/test/171-bimodal-branch-predictor.d -MT .csconfig/test/171-bimodal-branch-predictor.o -I.csconfig -MF .csconfig/test/171-bimodal-branch-predictor.d test/cpp/src/171-bimodal-branch-predictor.cc
g++ @global.options @absolute.options -MM -MT .csconfig/test/498-cache-plain-printer.d -MT .csconfig/test/498-cache-plain-printer.o -I.csconfig -MF .csconfig/test/498-cache-plain-printer.d test/cpp/src/498-cache-plain-printer.cc
g++ @global.options @absolute.options -MM -MT .csconfig/test/100-core-latency.d -MT .csconfig/test/100-core-latency.o -I.csconfig -MF .csconfig/test/100-core-latency.d test/cpp/src/100-core-latency.cc
g++ @global.options @absolute.options -MM -MT .csconfig/test/081-tracereader-instr-id.d -MT .csconfig/test/081-tracereader-instr-id.o -I.csconfig -MF .csconfig/test/081-tracereader-instr-id.d test/cpp/src/081-tracereader-instr-id.cc
g++ @global.options @absolute.options -MM -MT .csconfig/test/085-repeatable.d -MT .csconfig/test/085-repeatable.o -I.csconfig -MF .csconfig/test/085-repeatable.d test/cpp/src/085-repeatable.cc
g++ @global.options @absolute.options -MM -MT .csconfig/test/046-is-specialization.d -MT .csconfig/test/046-is-specialization.o -I.csconfig -MF .csconfig/test/046-is-specialization.d test/cpp/src/046-is-specialization.cc
g++ @global.options @absolute.options -MM -MT .csconfig/test/200-rob-scheduling.d -MT .csconfig/test/200-rob-scheduling.o -I.csconfig -MF .csconfig/test/200-rob-scheduling.d test/cpp/src/200-rob-scheduling.cc
g++ @global.options @absolute.options -MM -MT .csconfig/test/410-queue-collision.d -MT .csconfig/test/410-queue-collision.o -I.csconfig -MF .csconfig/test/410-queue-collision.d test/cpp/src/410-queue-collision.cc
g++ @global.options @absolute.options -MM -MT .csconfig/test/601-multiple-inflight-walks.d -MT .csconfig/test/601-multiple-inflight-walks.o -I.csconfig -MF .csconfig/test/601-multiple-inflight-walks.d test/cpp/src/601-multiple-inflight-walks.cc
g++ @global.options @absolute.options -MM -MT .csconfig/test/751-channel-bit-select.d -MT .csconfig/test/751-channel-bit-select.o -I.csconfig -MF .csconfig/test/751-channel-bit-select.d test/cpp/src/751-channel-bit-select.cc
g++ @global.options @absolute.options -MM -MT .csconfig/test/424-duplicate-prefetch.d -MT .csconfig/test/424-duplicate-prefetch.o -I.csconfig -MF .csconfig/test/424-duplicate-prefetch.d test/cpp/src/424-duplicate-prefetch.cc
g++ @global.options @absolute.options -MM -MT .csconfig/test/426-internal-pq-size.d -MT .csconfig/test/426-internal-pq-size.o -I.csconfig -MF .csconfig/test/426-internal-pq-size.d test/cpp/src/426-internal-pq-size.cc
g++ @global.options @absolute.options -MM -MT .csconfig/test/451-next-line-behavior.d -MT .csconfig/test/451-next-line-behavior.o -I.csconfig -MF .csconfig/test/451-next-line-behavior.d test/cpp/src/451-next-line-behavior.cc
g++ @global.options @absolute.options -MM -MT .csconfig/test/801-vmem-duplicated.d -MT .csconfig/test/801-vmem-duplicated.o -I.csconfig -MF .csconfig/test/801-vmem-duplicated.d test/cpp/src/801-vmem-duplicated.cc
g++ @global.options @absolute.options -MM -MT .csconfig/test/430-prefetcher-interface.d -MT .csconfig/test/430-prefetcher-interface.o -I.csconfig -MF .csconfig/test/430-prefetcher-interface.d test/cpp/src/430-prefetcher-interface.cc
g++ @global.options @absolute.options -MM -MT .csconfig/test/406-mshr-merge.d -MT .csconfig/test/406-mshr-merge.o -I.csconfig -MF .csconfig/test/406-mshr-merge.d test/cpp/src/406-mshr-merge.cc
g++ @global.options @absolute.options -MM -MT .csconfig/test/600-ptw-path.d -MT .csconfig/test/600-ptw-path.o -I.csconfig -MF .csconfig/test/600-ptw-path.d test/cpp/src/600-ptw-path.cc
g++ @global.options @absolute.options -MM -MT .csconfig/test/432-prefetch-metadata.d -MT .csconfig/test/432-prefetch-metadata.o -I.csconfig -MF .csconfig/test/432-prefetch-metadata.d test/cpp/src/432-prefetch-metadata.cc
g++ @global.options @absolute.options -MM -MT .csconfig/test/035-data-size.d -MT .csconfig/test/035-data-size.o -I.csconfig -MF .csconfig/test/035-data-size.d test/cpp/src/035-data-size.cc
g++ @global.options @absolute.options -MM -MT .csconfig/test/250-load-scheduling.d -MT .csconfig/test/250-load-scheduling.o -I.csconfig -MF .csconfig/test/250-load-scheduling.d test/cpp/src/250-load-scheduling.cc
g++ @global.options @absolute.options -MM -MT .csconfig/test/414-tag-check-bound.d -MT .csconfig/test/414-tag-check-bound.o -I.csconfig -MF .csconfig/test/414-tag-check-bound.d test/cpp/src/414-tag-check-bound.cc
g++ @global.options @absolute.options -MM -MT .csconfig/test/431-merge-prefetch.d -MT .csconfig/test/431-merge-prefetch.o -I.csconfig -MF .csconfig/test/431-merge-prefetch.d test/cpp/src/431-merge-prefetch.cc
g++ @global.options @absolute.options -MM -MT .csconfig/test/803-vmem-offset.d -MT .csconfig/test/803-vmem-offset.o -I.csconfig -MF .csconfig/test/803-vmem-offset.d test/cpp/src/803-vmem-offset.cc
g++ @global.options @absolute.options -MM -MT .csconfig/test/404-fill-bandwidth.d -MT .csconfig/test/404-fill-bandwidth.o -I.csconfig -MF .csconfig/test/404-fill-bandwidth.d test/cpp/src/404-fill-bandwidth.cc
g++ @global.options @absolute.options -MM -MT .csconfig/test/042-get-span.d -MT .csconfig/test/042-get-span.o -I.csconfig -MF .csconfig/test/042-get-span.d test/cpp/src/042-get-span.cc
g++ @global.options @absolute.options -MM -MT .csconfig/test/602-walk-latency.d -MT .csconfig/test/602-walk-latency.o -I.csconfig -MF .csconfig/test/602-walk-latency.d test/cpp/src/602-walk-latency.cc
g++ @global.options @absolute.options -MM -MT .csconfig/test/443-replacement-interface-selection.d -MT .csconfig/test/443-replacement-interface-selection.o -I.csconfig -MF .csconfig/test/443-replacement-interface-selection.d test/cpp/src/443-replacement-interface-selection.cc
g++ @global.options @absolute.options -MM -MT .csconfig/test/423-prefetcher-activate.d -MT .csconfig/test/423-prefetcher-activate.o -I.csconfig -MF .csconfig/test/423-prefetcher-activate.d test/cpp/src/423-prefetcher-activate.cc
g++ @global.options @absolute.options -MM -MT .csconfig/test/701-dram-scheduler.d -MT .csconfig/test/701-dram-scheduler.o -I.csconfig -MF .csconfig/test/701-dram-scheduler.d test/cpp/src/701-dram-scheduler.cc
g++ @global.options @absolute.options -MM -MT .csconfig/test/407-writeback-dirty.d -MT .csconfig/test/407-writeback-dirty.o -I.csconfig -MF .csconfig/test/407-writeback-dirty.d test/cpp/src/407-writeback-dirty.cc
g++ @global.options @absolute.options -MM -MT .csconfig/test/408-set-independence.d -MT .csconfig/test/408-set-independence.o -I.csconfig -MF .csconfig/test/408-set-independence.d test/cpp/src/408-set-independence.cc
g++ @global.options @absolute.options -MM -MT .csconfig/test/412-queue-translation-miss.d -MT .csconfig/test/412-queue-translation-miss.o -I.csconfig -MF .csconfig/test/412-queue-translation-miss.d test/cpp/src/412-queue-translation-miss.cc
g++ @global.options @absolute.options -MM -MT .csconfig/test/045-transform-while-n.d -MT .csconfig/test/045-transform-while-n.o -I.csconfig -MF .csconfig/test/045-transform-while-n.d test/cpp/src/045-transform-while-n.cc
g++ @global.options @absolute.options -MM -MT .csconfig/test/039-channel-members.d -MT .csconfig/test/039-channel-members.o -I.csconfig -MF .csconfig/test/039-channel-members.d test/cpp/src/039-channel-members.cc
g++ @global.options @absolute.options -MM -MT .csconfig/test/121-dib-inorder.d -MT .csconfig/test/121-dib-inorder.o -I.csconfig -MF .csconfig/test/121-dib-inorder.d test/cpp/src/121-dib-inorder.cc
g++ @global.options @absolute.options -MM -MT .csconfig/test/091-cache-builder.d -MT .csconfig/test/091-cache-builder.o -I.csconfig -MF .csconfig/test/091-cache-builder.d test/cpp/src/091-cache-builder.cc
g++ @global.options @absolute.options -MM -MT .csconfig/test/151-fetch-across-dib-hit.d -MT .csconfig/test/151-fetch-across-dib-hit.o -I.csconfig -MF .csconfig/test/151-fetch-across-dib-hit.d test/cpp/src/151-fetch-across-dib-hit.cc
g++ @global.options @absolute.options -MM -MT .csconfig/test/044-extract.d -MT .csconfig/test/044-extract.o -I.csconfig -MF .csconfig/test/044-extract.d test/cpp/src/044-extract.cc
g++ @global.options @absolute.options -MM -MT .csconfig/test/198-core-plain-printer.d -MT .csconfig/test/198-core-plain-printer.o -I.csconfig -MF .csconfig/test/198-core-plain-printer.d test/cpp/src/198-core-plain-printer.cc
g++ @global.options @absolute.options -MM -MT .csconfig/test/165-basic-btb-no-evict-on-unknown-target.d -MT .csconfig/test/165-basic-btb-no-evict-on-unknown-target.o -I.csconfig -MF .csconfig/test/165-basic-btb-no-evict-on-unknown-target.d test/cpp/src/165-basic-btb-no-evict-on-unknown-target.cc
g++ @global.options @absolute.options -MM -MT .csconfig/test/442-replacement-interface.d -MT .csconfig/test/442-replacement-interface.o -I.csconfig -MF .csconfig/test/442-replacement-interface.d test/cpp/src/442-replacement-interface.cc
g++ @global.options @absolute.options -MM -MT .csconfig/test/070-event-counter.d -MT .csconfig/test/070-event-counter.o -I.csconfig -MF .csconfig/test/070-event-counter.d test/cpp/src/070-event-counter.cc
g++ @global.options @absolute.options -MM -MT .csconfig/test/700-dram-size.d -MT .csconfig/test/700-dram-size.o -I.csconfig -MF .csconfig/test/700-dram-size.d test/cpp/src/700-dram-size.cc
g++ @global.options @absolute.options -MM -MT .csconfig/test/603-pte-page-correctness.d -MT .csconfig/test/603-pte-page-correctness.o -I.csconfig -MF .csconfig/test/603-pte-page-correctness.d test/cpp/src/603-pte-page-correctness.cc
g++ @global.options @absolute.options -MM -MT .csconfig/test/038-channel-occupancy-size.d -MT .csconfig/test/038-channel-occupancy-size.o -I.csconfig -MF .csconfig/test/038-channel-occupancy-size.d test/cpp/src/038-channel-occupancy-size.cc
g++ @global.options @absolute.options -MM -MT .csconfig/test/120-dib-bypass-decode.d -MT .csconfig/test/120-dib-bypass-decode.o -I.csconfig -MF .csconfig/test/120-dib-bypass-decode.d test/cpp/src/120-dib-bypass-decode.cc
g++ @global.options @absolute.options -MM -MT .csconfig/test/083-decompress-stream.d -MT .csconfig/test/083-decompress-stream.o -I.csconfig -MF .csconfig/test/083-decompress-stream.d test/cpp/src/083-decompress-stream.cc
g++ @global.options @absolute.options -MM -MT .csconfig/test/403-read-bandwidth.d -MT .csconfig/test/403-read-bandwidth.o -I.csconfig -MF .csconfig/test/403-read-bandwidth.d test/cpp/src/403-read-bandwidth.cc
g++ @global.options @absolute.options -MM -MT .csconfig/test/092-ptw-builder.d -MT .csconfig/test/092-ptw-builder.o -I.csconfig -MF .csconfig/test/092-ptw-builder.d test/cpp/src/092-ptw-builder.cc
g++ @global.options @absolute.options -MM -MT .csconfig/test/405-fill-eviction.d -MT .csconfig/test/405-fill-eviction.o -I.csconfig -MF .csconfig/test/405-fill-eviction.d test/cpp/src/405-fill-eviction.cc
g++ @global.options @absolute.options -MM -MT .csconfig/test/140-single-dib-lookup.d -MT .csconfig/test/140-single-dib-lookup.o -I.csconfig -MF .csconfig/test/140-single-dib-lookup.d test/cpp/src/140-single-dib-lookup.cc
g++ @global.options @absolute.options -MM -MT .csconfig/test/030-address-ops.d -MT .csconfig/test/030-address-ops.o -I.csconfig -MF .csconfig/test/030-address-ops.d test/cpp/src/030-address-ops.cc
g++ @global.options @absolute.options -MM -MT .csconfig/test/040-lru-table.d -MT .csconfig/test/040-lru-table.o -I.csconfig -MF .csconfig/test/040-lru-table.d test/cpp/src/040-lru-table.cc
g++ @global.options @absolute.options -MM -MT .csconfig/test/300-retire-from-rob.d -MT .csconfig/test/300-retire-from-rob.o -I.csconfig -MF .csconfig/test/300-retire-from-rob.d test/cpp/src/300-retire-from-rob.cc
g++ @global.options @absolute.options -MM -MT .csconfig/test/TEST_000-test-main.d -MT .csconfig/test/TEST_000-test-main.o -I.csconfig -MF .csconfig/test/TEST_000-test-main.d test/cpp/src/000-test-main.cc
g++ @global.options @absolute.options -MM -MT .csconfig/test/080-tracereader.d -MT .csconfig/test/080-tracereader.o -I.csconfig -MF .csconfig/test/080-tracereader.d test/cpp/src/080-tracereader.cc
g++ @global.options @absolute.options -MM -MT .csconfig/test/900-btb-bounds-check.d -MT .csconfig/test/900-btb-bounds-check.o -I.csconfig -MF .csconfig/test/900-btb-bounds-check.d test/cpp/src/900-btb-bounds-check.cc
g++ @global.options @absolute.options -MM -MT .csconfig/test/037-waitable.d -MT .csconfig/test/037-waitable.o -I.csconfig -MF .csconfig/test/037-waitable.d test/cpp/src/037-waitable.cc
g++ @global.options @absolute.options -MM -MT .csconfig/test/166-issue296-basic-btb-no-mispredict-on-not-taken.d -MT .csconfig/test/166-issue296-basic-btb-no-mispredict-on-not-taken.o -I.csconfig -MF .csconfig/test/166-issue296-basic-btb-no-mispredict-on-not-taken.d test/cpp/src/166-issue296-basic-btb-no-mispredict-on-not-taken.cc
g++ @global.options @absolute.options -MM -MT .csconfig/test/043-fwcounter.d -MT .csconfig/test/043-fwcounter.o -I.csconfig -MF .csconfig/test/043-fwcounter.d test/cpp/src/043-fwcounter.cc
g++ @global.options @absolute.options -MM -MT .csconfig/modules.d -MT .csconfig/modules.o -I.csconfig -MF .csconfig/modules.d src/modules.cc
g++ @global.options @absolute.options -MM -MT .csconfig/chrono.d -MT .csconfig/chrono.o -I.csconfig -MF .csconfig/chrono.d src/chrono.cc
g++ @global.options @absolute.options -MM -MT .csconfig/dram_controller.d -MT .csconfig/dram_controller.o -I.csconfig -MF .csconfig/dram_controller.d src/dram_controller.cc
g++ @global.options @absolute.options -MM -MT .csconfig/dram_stats.d -MT .csconfig/dram_stats.o -I.csconfig -MF .csconfig/dram_stats.d src/dram_stats.cc
g++ @global.options @absolute.options -MM -MT .csconfig/core_stats.d -MT .csconfig/core_stats.o -I.csconfig -MF .csconfig/core_stats.d src/core_stats.cc
g++ @global.options @absolute.options -MM -MT .csconfig/champsim.d -MT .csconfig/champsim.o -I.csconfig -MF .csconfig/champsim.d src/champsim.cc
g++ @global.options @absolute.options -MM -MT .csconfig/vmem.d -MT .csconfig/vmem.o -I.csconfig -MF .csconfig/vmem.d src/vmem.cc
g++ @global.options @absolute.options -MM -MT .csconfig/cache.d -MT .csconfig/cache.o -I.csconfig -MF .csconfig/cache.d src/cache.cc
g++ @global.options @absolute.options -MM -MT .csconfig/8908d0664ccc86a8_main.d -MT .csconfig/8908d0664ccc86a8_main.o -I.csconfig -DCHAMPSIM_BUILD=0x8908d0664ccc86a8 -MF .csconfig/8908d0664ccc86a8_main.d src/main.cc
g++ @global.options @absolute.options -MM -MT .csconfig/ooo_cpu.d -MT .csconfig/ooo_cpu.o -I.csconfig -MF .csconfig/ooo_cpu.d src/ooo_cpu.cc
g++ @global.options @absolute.options -MM -MT .csconfig/tracereader.d -MT .csconfig/tracereader.o -I.csconfig -MF .csconfig/tracereader.d src/tracereader.cc
g++ @global.options @absolute.options -MM -MT .csconfig/extent.d -MT .csconfig/extent.o -I.csconfig -MF .csconfig/extent.d src/extent.cc
g++ @global.options @absolute.options -MM -MT .csconfig/json_printer.d -MT .csconfig/json_printer.o -I.csconfig -MF .csconfig/json_printer.d src/json_printer.cc
g++ @global.options @absolute.options -MM -MT .csconfig/plain_printer.d -MT .csconfig/plain_printer.o -I.csconfig -MF .csconfig/plain_printer.d src/plain_printer.cc
g++ @global.options @absolute.options -MM -MT .csconfig/operable.d -MT .csconfig/operable.o -I.csconfig -MF .csconfig/operable.d src/operable.cc
g++ @global.options @absolute.options -MM -MT .csconfig/bandwidth.d -MT .csconfig/bandwidth.o -I.csconfig -MF .csconfig/bandwidth.d src/bandwidth.cc
g++ @global.options @absolute.options -MM -MT .csconfig/address.d -MT .csconfig/address.o -I.csconfig -MF .csconfig/address.d src/address.cc
g++ @global.options @absolute.options -MM -MT .csconfig/generated_environment.d -MT .csconfig/generated_environment.o -I.csconfig -MF .csconfig/generated_environment.d src/generated_environment.cc
g++ @global.options @absolute.options -MM -MT .csconfig/channel.d -MT .csconfig/channel.o -I.csconfig -MF .csconfig/channel.d src/channel.cc
g++ @global.options @absolute.options -MM -MT .csconfig/ptw.d -MT .csconfig/ptw.o -I.csconfig -MF .csconfig/ptw.d src/ptw.cc
g++ @global.options @absolute.options -MM -MT .csconfig/cache_stats.d -MT .csconfig/cache_stats.o -I.csconfig -MF .csconfig/cache_stats.d src/cache_stats.cc
g++ @global.options @absolute.options -MM -MT .csconfig/ptw_builder.d -MT .csconfig/ptw_builder.o -I.csconfig -MF .csconfig/ptw_builder.d src/ptw_builder.cc
g++ @global.options @absolute.options -MM -MT .csconfig/register_allocator.d -MT .csconfig/register_allocator.o -I.csconfig -MF .csconfig/register_allocator.d src/register_allocator.cc
g++ @global.options @absolute.options -MM -MT .csconfig/TEST_main.d -MT .csconfig/TEST_main.o -I.csconfig -DCHAMPSIM_BUILD=0xTEST -MF .csconfig/TEST_main.d src/main.cc
g++ @global.options @absolute.options -I.csconfig  -c -o .csconfig/register_allocator.o src/register_allocator.cc
g++ @global.options @absolute.options -I.csconfig  -c -o .csconfig/ptw_builder.o src/ptw_builder.cc
g++ @global.options @absolute.options -I.csconfig  -c -o .csconfig/cache_stats.o src/cache_stats.cc
g++ @global.options @absolute.options -I.csconfig  -c -o .csconfig/ptw.o src/ptw.cc
g++ @global.options @absolute.options -I.csconfig  -c -o .csconfig/channel.o src/channel.cc
g++ @global.options @absolute.options -I.csconfig  -c -o .csconfig/generated_environment.o src/generated_environment.cc
g++ @global.options @absolute.options -I.csconfig  -c -o .csconfig/address.o src/address.cc
g++ @global.options @absolute.options -I.csconfig  -c -o .csconfig/bandwidth.o src/bandwidth.cc
g++ @global.options @absolute.options -I.csconfig  -c -o .csconfig/operable.o src/operable.cc
g++ @global.options @absolute.options -I.csconfig  -c -o .csconfig/plain_printer.o src/plain_printer.cc
g++ @global.options @absolute.options -I.csconfig  -c -o .csconfig/json_printer.o src/json_printer.cc
g++ @global.options @absolute.options -I.csconfig  -c -o .csconfig/extent.o src/extent.cc
g++ @global.options @absolute.options -I.csconfig  -c -o .csconfig/tracereader.o src/tracereader.cc
g++ @global.options @absolute.options -I.csconfig  -c -o .csconfig/ooo_cpu.o src/ooo_cpu.cc
g++ @global.options @absolute.options -I.csconfig -DCHAMPSIM_BUILD=0x8908d0664ccc86a8  -c -o .csconfig/8908d0664ccc86a8_main.o src/main.cc
g++ @global.options @absolute.options -I.csconfig  -c -o .csconfig/cache.o src/cache.cc
g++ @global.options @absolute.options -I.csconfig  -c -o .csconfig/vmem.o src/vmem.cc
g++ @global.options @absolute.options -I.csconfig  -c -o .csconfig/champsim.o src/champsim.cc
g++ @global.options @absolute.options -I.csconfig  -c -o .csconfig/core_stats.o src/core_stats.cc
g++ @global.options @absolute.options -I.csconfig  -c -o .csconfig/dram_stats.o src/dram_stats.cc
g++ @global.options @absolute.options -I.csconfig  -c -o .csconfig/dram_controller.o src/dram_controller.cc
g++ @global.options @absolute.options -I.csconfig  -c -o .csconfig/chrono.o src/chrono.cc
g++ @global.options @absolute.options -I.csconfig  -c -o .csconfig/modules.o src/modules.cc
g++ @global.options @absolute.options @module.options -I.csconfig  -c -o .csconfig/modules/branch/gshare/gshare.o branch/gshare/gshare.cc
g++ @global.options @absolute.options @module.options -I.csconfig  -c -o .csconfig/modules/branch/perceptron/perceptron.o branch/perceptron/perceptron.cc
g++ @global.options @absolute.options @module.options -I.csconfig  -c -o .csconfig/modules/branch/bimodal/bimodal.o branch/bimodal/bimodal.cc
g++ @global.options @absolute.options @module.options -I.csconfig  -c -o .csconfig/modules/branch/hashed_perceptron/hashed_perceptron.o branch/hashed_perceptron/hashed_perceptron.cc
g++ @global.options @absolute.options @module.options -I.csconfig  -c -o .csconfig/modules/btb/basic_btb/basic_btb.o btb/basic_btb/basic_btb.cc
g++ @global.options @absolute.options @module.options -I.csconfig  -c -o .csconfig/modules/btb/basic_btb/indirect_predictor.o btb/basic_btb/indirect_predictor.cc
g++ @global.options @absolute.options @module.options -I.csconfig  -c -o .csconfig/modules/btb/basic_btb/return_stack.o btb/basic_btb/return_stack.cc
g++ @global.options @absolute.options @module.options -I.csconfig  -c -o .csconfig/modules/btb/basic_btb/direct_predictor.o btb/basic_btb/direct_predictor.cc
g++ @global.options @absolute.options @module.options -I.csconfig  -c -o .csconfig/modules/prefetcher/prism/prism.o prefetcher/prism/prism.cc
g++ @global.options @absolute.options @module.options -I.csconfig  -c -o .csconfig/modules/prefetcher/lfutp/lfutp.o prefetcher/lfutp/lfutp.cc
g++ @global.options @absolute.options @module.options -I.csconfig  -c -o .csconfig/modules/prefetcher/prophet/prophet.o prefetcher/prophet/prophet.cc
g++ @global.options @absolute.options @module.options -I.csconfig  -c -o .csconfig/modules/prefetcher/no/no.o prefetcher/no/no.cc
g++ @global.options @absolute.options @module.options -I.csconfig  -c -o .csconfig/modules/prefetcher/triangel/triangel.o prefetcher/triangel/triangel.cc
g++ @global.options @absolute.options @module.options -I.csconfig  -c -o .csconfig/modules/prefetcher/infpctable/infpctable.o prefetcher/infpctable/infpctable.cc
g++ @global.options @absolute.options @module.options -I.csconfig  -c -o .csconfig/modules/prefetcher/next_line/next_line.o prefetcher/next_line/next_line.cc
g++ @global.options @absolute.options @module.options -I.csconfig  -c -o .csconfig/modules/prefetcher/shtp/shtp.o prefetcher/shtp/shtp.cc
g++ @global.options @absolute.options @module.options -I.csconfig  -c -o .csconfig/modules/prefetcher/resize_tr/resize_tr.o prefetcher/resize_tr/resize_tr.cc
g++ @global.options @absolute.options @module.options -I.csconfig  -c -o .csconfig/modules/prefetcher/ip_stride/ip_stride.o prefetcher/ip_stride/ip_stride.cc
g++ @global.options @absolute.options @module.options -I.csconfig  -c -o .csconfig/modules/prefetcher/baseline/baseline.o prefetcher/baseline/baseline.cc
g++ @global.options @absolute.options @module.options -I.csconfig  -c -o .csconfig/modules/prefetcher/srtp/srtp.o prefetcher/srtp/srtp.cc
g++ @global.options @absolute.options @module.options -I.csconfig  -c -o .csconfig/modules/prefetcher/conftp/conftp.o prefetcher/conftp/conftp.cc
g++ @global.options @absolute.options @module.options -I.csconfig  -c -o .csconfig/modules/prefetcher/resize_kr/resize_kr.o prefetcher/resize_kr/resize_kr.cc
g++ @global.options @absolute.options @module.options -I.csconfig  -c -o .csconfig/modules/prefetcher/filtetp/filtetp.o prefetcher/filtetp/filtetp.cc
g++ @global.options @absolute.options @module.options -I.csconfig  -c -o .csconfig/modules/prefetcher/infmt/infmt.o prefetcher/infmt/infmt.cc
g++ @global.options @absolute.options @module.options -I.csconfig  -c -o .csconfig/modules/prefetcher/earlytp/earlytp.o prefetcher/earlytp/earlytp.cc
g++ @global.options @absolute.options @module.options -I.csconfig  -c -o .csconfig/modules/prefetcher/ipcp/ipcp.o prefetcher/ipcp/ipcp.cc
g++ @global.options @absolute.options @module.options -I.csconfig  -c -o .csconfig/modules/prefetcher/resize_pr/resize_pr.o prefetcher/resize_pr/resize_pr.cc
g++ @global.options @absolute.options @module.options -I.csconfig  -c -o .csconfig/modules/prefetcher/vberti/vberti.o prefetcher/vberti/vberti.cc
g++ @global.options @absolute.options @module.options -I.csconfig  -c -o .csconfig/modules/prefetcher/croage/croage.o prefetcher/croage/croage.cc
g++ @global.options @absolute.options @module.options -I.csconfig  -c -o .csconfig/modules/prefetcher/pctp/pctp.o prefetcher/pctp/pctp.cc
g++ @global.options @absolute.options @module.options -I.csconfig  -c -o .csconfig/modules/prefetcher/latetp/latetp.o prefetcher/latetp/latetp.cc
g++ @global.options @absolute.options @module.options -I.csconfig  -c -o .csconfig/modules/prefetcher/brtp/brtp.o prefetcher/brtp/brtp.cc
g++ @global.options @absolute.options @module.options -I.csconfig  -c -o .csconfig/modules/prefetcher/drtp/drtp.o prefetcher/drtp/drtp.cc
g++ @global.options @absolute.options @module.options -I.csconfig  -c -o .csconfig/modules/prefetcher/ptp/ptp.o prefetcher/ptp/ptp.cc
g++ @global.options @absolute.options @module.options -I.csconfig  -c -o .csconfig/modules/prefetcher/resize/resize.o prefetcher/resize/resize.cc
g++ @global.options @absolute.options @module.options -I.csconfig  -c -o .csconfig/modules/prefetcher/kairos/kairos.o prefetcher/kairos/kairos.cc
g++ @global.options @absolute.options @module.options -I.csconfig  -c -o .csconfig/modules/prefetcher/spp_dev/spp_dev.o prefetcher/spp_dev/spp_dev.cc
g++ @global.options @absolute.options @module.options -I.csconfig  -c -o .csconfig/modules/prefetcher/rndtp/rndtp.o prefetcher/rndtp/rndtp.cc
g++ @global.options @absolute.options @module.options -I.csconfig  -c -o .csconfig/modules/prefetcher/va_ampm_lite/va_ampm_lite.o prefetcher/va_ampm_lite/va_ampm_lite.cc
g++ @global.options @absolute.options @module.options -I.csconfig  -c -o .csconfig/modules/replacement/srrip/srrip.o replacement/srrip/srrip.cc
g++ @global.options @absolute.options @module.options -I.csconfig  -c -o .csconfig/modules/replacement/lru/lru.o replacement/lru/lru.cc
g++ @global.options @absolute.options @module.options -I.csconfig  -c -o .csconfig/modules/replacement/ship/ship.o replacement/ship/ship.cc
g++ @global.options @absolute.options @module.options -I.csconfig  -c -o .csconfig/modules/replacement/drrip/drrip.o replacement/drrip/drrip.cc
g++ @global.options @absolute.options @module.options -I.csconfig  -c -o .csconfig/modules/replacement/random/random.o replacement/random/random.cc

=== STDERR ===
In file included from prefetcher/drtp/drtp.h:16,
                 from prefetcher/drtp/drtp.cc:1:
/mnt/data/lyq/Kairos/inc/bakshalipour_framework.h: In constructor ‘Table::Table(int, int)’:
/mnt/data/lyq/Kairos/inc/bakshalipour_framework.h:25:32: warning: declaration of ‘height’ shadows a member of ‘Table’ [-Wshadow]
   Table(int width, int height) : width(width), height(height), cells(height, vector<string>(width)) {}
                                ^
/mnt/data/lyq/Kairos/inc/bakshalipour_framework.h:129:12: note: shadowed declaration is here
   unsigned height;
            ^~~~~~
/mnt/data/lyq/Kairos/inc/bakshalipour_framework.h:25:32: warning: declaration of ‘width’ shadows a member of ‘Table’ [-Wshadow]
   Table(int width, int height) : width(width), height(height), cells(height, vector<string>(width)) {}
                                ^
/mnt/data/lyq/Kairos/inc/bakshalipour_framework.h:128:12: note: shadowed declaration is here
   unsigned width;
            ^~~~~
In file included from prefetcher/resize_tr/resize_tr.h:16,
                 from prefetcher/resize_tr/resize_tr.cc:1:
/mnt/data/lyq/Kairos/inc/bakshalipour_framework.h: In constructor ‘Table::Table(int, int)’:
/mnt/data/lyq/Kairos/inc/bakshalipour_framework.h:25:32: warning: declaration of ‘height’ shadows a member of ‘Table’ [-Wshadow]
   Table(int width, int height) : width(width), height(height), cells(height, vector<string>(width)) {}
                                ^
/mnt/data/lyq/Kairos/inc/bakshalipour_framework.h:129:12: note: shadowed declaration is here
   unsigned height;
            ^~~~~~
/mnt/data/lyq/Kairos/inc/bakshalipour_framework.h:25:32: warning: declaration of ‘width’ shadows a member of ‘Table’ [-Wshadow]
   Table(int width, int height) : width(width), height(height), cells(height, vector<string>(width)) {}
                                ^
/mnt/data/lyq/Kairos/inc/bakshalipour_framework.h:128:12: note: shadowed declaration is here
   unsigned width;
            ^~~~~
In file included from prefetcher/resize_kr/resize_kr.h:16,
                 from prefetcher/resize_kr/resize_kr.cc:1:
/mnt/data/lyq/Kairos/inc/bakshalipour_framework.h: In constructor ‘Table::Table(int, int)’:
/mnt/data/lyq/Kairos/inc/bakshalipour_framework.h:25:32: warning: declaration of ‘height’ shadows a member of ‘Table’ [-Wshadow]
   Table(int width, int height) : width(width), height(height), cells(height, vector<string>(width)) {}
                                ^
/mnt/data/lyq/Kairos/inc/bakshalipour_framework.h:129:12: note: shadowed declaration is here
   unsigned height;
            ^~~~~~
/mnt/data/lyq/Kairos/inc/bakshalipour_framework.h:25:32: warning: declaration of ‘width’ shadows a member of ‘Table’ [-Wshadow]
   Table(int width, int height) : width(width), height(height), cells(height, vector<string>(width)) {}
                                ^
/mnt/data/lyq/Kairos/inc/bakshalipour_framework.h:128:12: note: shadowed declaration is here
   unsigned width;
            ^~~~~
In file included from prefetcher/infpctable/infpctable.h:16,
                 from prefetcher/infpctable/infpctable.cc:1:
/mnt/data/lyq/Kairos/inc/bakshalipour_framework.h: In constructor ‘Table::Table(int, int)’:
/mnt/data/lyq/Kairos/inc/bakshalipour_framework.h:25:32: warning: declaration of ‘height’ shadows a member of ‘Table’ [-Wshadow]
   Table(int width, int height) : width(width), height(height), cells(height, vector<string>(width)) {}
                                ^
/mnt/data/lyq/Kairos/inc/bakshalipour_framework.h:129:12: note: shadowed declaration is here
   unsigned height;
            ^~~~~~
/mnt/data/lyq/Kairos/inc/bakshalipour_framework.h:25:32: warning: declaration of ‘width’ shadows a member of ‘Table’ [-Wshadow]
   Table(int width, int height) : width(width), height(height), cells(height, vector<string>(width)) {}
                                ^
/mnt/data/lyq/Kairos/inc/bakshalipour_framework.h:128:12: note: shadowed declaration is here
   unsigned width;
            ^~~~~
In file included from prefetcher/prophet/prophet.h:16,
                 from prefetcher/prophet/prophet.cc:1:
/mnt/data/lyq/Kairos/inc/bakshalipour_framework.h: In constructor ‘Table::Table(int, int)’:
/mnt/data/lyq/Kairos/inc/bakshalipour_framework.h:25:32: warning: declaration of ‘height’ shadows a member of ‘Table’ [-Wshadow]
   Table(int width, int height) : width(width), height(height), cells(height, vector<string>(width)) {}
                                ^
/mnt/data/lyq/Kairos/inc/bakshalipour_framework.h:129:12: note: shadowed declaration is here
   unsigned height;
            ^~~~~~
/mnt/data/lyq/Kairos/inc/bakshalipour_framework.h:25:32: warning: declaration of ‘width’ shadows a member of ‘Table’ [-Wshadow]
   Table(int width, int height) : width(width), height(height), cells(height, vector<string>(width)) {}
                                ^
/mnt/data/lyq/Kairos/inc/bakshalipour_framework.h:128:12: note: shadowed declaration is here
   unsigned width;
            ^~~~~
In file included from prefetcher/ipcp/ipcp.cc:8:
prefetcher/ipcp/ipcp.h:60:27: error: ‘NUM_IP_TABLE_L1_ENTRIES’ was not declared in this scope
   IP_TABLE_L1 trackers_l1[NUM_IP_TABLE_L1_ENTRIES];
                           ^~~~~~~~~~~~~~~~~~~~~~~
In file included from prefetcher/conftp/conftp.h:16,
                 from prefetcher/conftp/conftp.cc:1:
/mnt/data/lyq/Kairos/inc/bakshalipour_framework.h: In constructor ‘Table::Table(int, int)’:
/mnt/data/lyq/Kairos/inc/bakshalipour_framework.h:25:32: warning: declaration of ‘height’ shadows a member of ‘Table’ [-Wshadow]
   Table(int width, int height) : width(width), height(height), cells(height, vector<string>(width)) {}
                                ^
/mnt/data/lyq/Kairos/inc/bakshalipour_framework.h:129:12: note: shadowed declaration is here
   unsigned height;
            ^~~~~~
/mnt/data/lyq/Kairos/inc/bakshalipour_framework.h:25:32: warning: declaration of ‘width’ shadows a member of ‘Table’ [-Wshadow]
   Table(int width, int height) : width(width), height(height), cells(height, vector<string>(width)) {}
                                ^
/mnt/data/lyq/Kairos/inc/bakshalipour_framework.h:128:12: note: shadowed declaration is here
   unsigned width;
            ^~~~~
In file included from prefetcher/filtetp/filtetp.h:16,
                 from prefetcher/filtetp/filtetp.cc:1:
/mnt/data/lyq/Kairos/inc/bakshalipour_framework.h: In constructor ‘Table::Table(int, int)’:
/mnt/data/lyq/Kairos/inc/bakshalipour_framework.h:25:32: warning: declaration of ‘height’ shadows a member of ‘Table’ [-Wshadow]
   Table(int width, int height) : width(width), height(height), cells(height, vector<string>(width)) {}
                                ^
/mnt/data/lyq/Kairos/inc/bakshalipour_framework.h:129:12: note: shadowed declaration is here
   unsigned height;
            ^~~~~~
/mnt/data/lyq/Kairos/inc/bakshalipour_framework.h:25:32: warning: declaration of ‘width’ shadows a member of ‘Table’ [-Wshadow]
   Table(int width, int height) : width(width), height(height), cells(height, vector<string>(width)) {}
                                ^
/mnt/data/lyq/Kairos/inc/bakshalipour_framework.h:128:12: note: shadowed declaration is here
   unsigned width;
            ^~~~~
prefetcher/ipcp/ipcp.h:62:19: error: ‘NUM_GHB_ENTRIES’ was not declared in this scope
   uint64_t ghb_l1[NUM_GHB_ENTRIES];
                   ^~~~~~~~~~~~~~~
In file included from prefetcher/earlytp/earlytp.h:16,
                 from prefetcher/earlytp/earlytp.cc:1:
/mnt/data/lyq/Kairos/inc/bakshalipour_framework.h: In constructor ‘Table::Table(int, int)’:
/mnt/data/lyq/Kairos/inc/bakshalipour_framework.h:25:32: warning: declaration of ‘height’ shadows a member of ‘Table’ [-Wshadow]
   Table(int width, int height) : width(width), height(height), cells(height, vector<string>(width)) {}
                                ^
/mnt/data/lyq/Kairos/inc/bakshalipour_framework.h:129:12: note: shadowed declaration is here
   unsigned height;
            ^~~~~~
/mnt/data/lyq/Kairos/inc/bakshalipour_framework.h:25:32: warning: declaration of ‘width’ shadows a member of ‘Table’ [-Wshadow]
   Table(int width, int height) : width(width), height(height), cells(height, vector<string>(width)) {}
                                ^
/mnt/data/lyq/Kairos/inc/bakshalipour_framework.h:128:12: note: shadowed declaration is here
   unsigned width;
            ^~~~~
In file included from prefetcher/shtp/shtp.h:16,
                 from prefetcher/shtp/shtp.cc:1:
/mnt/data/lyq/Kairos/inc/bakshalipour_framework.h: In constructor ‘Table::Table(int, int)’:
/mnt/data/lyq/Kairos/inc/bakshalipour_framework.h:25:32: warning: declaration of ‘height’ shadows a member of ‘Table’ [-Wshadow]
   Table(int width, int height) : width(width), height(height), cells(height, vector<string>(width)) {}
                                ^
/mnt/data/lyq/Kairos/inc/bakshalipour_framework.h:129:12: note: shadowed declaration is here
   unsigned height;
            ^~~~~~
/mnt/data/lyq/Kairos/inc/bakshalipour_framework.h:25:32: warning: declaration of ‘width’ shadows a member of ‘Table’ [-Wshadow]
   Table(int width, int height) : width(width), height(height), cells(height, vector<string>(width)) {}
                                ^
/mnt/data/lyq/Kairos/inc/bakshalipour_framework.h:128:12: note: shadowed declaration is here
   unsigned width;
            ^~~~~
In file included from prefetcher/lfutp/lfutp.h:16,
                 from prefetcher/lfutp/lfutp.cc:1:
/mnt/data/lyq/Kairos/inc/bakshalipour_framework.h: In constructor ‘Table::Table(int, int)’:
/mnt/data/lyq/Kairos/inc/bakshalipour_framework.h:25:32: warning: declaration of ‘height’ shadows a member of ‘Table’ [-Wshadow]
   Table(int width, int height) : width(width), height(height), cells(height, vector<string>(width)) {}
                                ^
/mnt/data/lyq/Kairos/inc/bakshalipour_framework.h:129:12: note: shadowed declaration is here
   unsigned height;
            ^~~~~~
/mnt/data/lyq/Kairos/inc/bakshalipour_framework.h:25:32: warning: declaration of ‘width’ shadows a member of ‘Table’ [-Wshadow]
   Table(int width, int height) : width(width), height(height), cells(height, vector<string>(width)) {}
                                ^
/mnt/data/lyq/Kairos/inc/bakshalipour_framework.h:128:12: note: shadowed declaration is here
   unsigned width;
            ^~~~~
/mnt/data/lyq/Kairos/inc/bakshalipour_framework.h: In constructor ‘SetAssociativeCache<T>::SetAssociativeCache(int, int, int)’:
/mnt/data/lyq/Kairos/inc/bakshalipour_framework.h:148:7: warning: declaration of ‘debug_level’ shadows a member of ‘SetAssociativeCache<T>’ [-Wshadow]
       : size(size), num_ways(num_ways), num_sets(size / num_ways), entries(num_sets, vector<Entry>(num_ways)), cams(num_sets), debug_level(debug_level)
       ^
In file included from prefetcher/drtp/drtp.h:16,
                 from prefetcher/drtp/drtp.cc:1:
/mnt/data/lyq/Kairos/inc/bakshalipour_framework.h:285:21: note: shadowed declaration is here
   int debug_level = 0;
                     ^
In file included from prefetcher/drtp/drtp.h:16,
                 from prefetcher/drtp/drtp.cc:1:
/mnt/data/lyq/Kairos/inc/bakshalipour_framework.h:148:7: warning: declaration of ‘num_ways’ shadows a member of ‘SetAssociativeCache<T>’ [-Wshadow]
       : size(size), num_ways(num_ways), num_sets(size / num_ways), entries(num_sets, vector<Entry>(num_ways)), cams(num_sets), debug_level(debug_level)
       ^
In file included from prefetcher/drtp/drtp.h:16,
                 from prefetcher/drtp/drtp.cc:1:
/mnt/data/lyq/Kairos/inc/bakshalipour_framework.h:280:7: note: shadowed declaration is here
   int num_ways;
       ^~~~~~~~
In file included from prefetcher/drtp/drtp.h:16,
                 from prefetcher/drtp/drtp.cc:1:
/mnt/data/lyq/Kairos/inc/bakshalipour_framework.h:148:7: warning: declaration of ‘size’ shadows a member of ‘SetAssociativeCache<T>’ [-Wshadow]
       : size(size), num_ways(num_ways), num_sets(size / num_ways), entries(num_sets, vector<Entry>(num_ways)), cams(num_sets), debug_level(debug_level)
       ^
In file included from prefetcher/drtp/drtp.h:16,
                 from prefetcher/drtp/drtp.cc:1:
/mnt/data/lyq/Kairos/inc/bakshalipour_framework.h:279:7: note: shadowed declaration is here
   int size;
       ^~~~
In file included from prefetcher/resize_pr/resize_pr.h:16,
                 from prefetcher/resize_pr/resize_pr.cc:1:
/mnt/data/lyq/Kairos/inc/bakshalipour_framework.h: In constructor ‘Table::Table(int, int)’:
/mnt/data/lyq/Kairos/inc/bakshalipour_framework.h:25:32: warning: declaration of ‘height’ shadows a member of ‘Table’ [-Wshadow]
   Table(int width, int height) : width(width), height(height), cells(height, vector<string>(width)) {}
                                ^
/mnt/data/lyq/Kairos/inc/bakshalipour_framework.h:129:12: note: shadowed declaration is here
   unsigned height;
            ^~~~~~
/mnt/data/lyq/Kairos/inc/bakshalipour_framework.h:25:32: warning: declaration of ‘width’ shadows a member of ‘Table’ [-Wshadow]
   Table(int width, int height) : width(width), height(height), cells(height, vector<string>(width)) {}
                                ^
/mnt/data/lyq/Kairos/inc/bakshalipour_framework.h:128:12: note: shadowed declaration is here
   unsigned width;
            ^~~~~
In file included from prefetcher/srtp/srtp.h:16,
                 from prefetcher/srtp/srtp.cc:1:
/mnt/data/lyq/Kairos/inc/bakshalipour_framework.h: In constructor ‘Table::Table(int, int)’:
/mnt/data/lyq/Kairos/inc/bakshalipour_framework.h:25:32: warning: declaration of ‘height’ shadows a member of ‘Table’ [-Wshadow]
   Table(int width, int height) : width(width), height(height), cells(height, vector<string>(width)) {}
                                ^
/mnt/data/lyq/Kairos/inc/bakshalipour_framework.h:129:12: note: shadowed declaration is here
   unsigned height;
            ^~~~~~
/mnt/data/lyq/Kairos/inc/bakshalipour_framework.h:25:32: warning: declaration of ‘width’ shadows a member of ‘Table’ [-Wshadow]
   Table(int width, int height) : width(width), height(height), cells(height, vector<string>(width)) {}
                                ^
/mnt/data/lyq/Kairos/inc/bakshalipour_framework.h:128:12: note: shadowed declaration is here
   unsigned width;
            ^~~~~
/mnt/data/lyq/Kairos/inc/bakshalipour_framework.h: In constructor ‘SetAssociativeCache<T>::SetAssociativeCache(int, int, int)’:
/mnt/data/lyq/Kairos/inc/bakshalipour_framework.h:148:7: warning: declaration of ‘debug_level’ shadows a member of ‘SetAssociativeCache<T>’ [-Wshadow]
       : size(size), num_ways(num_ways), num_sets(size / num_ways), entries(num_sets, vector<Entry>(num_ways)), cams(num_sets), debug_level(debug_level)
       ^
In file included from prefetcher/resize_tr/resize_tr.h:16,
                 from prefetcher/resize_tr/resize_tr.cc:1:
/mnt/data/lyq/Kairos/inc/bakshalipour_framework.h:285:21: note: shadowed declaration is here
   int debug_level = 0;
                     ^
In file included from prefetcher/resize_tr/resize_tr.h:16,
                 from prefetcher/resize_tr/resize_tr.cc:1:
/mnt/data/lyq/Kairos/inc/bakshalipour_framework.h:148:7: warning: declaration of ‘num_ways’ shadows a member of ‘SetAssociativeCache<T>’ [-Wshadow]
       : size(size), num_ways(num_ways), num_sets(size / num_ways), entries(num_sets, vector<Entry>(num_ways)), cams(num_sets), debug_level(debug_level)
       ^
In file included from prefetcher/resize_tr/resize_tr.h:16,
                 from prefetcher/resize_tr/resize_tr.cc:1:
/mnt/data/lyq/Kairos/inc/bakshalipour_framework.h:280:7: note: shadowed declaration is here
   int num_ways;
       ^~~~~~~~
In file included from prefetcher/resize_tr/resize_tr.h:16,
                 from prefetcher/resize_tr/resize_tr.cc:1:
/mnt/data/lyq/Kairos/inc/bakshalipour_framework.h:148:7: warning: declaration of ‘size’ shadows a member of ‘SetAssociativeCache<T>’ [-Wshadow]
       : size(size), num_ways(num_ways), num_sets(size / num_ways), entries(num_sets, vector<Entry>(num_ways)), cams(num_sets), debug_level(debug_level)
       ^
In file included from prefetcher/resize_tr/resize_tr.h:16,
                 from prefetcher/resize_tr/resize_tr.cc:1:
/mnt/data/lyq/Kairos/inc/bakshalipour_framework.h:279:7: note: shadowed declaration is here
   int size;
       ^~~~
/mnt/data/lyq/Kairos/inc/bakshalipour_framework.h: In constructor ‘SetAssociativeCache<T>::SetAssociativeCache(int, int, int)’:
/mnt/data/lyq/Kairos/inc/bakshalipour_framework.h:148:7: warning: declaration of ‘debug_level’ shadows a member of ‘SetAssociativeCache<T>’ [-Wshadow]
       : size(size), num_ways(num_ways), num_sets(size / num_ways), entries(num_sets, vector<Entry>(num_ways)), cams(num_sets), debug_level(debug_level)
       ^
In file included from prefetcher/resize_kr/resize_kr.h:16,
                 from prefetcher/resize_kr/resize_kr.cc:1:
/mnt/data/lyq/Kairos/inc/bakshalipour_framework.h:285:21: note: shadowed declaration is here
   int debug_level = 0;
                     ^
In file included from prefetcher/resize_kr/resize_kr.h:16,
                 from prefetcher/resize_kr/resize_kr.cc:1:
/mnt/data/lyq/Kairos/inc/bakshalipour_framework.h:148:7: warning: declaration of ‘num_ways’ shadows a member of ‘SetAssociativeCache<T>’ [-Wshadow]
       : size(size), num_ways(num_ways), num_sets(size / num_ways), entries(num_sets, vector<Entry>(num_ways)), cams(num_sets), debug_level(debug_level)
       ^
In file included from prefetcher/resize_kr/resize_kr.h:16,
                 from prefetcher/resize_kr/resize_kr.cc:1:
/mnt/data/lyq/Kairos/inc/bakshalipour_framework.h:280:7: note: shadowed declaration is here
   int num_ways;
       ^~~~~~~~
In file included from prefetcher/resize_kr/resize_kr.h:16,
                 from prefetcher/resize_kr/resize_kr.cc:1:
/mnt/data/lyq/Kairos/inc/bakshalipour_framework.h:148:7: warning: declaration of ‘size’ shadows a member of ‘SetAssociativeCache<T>’ [-Wshadow]
       : size(size), num_ways(num_ways), num_sets(size / num_ways), entries(num_sets, vector<Entry>(num_ways)), cams(num_sets), debug_level(debug_level)
       ^
In file included from prefetcher/resize_kr/resize_kr.h:16,
                 from prefetcher/resize_kr/resize_kr.cc:1:
/mnt/data/lyq/Kairos/inc/bakshalipour_framework.h:279:7: note: shadowed declaration is here
   int size;
       ^~~~
In file included from prefetcher/resize/resize.h:16,
                 from prefetcher/resize/resize.cc:1:
/mnt/data/lyq/Kairos/inc/bakshalipour_framework.h: In constructor ‘Table::Table(int, int)’:
/mnt/data/lyq/Kairos/inc/bakshalipour_framework.h:25:32: warning: declaration of ‘height’ shadows a member of ‘Table’ [-Wshadow]
   Table(int width, int height) : width(width), height(height), cells(height, vector<string>(width)) {}
                                ^
/mnt/data/lyq/Kairos/inc/bakshalipour_framework.h:129:12: note: shadowed declaration is here
   unsigned height;
            ^~~~~~
/mnt/data/lyq/Kairos/inc/bakshalipour_framework.h:25:32: warning: declaration of ‘width’ shadows a member of ‘Table’ [-Wshadow]
   Table(int width, int height) : width(width), height(height), cells(height, vector<string>(width)) {}
                                ^
/mnt/data/lyq/Kairos/inc/bakshalipour_framework.h:128:12: note: shadowed declaration is here
   unsigned width;
            ^~~~~
In file included from prefetcher/baseline/baseline.h:16,
                 from prefetcher/baseline/baseline.cc:1:
/mnt/data/lyq/Kairos/inc/bakshalipour_framework.h: In constructor ‘Table::Table(int, int)’:
/mnt/data/lyq/Kairos/inc/bakshalipour_framework.h:25:32: warning: declaration of ‘height’ shadows a member of ‘Table’ [-Wshadow]
   Table(int width, int height) : width(width), height(height), cells(height, vector<string>(width)) {}
                                ^
/mnt/data/lyq/Kairos/inc/bakshalipour_framework.h:129:12: note: shadowed declaration is here
   unsigned height;
            ^~~~~~
/mnt/data/lyq/Kairos/inc/bakshalipour_framework.h:25:32: warning: declaration of ‘width’ shadows a member of ‘Table’ [-Wshadow]
   Table(int width, int height) : width(width), height(height), cells(height, vector<string>(width)) {}
                                ^
/mnt/data/lyq/Kairos/inc/bakshalipour_framework.h:128:12: note: shadowed declaration is here
   unsigned width;
            ^~~~~
/mnt/data/lyq/Kairos/inc/bakshalipour_framework.h: In constructor ‘SetAssociativeCache<T>::SetAssociativeCache(int, int, int)’:
/mnt/data/lyq/Kairos/inc/bakshalipour_framework.h:148:7: warning: declaration of ‘debug_level’ shadows a member of ‘SetAssociativeCache<T>’ [-Wshadow]
       : size(size), num_ways(num_ways), num_sets(size / num_ways), entries(num_sets, vector<Entry>(num_ways)), cams(num_sets), debug_level(debug_level)
       ^
In file included from prefetcher/infpctable/infpctable.h:16,
                 from prefetcher/infpctable/infpctable.cc:1:
/mnt/data/lyq/Kairos/inc/bakshalipour_framework.h:285:21: note: shadowed declaration is here
   int debug_level = 0;
                     ^
In file included from prefetcher/infpctable/infpctable.h:16,
                 from prefetcher/infpctable/infpctable.cc:1:
/mnt/data/lyq/Kairos/inc/bakshalipour_framework.h:148:7: warning: declaration of ‘num_ways’ shadows a member of ‘SetAssociativeCache<T>’ [-Wshadow]
       : size(size), num_ways(num_ways), num_sets(size / num_ways), entries(num_sets, vector<Entry>(num_ways)), cams(num_sets), debug_level(debug_level)
       ^
In file included from prefetcher/infpctable/infpctable.h:16,
                 from prefetcher/infpctable/infpctable.cc:1:
/mnt/data/lyq/Kairos/inc/bakshalipour_framework.h:280:7: note: shadowed declaration is here
   int num_ways;
       ^~~~~~~~
In file included from prefetcher/infpctable/infpctable.h:16,
                 from prefetcher/infpctable/infpctable.cc:1:
/mnt/data/lyq/Kairos/inc/bakshalipour_framework.h:148:7: warning: declaration of ‘size’ shadows a member of ‘SetAssociativeCache<T>’ [-Wshadow]
       : size(size), num_ways(num_ways), num_sets(size / num_ways), entries(num_sets, vector<Entry>(num_ways)), cams(num_sets), debug_level(debug_level)
       ^
In file included from prefetcher/infpctable/infpctable.h:16,
                 from prefetcher/infpctable/infpctable.cc:1:
/mnt/data/lyq/Kairos/inc/bakshalipour_framework.h:279:7: note: shadowed declaration is here
   int size;
       ^~~~
/mnt/data/lyq/Kairos/inc/bakshalipour_framework.h: In constructor ‘SetAssociativeCache<T>::SetAssociativeCache(int, int, int)’:
/mnt/data/lyq/Kairos/inc/bakshalipour_framework.h:148:7: warning: declaration of ‘debug_level’ shadows a member of ‘SetAssociativeCache<T>’ [-Wshadow]
       : size(size), num_ways(num_ways), num_sets(size / num_ways), entries(num_sets, vector<Entry>(num_ways)), cams(num_sets), debug_level(debug_level)
       ^
In file included from prefetcher/prophet/prophet.h:16,
                 from prefetcher/prophet/prophet.cc:1:
/mnt/data/lyq/Kairos/inc/bakshalipour_framework.h:285:21: note: shadowed declaration is here
   int debug_level = 0;
                     ^
In file included from prefetcher/prophet/prophet.h:16,
                 from prefetcher/prophet/prophet.cc:1:
/mnt/data/lyq/Kairos/inc/bakshalipour_framework.h:148:7: warning: declaration of ‘num_ways’ shadows a member of ‘SetAssociativeCache<T>’ [-Wshadow]
       : size(size), num_ways(num_ways), num_sets(size / num_ways), entries(num_sets, vector<Entry>(num_ways)), cams(num_sets), debug_level(debug_level)
       ^
In file included from prefetcher/prophet/prophet.h:16,
                 from prefetcher/prophet/prophet.cc:1:
/mnt/data/lyq/Kairos/inc/bakshalipour_framework.h:280:7: note: shadowed declaration is here
   int num_ways;
       ^~~~~~~~
In file included from prefetcher/prophet/prophet.h:16,
                 from prefetcher/prophet/prophet.cc:1:
/mnt/data/lyq/Kairos/inc/bakshalipour_framework.h:148:7: warning: declaration of ‘size’ shadows a member of ‘SetAssociativeCache<T>’ [-Wshadow]
       : size(size), num_ways(num_ways), num_sets(size / num_ways), entries(num_sets, vector<Entry>(num_ways)), cams(num_sets), debug_level(debug_level)
       ^
In file included from prefetcher/prophet/prophet.h:16,
                 from prefetcher/prophet/prophet.cc:1:
/mnt/data/lyq/Kairos/inc/bakshalipour_framework.h:279:7: note: shadowed declaration is here
   int size;
       ^~~~
In file included from prefetcher/pctp/pctp.h:16,
                 from prefetcher/pctp/pctp.cc:1:
/mnt/data/lyq/Kairos/inc/bakshalipour_framework.h: In constructor ‘Table::Table(int, int)’:
/mnt/data/lyq/Kairos/inc/bakshalipour_framework.h:25:32: warning: declaration of ‘height’ shadows a member of ‘Table’ [-Wshadow]
   Table(int width, int height) : width(width), height(height), cells(height, vector<string>(width)) {}
                                ^
/mnt/data/lyq/Kairos/inc/bakshalipour_framework.h:129:12: note: shadowed declaration is here
   unsigned height;
            ^~~~~~
/mnt/data/lyq/Kairos/inc/bakshalipour_framework.h:25:32: warning: declaration of ‘width’ shadows a member of ‘Table’ [-Wshadow]
   Table(int width, int height) : width(width), height(height), cells(height, vector<string>(width)) {}
                                ^
/mnt/data/lyq/Kairos/inc/bakshalipour_framework.h:128:12: note: shadowed declaration is here
   unsigned width;
            ^~~~~
/mnt/data/lyq/Kairos/inc/bakshalipour_framework.h: In constructor ‘SetAssociativeCache<T>::SetAssociativeCache(int, int, int)’:
/mnt/data/lyq/Kairos/inc/bakshalipour_framework.h:148:7: warning: declaration of ‘debug_level’ shadows a member of ‘SetAssociativeCache<T>’ [-Wshadow]
       : size(size), num_ways(num_ways), num_sets(size / num_ways), entries(num_sets, vector<Entry>(num_ways)), cams(num_sets), debug_level(debug_level)
       ^
In file included from prefetcher/conftp/conftp.h:16,
                 from prefetcher/conftp/conftp.cc:1:
/mnt/data/lyq/Kairos/inc/bakshalipour_framework.h:285:21: note: shadowed declaration is here
   int debug_level = 0;
                     ^
In file included from prefetcher/conftp/conftp.h:16,
                 from prefetcher/conftp/conftp.cc:1:
/mnt/data/lyq/Kairos/inc/bakshalipour_framework.h:148:7: warning: declaration of ‘num_ways’ shadows a member of ‘SetAssociativeCache<T>’ [-Wshadow]
       : size(size), num_ways(num_ways), num_sets(size / num_ways), entries(num_sets, vector<Entry>(num_ways)), cams(num_sets), debug_level(debug_level)
       ^
In file included from prefetcher/conftp/conftp.h:16,
                 from prefetcher/conftp/conftp.cc:1:
/mnt/data/lyq/Kairos/inc/bakshalipour_framework.h:280:7: note: shadowed declaration is here
   int num_ways;
       ^~~~~~~~
In file included from prefetcher/conftp/conftp.h:16,
                 from prefetcher/conftp/conftp.cc:1:
/mnt/data/lyq/Kairos/inc/bakshalipour_framework.h:148:7: warning: declaration of ‘size’ shadows a member of ‘SetAssociativeCache<T>’ [-Wshadow]
       : size(size), num_ways(num_ways), num_sets(size / num_ways), entries(num_sets, vector<Entry>(num_ways)), cams(num_sets), debug_level(debug_level)
       ^
In file included from prefetcher/conftp/conftp.h:16,
                 from prefetcher/conftp/conftp.cc:1:
/mnt/data/lyq/Kairos/inc/bakshalipour_framework.h:279:7: note: shadowed declaration is here
   int size;
       ^~~~
/mnt/data/lyq/Kairos/inc/bakshalipour_framework.h: In constructor ‘SetAssociativeCache<T>::SetAssociativeCache(int, int, int)’:
/mnt/data/lyq/Kairos/inc/bakshalipour_framework.h:148:7: warning: declaration of ‘debug_level’ shadows a member of ‘SetAssociativeCache<T>’ [-Wshadow]
       : size(size), num_ways(num_ways), num_sets(size / num_ways), entries(num_sets, vector<Entry>(num_ways)), cams(num_sets), debug_level(debug_level)
       ^
In file included from prefetcher/filtetp/filtetp.h:16,
                 from prefetcher/filtetp/filtetp.cc:1:
/mnt/data/lyq/Kairos/inc/bakshalipour_framework.h:285:21: note: shadowed declaration is here
   int debug_level = 0;
                     ^
In file included from prefetcher/filtetp/filtetp.h:16,
                 from prefetcher/filtetp/filtetp.cc:1:
/mnt/data/lyq/Kairos/inc/bakshalipour_framework.h:148:7: warning: declaration of ‘num_ways’ shadows a member of ‘SetAssociativeCache<T>’ [-Wshadow]
       : size(size), num_ways(num_ways), num_sets(size / num_ways), entries(num_sets, vector<Entry>(num_ways)), cams(num_sets), debug_level(debug_level)
       ^
In file included from prefetcher/filtetp/filtetp.h:16,
                 from prefetcher/filtetp/filtetp.cc:1:
/mnt/data/lyq/Kairos/inc/bakshalipour_framework.h:280:7: note: shadowed declaration is here
   int num_ways;
       ^~~~~~~~
In file included from prefetcher/filtetp/filtetp.h:16,
                 from prefetcher/filtetp/filtetp.cc:1:
/mnt/data/lyq/Kairos/inc/bakshalipour_framework.h:148:7: warning: declaration of ‘size’ shadows a member of ‘SetAssociativeCache<T>’ [-Wshadow]
       : size(size), num_ways(num_ways), num_sets(size / num_ways), entries(num_sets, vector<Entry>(num_ways)), cams(num_sets), debug_level(debug_level)
       ^
In file included from prefetcher/filtetp/filtetp.h:16,
                 from prefetcher/filtetp/filtetp.cc:1:
/mnt/data/lyq/Kairos/inc/bakshalipour_framework.h:279:7: note: shadowed declaration is here
   int size;
       ^~~~
In file included from prefetcher/prism/prism.h:16,
                 from prefetcher/prism/prism.cc:1:
/mnt/data/lyq/Kairos/inc/bakshalipour_framework.h: In constructor ‘Table::Table(int, int)’:
/mnt/data/lyq/Kairos/inc/bakshalipour_framework.h:25:32: warning: declaration of ‘height’ shadows a member of ‘Table’ [-Wshadow]
   Table(int width, int height) : width(width), height(height), cells(height, vector<string>(width)) {}
                                ^
/mnt/data/lyq/Kairos/inc/bakshalipour_framework.h:129:12: note: shadowed declaration is here
   unsigned height;
            ^~~~~~
/mnt/data/lyq/Kairos/inc/bakshalipour_framework.h:25:32: warning: declaration of ‘width’ shadows a member of ‘Table’ [-Wshadow]
   Table(int width, int height) : width(width), height(height), cells(height, vector<string>(width)) {}
                                ^
/mnt/data/lyq/Kairos/inc/bakshalipour_framework.h:128:12: note: shadowed declaration is here
   unsigned width;
            ^~~~~
/mnt/data/lyq/Kairos/inc/bakshalipour_framework.h: In constructor ‘SetAssociativeCache<T>::SetAssociativeCache(int, int, int)’:
/mnt/data/lyq/Kairos/inc/bakshalipour_framework.h:148:7: warning: declaration of ‘debug_level’ shadows a member of ‘SetAssociativeCache<T>’ [-Wshadow]
       : size(size), num_ways(num_ways), num_sets(size / num_ways), entries(num_sets, vector<Entry>(num_ways)), cams(num_sets), debug_level(debug_level)
       ^
In file included from prefetcher/earlytp/earlytp.h:16,
                 from prefetcher/earlytp/earlytp.cc:1:
/mnt/data/lyq/Kairos/inc/bakshalipour_framework.h:285:21: note: shadowed declaration is here
   int debug_level = 0;
                     ^
In file included from prefetcher/earlytp/earlytp.h:16,
                 from prefetcher/earlytp/earlytp.cc:1:
/mnt/data/lyq/Kairos/inc/bakshalipour_framework.h:148:7: warning: declaration of ‘num_ways’ shadows a member of ‘SetAssociativeCache<T>’ [-Wshadow]
       : size(size), num_ways(num_ways), num_sets(size / num_ways), entries(num_sets, vector<Entry>(num_ways)), cams(num_sets), debug_level(debug_level)
       ^
In file included from prefetcher/earlytp/earlytp.h:16,
                 from prefetcher/earlytp/earlytp.cc:1:
/mnt/data/lyq/Kairos/inc/bakshalipour_framework.h:280:7: note: shadowed declaration is here
   int num_ways;
       ^~~~~~~~
In file included from prefetcher/earlytp/earlytp.h:16,
                 from prefetcher/earlytp/earlytp.cc:1:
/mnt/data/lyq/Kairos/inc/bakshalipour_framework.h:148:7: warning: declaration of ‘size’ shadows a member of ‘SetAssociativeCache<T>’ [-Wshadow]
       : size(size), num_ways(num_ways), num_sets(size / num_ways), entries(num_sets, vector<Entry>(num_ways)), cams(num_sets), debug_level(debug_level)
       ^
In file included from prefetcher/earlytp/earlytp.h:16,
                 from prefetcher/earlytp/earlytp.cc:1:
/mnt/data/lyq/Kairos/inc/bakshalipour_framework.h:279:7: note: shadowed declaration is here
   int size;
       ^~~~
/mnt/data/lyq/Kairos/inc/bakshalipour_framework.h: In member function ‘void SetAssociativeCache<T>::set_debug_level(int)’:
/mnt/data/lyq/Kairos/inc/bakshalipour_framework.h:255:41: warning: declaration of ‘debug_level’ shadows a member of ‘SetAssociativeCache<T>’ [-Wshadow]
   void set_debug_level(int debug_level) { this->debug_level = debug_level; }
                                         ^
/mnt/data/lyq/Kairos/inc/bakshalipour_framework.h:285:21: note: shadowed declaration is here
   int debug_level = 0;
                     ^
/mnt/data/lyq/Kairos/inc/bakshalipour_framework.h: In constructor ‘SetAssociativeCache<T>::SetAssociativeCache(int, int, int)’:
/mnt/data/lyq/Kairos/inc/bakshalipour_framework.h:148:7: warning: declaration of ‘debug_level’ shadows a member of ‘SetAssociativeCache<T>’ [-Wshadow]
       : size(size), num_ways(num_ways), num_sets(size / num_ways), entries(num_sets, vector<Entry>(num_ways)), cams(num_sets), debug_level(debug_level)
       ^
In file included from prefetcher/shtp/shtp.h:16,
                 from prefetcher/shtp/shtp.cc:1:
/mnt/data/lyq/Kairos/inc/bakshalipour_framework.h:285:21: note: shadowed declaration is here
   int debug_level = 0;
                     ^
In file included from prefetcher/shtp/shtp.h:16,
                 from prefetcher/shtp/shtp.cc:1:
/mnt/data/lyq/Kairos/inc/bakshalipour_framework.h:148:7: warning: declaration of ‘num_ways’ shadows a member of ‘SetAssociativeCache<T>’ [-Wshadow]
       : size(size), num_ways(num_ways), num_sets(size / num_ways), entries(num_sets, vector<Entry>(num_ways)), cams(num_sets), debug_level(debug_level)
       ^
In file included from prefetcher/shtp/shtp.h:16,
                 from prefetcher/shtp/shtp.cc:1:
/mnt/data/lyq/Kairos/inc/bakshalipour_framework.h:280:7: note: shadowed declaration is here
   int num_ways;
       ^~~~~~~~
In file included from prefetcher/shtp/shtp.h:16,
                 from prefetcher/shtp/shtp.cc:1:
/mnt/data/lyq/Kairos/inc/bakshalipour_framework.h:148:7: warning: declaration of ‘size’ shadows a member of ‘SetAssociativeCache<T>’ [-Wshadow]
       : size(size), num_ways(num_ways), num_sets(size / num_ways), entries(num_sets, vector<Entry>(num_ways)), cams(num_sets), debug_level(debug_level)
       ^
In file included from prefetcher/shtp/shtp.h:16,
                 from prefetcher/shtp/shtp.cc:1:
/mnt/data/lyq/Kairos/inc/bakshalipour_framework.h:279:7: note: shadowed declaration is here
   int size;
       ^~~~
/mnt/data/lyq/Kairos/inc/bakshalipour_framework.h: In constructor ‘SetAssociativeCache<T>::SetAssociativeCache(int, int, int)’:
/mnt/data/lyq/Kairos/inc/bakshalipour_framework.h:148:7: warning: declaration of ‘debug_level’ shadows a member of ‘SetAssociativeCache<T>’ [-Wshadow]
       : size(size), num_ways(num_ways), num_sets(size / num_ways), entries(num_sets, vector<Entry>(num_ways)), cams(num_sets), debug_level(debug_level)
       ^
In file included from prefetcher/lfutp/lfutp.h:16,
                 from prefetcher/lfutp/lfutp.cc:1:
/mnt/data/lyq/Kairos/inc/bakshalipour_framework.h:285:21: note: shadowed declaration is here
   int debug_level = 0;
                     ^
In file included from prefetcher/lfutp/lfutp.h:16,
                 from prefetcher/lfutp/lfutp.cc:1:
/mnt/data/lyq/Kairos/inc/bakshalipour_framework.h:148:7: warning: declaration of ‘num_ways’ shadows a member of ‘SetAssociativeCache<T>’ [-Wshadow]
       : size(size), num_ways(num_ways), num_sets(size / num_ways), entries(num_sets, vector<Entry>(num_ways)), cams(num_sets), debug_level(debug_level)
       ^
In file included from prefetcher/lfutp/lfutp.h:16,
                 from prefetcher/lfutp/lfutp.cc:1:
/mnt/data/lyq/Kairos/inc/bakshalipour_framework.h:280:7: note: shadowed declaration is here
   int num_ways;
       ^~~~~~~~
In file included from prefetcher/lfutp/lfutp.h:16,
                 from prefetcher/lfutp/lfutp.cc:1:
/mnt/data/lyq/Kairos/inc/bakshalipour_framework.h:148:7: warning: declaration of ‘size’ shadows a member of ‘SetAssociativeCache<T>’ [-Wshadow]
       : size(size), num_ways(num_ways), num_sets(size / num_ways), entries(num_sets, vector<Entry>(num_ways)), cams(num_sets), debug_level(debug_level)
       ^
In file included from prefetcher/lfutp/lfutp.h:16,
                 from prefetcher/lfutp/lfutp.cc:1:
/mnt/data/lyq/Kairos/inc/bakshalipour_framework.h:279:7: note: shadowed declaration is here
   int size;
       ^~~~
/mnt/data/lyq/Kairos/inc/bakshalipour_framework.h: In member function ‘void SetAssociativeCache<T>::set_debug_level(int)’:
/mnt/data/lyq/Kairos/inc/bakshalipour_framework.h:255:41: warning: declaration of ‘debug_level’ shadows a member of ‘SetAssociativeCache<T>’ [-Wshadow]
   void set_debug_level(int debug_level) { this->debug_level = debug_level; }
                                         ^
/mnt/data/lyq/Kairos/inc/bakshalipour_framework.h:285:21: note: shadowed declaration is here
   int debug_level = 0;
                     ^
/mnt/data/lyq/Kairos/inc/bakshalipour_framework.h: In member function ‘void SetAssociativeCache<T>::set_debug_level(int)’:
/mnt/data/lyq/Kairos/inc/bakshalipour_framework.h:255:41: warning: declaration of ‘debug_level’ shadows a member of ‘SetAssociativeCache<T>’ [-Wshadow]
   void set_debug_level(int debug_level) { this->debug_level = debug_level; }
                                         ^
/mnt/data/lyq/Kairos/inc/bakshalipour_framework.h:285:21: note: shadowed declaration is here
   int debug_level = 0;
                     ^
/mnt/data/lyq/Kairos/inc/bakshalipour_framework.h: In constructor ‘SetAssociativeCache<T>::SetAssociativeCache(int, int, int)’:
/mnt/data/lyq/Kairos/inc/bakshalipour_framework.h:148:7: warning: declaration of ‘debug_level’ shadows a member of ‘SetAssociativeCache<T>’ [-Wshadow]
       : size(size), num_ways(num_ways), num_sets(size / num_ways), entries(num_sets, vector<Entry>(num_ways)), cams(num_sets), debug_level(debug_level)
       ^
In file included from prefetcher/resize_pr/resize_pr.h:16,
                 from prefetcher/resize_pr/resize_pr.cc:1:
/mnt/data/lyq/Kairos/inc/bakshalipour_framework.h:285:21: note: shadowed declaration is here
   int debug_level = 0;
                     ^
In file included from prefetcher/resize_pr/resize_pr.h:16,
                 from prefetcher/resize_pr/resize_pr.cc:1:
/mnt/data/lyq/Kairos/inc/bakshalipour_framework.h:148:7: warning: declaration of ‘num_ways’ shadows a member of ‘SetAssociativeCache<T>’ [-Wshadow]
       : size(size), num_ways(num_ways), num_sets(size / num_ways), entries(num_sets, vector<Entry>(num_ways)), cams(num_sets), debug_level(debug_level)
       ^
In file included from prefetcher/resize_pr/resize_pr.h:16,
                 from prefetcher/resize_pr/resize_pr.cc:1:
/mnt/data/lyq/Kairos/inc/bakshalipour_framework.h:280:7: note: shadowed declaration is here
   int num_ways;
       ^~~~~~~~
In file included from prefetcher/resize_pr/resize_pr.h:16,
                 from prefetcher/resize_pr/resize_pr.cc:1:
/mnt/data/lyq/Kairos/inc/bakshalipour_framework.h:148:7: warning: declaration of ‘size’ shadows a member of ‘SetAssociativeCache<T>’ [-Wshadow]
       : size(size), num_ways(num_ways), num_sets(size / num_ways), entries(num_sets, vector<Entry>(num_ways)), cams(num_sets), debug_level(debug_level)
       ^
In file included from prefetcher/resize_pr/resize_pr.h:16,
                 from prefetcher/resize_pr/resize_pr.cc:1:
/mnt/data/lyq/Kairos/inc/bakshalipour_framework.h:279:7: note: shadowed declaration is here
   int size;
       ^~~~
/mnt/data/lyq/Kairos/inc/bakshalipour_framework.h: In constructor ‘SetAssociativeCache<T>::SetAssociativeCache(int, int, int)’:
/mnt/data/lyq/Kairos/inc/bakshalipour_framework.h:148:7: warning: declaration of ‘debug_level’ shadows a member of ‘SetAssociativeCache<T>’ [-Wshadow]
       : size(size), num_ways(num_ways), num_sets(size / num_ways), entries(num_sets, vector<Entry>(num_ways)), cams(num_sets), debug_level(debug_level)
       ^
In file included from prefetcher/srtp/srtp.h:16,
                 from prefetcher/srtp/srtp.cc:1:
/mnt/data/lyq/Kairos/inc/bakshalipour_framework.h:285:21: note: shadowed declaration is here
   int debug_level = 0;
                     ^
In file included from prefetcher/srtp/srtp.h:16,
                 from prefetcher/srtp/srtp.cc:1:
/mnt/data/lyq/Kairos/inc/bakshalipour_framework.h:148:7: warning: declaration of ‘num_ways’ shadows a member of ‘SetAssociativeCache<T>’ [-Wshadow]
       : size(size), num_ways(num_ways), num_sets(size / num_ways), entries(num_sets, vector<Entry>(num_ways)), cams(num_sets), debug_level(debug_level)
       ^
In file included from prefetcher/srtp/srtp.h:16,
                 from prefetcher/srtp/srtp.cc:1:
/mnt/data/lyq/Kairos/inc/bakshalipour_framework.h:280:7: note: shadowed declaration is here
   int num_ways;
       ^~~~~~~~
In file included from prefetcher/srtp/srtp.h:16,
                 from prefetcher/srtp/srtp.cc:1:
/mnt/data/lyq/Kairos/inc/bakshalipour_framework.h:148:7: warning: declaration of ‘size’ shadows a member of ‘SetAssociativeCache<T>’ [-Wshadow]
       : size(size), num_ways(num_ways), num_sets(size / num_ways), entries(num_sets, vector<Entry>(num_ways)), cams(num_sets), debug_level(debug_level)
       ^
In file included from prefetcher/srtp/srtp.h:16,
                 from prefetcher/srtp/srtp.cc:1:
/mnt/data/lyq/Kairos/inc/bakshalipour_framework.h:279:7: note: shadowed declaration is here
   int size;
       ^~~~
/mnt/data/lyq/Kairos/inc/bakshalipour_framework.h: In constructor ‘SetAssociativeCache<T>::SetAssociativeCache(int, int, int)’:
/mnt/data/lyq/Kairos/inc/bakshalipour_framework.h:148:7: warning: declaration of ‘debug_level’ shadows a member of ‘SetAssociativeCache<T>’ [-Wshadow]
       : size(size), num_ways(num_ways), num_sets(size / num_ways), entries(num_sets, vector<Entry>(num_ways)), cams(num_sets), debug_level(debug_level)
       ^
In file included from prefetcher/resize/resize.h:16,
                 from prefetcher/resize/resize.cc:1:
/mnt/data/lyq/Kairos/inc/bakshalipour_framework.h:285:21: note: shadowed declaration is here
   int debug_level = 0;
                     ^
In file included from prefetcher/resize/resize.h:16,
                 from prefetcher/resize/resize.cc:1:
/mnt/data/lyq/Kairos/inc/bakshalipour_framework.h:148:7: warning: declaration of ‘num_ways’ shadows a member of ‘SetAssociativeCache<T>’ [-Wshadow]
       : size(size), num_ways(num_ways), num_sets(size / num_ways), entries(num_sets, vector<Entry>(num_ways)), cams(num_sets), debug_level(debug_level)
       ^
In file included from prefetcher/resize/resize.h:16,
                 from prefetcher/resize/resize.cc:1:
/mnt/data/lyq/Kairos/inc/bakshalipour_framework.h:280:7: note: shadowed declaration is here
   int num_ways;
       ^~~~~~~~
In file included from prefetcher/resize/resize.h:16,
                 from prefetcher/resize/resize.cc:1:
/mnt/data/lyq/Kairos/inc/bakshalipour_framework.h:148:7: warning: declaration of ‘size’ shadows a member of ‘SetAssociativeCache<T>’ [-Wshadow]
       : size(size), num_ways(num_ways), num_sets(size / num_ways), entries(num_sets, vector<Entry>(num_ways)), cams(num_sets), debug_level(debug_level)
       ^
In file included from prefetcher/resize/resize.h:16,
                 from prefetcher/resize/resize.cc:1:
/mnt/data/lyq/Kairos/inc/bakshalipour_framework.h:279:7: note: shadowed declaration is here
   int size;
       ^~~~
/mnt/data/lyq/Kairos/inc/bakshalipour_framework.h: In member function ‘void SetAssociativeCache<T>::set_debug_level(int)’:
/mnt/data/lyq/Kairos/inc/bakshalipour_framework.h:255:41: warning: declaration of ‘debug_level’ shadows a member of ‘SetAssociativeCache<T>’ [-Wshadow]
   void set_debug_level(int debug_level) { this->debug_level = debug_level; }
                                         ^
/mnt/data/lyq/Kairos/inc/bakshalipour_framework.h:285:21: note: shadowed declaration is here
   int debug_level = 0;
                     ^
/mnt/data/lyq/Kairos/inc/bakshalipour_framework.h: In constructor ‘SetAssociativeCache<T>::SetAssociativeCache(int, int, int)’:
/mnt/data/lyq/Kairos/inc/bakshalipour_framework.h:148:7: warning: declaration of ‘debug_level’ shadows a member of ‘SetAssociativeCache<T>’ [-Wshadow]
       : size(size), num_ways(num_ways), num_sets(size / num_ways), entries(num_sets, vector<Entry>(num_ways)), cams(num_sets), debug_level(debug_level)
       ^
In file included from prefetcher/baseline/baseline.h:16,
                 from prefetcher/baseline/baseline.cc:1:
/mnt/data/lyq/Kairos/inc/bakshalipour_framework.h:285:21: note: shadowed declaration is here
   int debug_level = 0;
                     ^
In file included from prefetcher/baseline/baseline.h:16,
                 from prefetcher/baseline/baseline.cc:1:
/mnt/data/lyq/Kairos/inc/bakshalipour_framework.h:148:7: warning: declaration of ‘num_ways’ shadows a member of ‘SetAssociativeCache<T>’ [-Wshadow]
       : size(size), num_ways(num_ways), num_sets(size / num_ways), entries(num_sets, vector<Entry>(num_ways)), cams(num_sets), debug_level(debug_level)
       ^
In file included from prefetcher/baseline/baseline.h:16,
                 from prefetcher/baseline/baseline.cc:1:
/mnt/data/lyq/Kairos/inc/bakshalipour_framework.h:280:7: note: shadowed declaration is here
   int num_ways;
       ^~~~~~~~
In file included from prefetcher/baseline/baseline.h:16,
                 from prefetcher/baseline/baseline.cc:1:
/mnt/data/lyq/Kairos/inc/bakshalipour_framework.h:148:7: warning: declaration of ‘size’ shadows a member of ‘SetAssociativeCache<T>’ [-Wshadow]
       : size(size), num_ways(num_ways), num_sets(size / num_ways), entries(num_sets, vector<Entry>(num_ways)), cams(num_sets), debug_level(debug_level)
       ^
In file included from prefetcher/baseline/baseline.h:16,
                 from prefetcher/baseline/baseline.cc:1:
/mnt/data/lyq/Kairos/inc/bakshalipour_framework.h:279:7: note: shadowed declaration is here
   int size;
       ^~~~
In file included from prefetcher/latetp/latetp.h:16,
                 from prefetcher/latetp/latetp.cc:1:
/mnt/data/lyq/Kairos/inc/bakshalipour_framework.h: In constructor ‘Table::Table(int, int)’:
/mnt/data/lyq/Kairos/inc/bakshalipour_framework.h:25:32: warning: declaration of ‘height’ shadows a member of ‘Table’ [-Wshadow]
   Table(int width, int height) : width(width), height(height), cells(height, vector<string>(width)) {}
                                ^
/mnt/data/lyq/Kairos/inc/bakshalipour_framework.h:129:12: note: shadowed declaration is here
   unsigned height;
            ^~~~~~
/mnt/data/lyq/Kairos/inc/bakshalipour_framework.h:25:32: warning: declaration of ‘width’ shadows a member of ‘Table’ [-Wshadow]
   Table(int width, int height) : width(width), height(height), cells(height, vector<string>(width)) {}
                                ^
/mnt/data/lyq/Kairos/inc/bakshalipour_framework.h:128:12: note: shadowed declaration is here
   unsigned width;
            ^~~~~
/mnt/data/lyq/Kairos/inc/bakshalipour_framework.h: In member function ‘void SetAssociativeCache<T>::set_debug_level(int)’:
/mnt/data/lyq/Kairos/inc/bakshalipour_framework.h:255:41: warning: declaration of ‘debug_level’ shadows a member of ‘SetAssociativeCache<T>’ [-Wshadow]
   void set_debug_level(int debug_level) { this->debug_level = debug_level; }
                                         ^
/mnt/data/lyq/Kairos/inc/bakshalipour_framework.h:285:21: note: shadowed declaration is here
   int debug_level = 0;
                     ^
/mnt/data/lyq/Kairos/inc/bakshalipour_framework.h: In member function ‘void SetAssociativeCache<T>::set_debug_level(int)’:
/mnt/data/lyq/Kairos/inc/bakshalipour_framework.h:255:41: warning: declaration of ‘debug_level’ shadows a member of ‘SetAssociativeCache<T>’ [-Wshadow]
   void set_debug_level(int debug_level) { this->debug_level = debug_level; }
                                         ^
/mnt/data/lyq/Kairos/inc/bakshalipour_framework.h:285:21: note: shadowed declaration is here
   int debug_level = 0;
                     ^
/mnt/data/lyq/Kairos/inc/bakshalipour_framework.h: In member function ‘void SetAssociativeCache<T>::set_debug_level(int)’:
/mnt/data/lyq/Kairos/inc/bakshalipour_framework.h:255:41: warning: declaration of ‘debug_level’ shadows a member of ‘SetAssociativeCache<T>’ [-Wshadow]
   void set_debug_level(int debug_level) { this->debug_level = debug_level; }
                                         ^
/mnt/data/lyq/Kairos/inc/bakshalipour_framework.h: In constructor ‘SetAssociativeCache<T>::SetAssociativeCache(int, int, int)’:
/mnt/data/lyq/Kairos/inc/bakshalipour_framework.h:148:7: warning: declaration of ‘debug_level’ shadows a member of ‘SetAssociativeCache<T>’ [-Wshadow]
       : size(size), num_ways(num_ways), num_sets(size / num_ways), entries(num_sets, vector<Entry>(num_ways)), cams(num_sets), debug_level(debug_level)
       ^
/mnt/data/lyq/Kairos/inc/bakshalipour_framework.h:285:21: note: shadowed declaration is here
   int debug_level = 0;
                     ^
In file included from prefetcher/pctp/pctp.h:16,
                 from prefetcher/pctp/pctp.cc:1:
/mnt/data/lyq/Kairos/inc/bakshalipour_framework.h:285:21: note: shadowed declaration is here
   int debug_level = 0;
                     ^
In file included from prefetcher/pctp/pctp.h:16,
                 from prefetcher/pctp/pctp.cc:1:
/mnt/data/lyq/Kairos/inc/bakshalipour_framework.h:148:7: warning: declaration of ‘num_ways’ shadows a member of ‘SetAssociativeCache<T>’ [-Wshadow]
       : size(size), num_ways(num_ways), num_sets(size / num_ways), entries(num_sets, vector<Entry>(num_ways)), cams(num_sets), debug_level(debug_level)
       ^
In file included from prefetcher/pctp/pctp.h:16,
                 from prefetcher/pctp/pctp.cc:1:
/mnt/data/lyq/Kairos/inc/bakshalipour_framework.h:280:7: note: shadowed declaration is here
   int num_ways;
       ^~~~~~~~
In file included from prefetcher/pctp/pctp.h:16,
                 from prefetcher/pctp/pctp.cc:1:
/mnt/data/lyq/Kairos/inc/bakshalipour_framework.h:148:7: warning: declaration of ‘size’ shadows a member of ‘SetAssociativeCache<T>’ [-Wshadow]
       : size(size), num_ways(num_ways), num_sets(size / num_ways), entries(num_sets, vector<Entry>(num_ways)), cams(num_sets), debug_level(debug_level)
       ^
In file included from prefetcher/pctp/pctp.h:16,
                 from prefetcher/pctp/pctp.cc:1:
/mnt/data/lyq/Kairos/inc/bakshalipour_framework.h:279:7: note: shadowed declaration is here
   int size;
       ^~~~
In file included from prefetcher/ptp/ptp.h:17,
                 from prefetcher/ptp/ptp.cc:1:
/mnt/data/lyq/Kairos/inc/bakshalipour_framework.h: In constructor ‘Table::Table(int, int)’:
/mnt/data/lyq/Kairos/inc/bakshalipour_framework.h:25:32: warning: declaration of ‘height’ shadows a member of ‘Table’ [-Wshadow]
   Table(int width, int height) : width(width), height(height), cells(height, vector<string>(width)) {}
                                ^
/mnt/data/lyq/Kairos/inc/bakshalipour_framework.h:129:12: note: shadowed declaration is here
   unsigned height;
            ^~~~~~
/mnt/data/lyq/Kairos/inc/bakshalipour_framework.h:25:32: warning: declaration of ‘width’ shadows a member of ‘Table’ [-Wshadow]
   Table(int width, int height) : width(width), height(height), cells(height, vector<string>(width)) {}
                                ^
/mnt/data/lyq/Kairos/inc/bakshalipour_framework.h:128:12: note: shadowed declaration is here
   unsigned width;
            ^~~~~
/mnt/data/lyq/Kairos/inc/bakshalipour_framework.h: In member function ‘void SetAssociativeCache<T>::set_debug_level(int)’:
/mnt/data/lyq/Kairos/inc/bakshalipour_framework.h:255:41: warning: declaration of ‘debug_level’ shadows a member of ‘SetAssociativeCache<T>’ [-Wshadow]
   void set_debug_level(int debug_level) { this->debug_level = debug_level; }
                                         ^
/mnt/data/lyq/Kairos/inc/bakshalipour_framework.h:285:21: note: shadowed declaration is here
   int debug_level = 0;
                     ^
/mnt/data/lyq/Kairos/inc/bakshalipour_framework.h: In constructor ‘SetAssociativeCache<T>::SetAssociativeCache(int, int, int)’:
/mnt/data/lyq/Kairos/inc/bakshalipour_framework.h:148:7: warning: declaration of ‘debug_level’ shadows a member of ‘SetAssociativeCache<T>’ [-Wshadow]
       : size(size), num_ways(num_ways), num_sets(size / num_ways), entries(num_sets, vector<Entry>(num_ways)), cams(num_sets), debug_level(debug_level)
       ^
In file included from prefetcher/prism/prism.h:16,
                 from prefetcher/prism/prism.cc:1:
/mnt/data/lyq/Kairos/inc/bakshalipour_framework.h:285:21: note: shadowed declaration is here
   int debug_level = 0;
                     ^
In file included from prefetcher/prism/prism.h:16,
                 from prefetcher/prism/prism.cc:1:
/mnt/data/lyq/Kairos/inc/bakshalipour_framework.h:148:7: warning: declaration of ‘num_ways’ shadows a member of ‘SetAssociativeCache<T>’ [-Wshadow]
       : size(size), num_ways(num_ways), num_sets(size / num_ways), entries(num_sets, vector<Entry>(num_ways)), cams(num_sets), debug_level(debug_level)
       ^
In file included from prefetcher/prism/prism.h:16,
                 from prefetcher/prism/prism.cc:1:
/mnt/data/lyq/Kairos/inc/bakshalipour_framework.h:280:7: note: shadowed declaration is here
   int num_ways;
       ^~~~~~~~
In file included from prefetcher/prism/prism.h:16,
                 from prefetcher/prism/prism.cc:1:
/mnt/data/lyq/Kairos/inc/bakshalipour_framework.h:148:7: warning: declaration of ‘size’ shadows a member of ‘SetAssociativeCache<T>’ [-Wshadow]
       : size(size), num_ways(num_ways), num_sets(size / num_ways), entries(num_sets, vector<Entry>(num_ways)), cams(num_sets), debug_level(debug_level)
       ^
In file included from prefetcher/prism/prism.h:16,
                 from prefetcher/prism/prism.cc:1:
/mnt/data/lyq/Kairos/inc/bakshalipour_framework.h:279:7: note: shadowed declaration is here
   int size;
       ^~~~
In file included from prefetcher/rndtp/rndtp.h:16,
                 from prefetcher/rndtp/rndtp.cc:1:
/mnt/data/lyq/Kairos/inc/bakshalipour_framework.h: In constructor ‘Table::Table(int, int)’:
/mnt/data/lyq/Kairos/inc/bakshalipour_framework.h:25:32: warning: declaration of ‘height’ shadows a member of ‘Table’ [-Wshadow]
   Table(int width, int height) : width(width), height(height), cells(height, vector<string>(width)) {}
                                ^
/mnt/data/lyq/Kairos/inc/bakshalipour_framework.h:129:12: note: shadowed declaration is here
   unsigned height;
            ^~~~~~
/mnt/data/lyq/Kairos/inc/bakshalipour_framework.h:25:32: warning: declaration of ‘width’ shadows a member of ‘Table’ [-Wshadow]
   Table(int width, int height) : width(width), height(height), cells(height, vector<string>(width)) {}
                                ^
/mnt/data/lyq/Kairos/inc/bakshalipour_framework.h:128:12: note: shadowed declaration is here
   unsigned width;
            ^~~~~
/mnt/data/lyq/Kairos/inc/bakshalipour_framework.h: In member function ‘void SetAssociativeCache<T>::set_debug_level(int)’:
/mnt/data/lyq/Kairos/inc/bakshalipour_framework.h:255:41: warning: declaration of ‘debug_level’ shadows a member of ‘SetAssociativeCache<T>’ [-Wshadow]
   void set_debug_level(int debug_level) { this->debug_level = debug_level; }
                                         ^
/mnt/data/lyq/Kairos/inc/bakshalipour_framework.h:285:21: note: shadowed declaration is here
   int debug_level = 0;
                     ^
/mnt/data/lyq/Kairos/inc/bakshalipour_framework.h: In member function ‘void SetAssociativeCache<T>::set_debug_level(int)’:
/mnt/data/lyq/Kairos/inc/bakshalipour_framework.h:255:41: warning: declaration of ‘debug_level’ shadows a member of ‘SetAssociativeCache<T>’ [-Wshadow]
   void set_debug_level(int debug_level) { this->debug_level = debug_level; }
                                         ^
/mnt/data/lyq/Kairos/inc/bakshalipour_framework.h:285:21: note: shadowed declaration is here
   int debug_level = 0;
                     ^
/mnt/data/lyq/Kairos/inc/bakshalipour_framework.h: In member function ‘void SetAssociativeCache<T>::set_debug_level(int)’:
/mnt/data/lyq/Kairos/inc/bakshalipour_framework.h:255:41: warning: declaration of ‘debug_level’ shadows a member of ‘SetAssociativeCache<T>’ [-Wshadow]
   void set_debug_level(int debug_level) { this->debug_level = debug_level; }
                                         ^
/mnt/data/lyq/Kairos/inc/bakshalipour_framework.h:285:21: note: shadowed declaration is here
   int debug_level = 0;
                     ^
/mnt/data/lyq/Kairos/inc/bakshalipour_framework.h: In member function ‘void SetAssociativeCache<T>::set_debug_level(int)’:
/mnt/data/lyq/Kairos/inc/bakshalipour_framework.h:255:41: warning: declaration of ‘debug_level’ shadows a member of ‘SetAssociativeCache<T>’ [-Wshadow]
   void set_debug_level(int debug_level) { this->debug_level = debug_level; }
                                         ^
/mnt/data/lyq/Kairos/inc/bakshalipour_framework.h:285:21: note: shadowed declaration is here
   int debug_level = 0;
                     ^
/mnt/data/lyq/Kairos/inc/bakshalipour_framework.h: In member function ‘void SetAssociativeCache<T>::set_debug_level(int)’:
/mnt/data/lyq/Kairos/inc/bakshalipour_framework.h:255:41: warning: declaration of ‘debug_level’ shadows a member of ‘SetAssociativeCache<T>’ [-Wshadow]
   void set_debug_level(int debug_level) { this->debug_level = debug_level; }
                                         ^
/mnt/data/lyq/Kairos/inc/bakshalipour_framework.h:285:21: note: shadowed declaration is here
   int debug_level = 0;
                     ^
/mnt/data/lyq/Kairos/inc/bakshalipour_framework.h: In member function ‘void SetAssociativeCache<T>::set_debug_level(int)’:
/mnt/data/lyq/Kairos/inc/bakshalipour_framework.h:255:41: warning: declaration of ‘debug_level’ shadows a member of ‘SetAssociativeCache<T>’ [-Wshadow]
   void set_debug_level(int debug_level) { this->debug_level = debug_level; }
                                         ^
/mnt/data/lyq/Kairos/inc/bakshalipour_framework.h:285:21: note: shadowed declaration is here
   int debug_level = 0;
                     ^
/mnt/data/lyq/Kairos/inc/bakshalipour_framework.h: In member function ‘void SetAssociativeCache<T>::set_debug_level(int)’:
/mnt/data/lyq/Kairos/inc/bakshalipour_framework.h:255:41: warning: declaration of ‘debug_level’ shadows a member of ‘SetAssociativeCache<T>’ [-Wshadow]
   void set_debug_level(int debug_level) { this->debug_level = debug_level; }
                                         ^
/mnt/data/lyq/Kairos/inc/bakshalipour_framework.h:285:21: note: shadowed declaration is here
   int debug_level = 0;
                     ^
/mnt/data/lyq/Kairos/inc/bakshalipour_framework.h: In constructor ‘SetAssociativeCache<T>::SetAssociativeCache(int, int, int)’:
/mnt/data/lyq/Kairos/inc/bakshalipour_framework.h:148:7: warning: declaration of ‘debug_level’ shadows a member of ‘SetAssociativeCache<T>’ [-Wshadow]
       : size(size), num_ways(num_ways), num_sets(size / num_ways), entries(num_sets, vector<Entry>(num_ways)), cams(num_sets), debug_level(debug_level)
       ^
In file included from prefetcher/latetp/latetp.h:16,
                 from prefetcher/latetp/latetp.cc:1:
/mnt/data/lyq/Kairos/inc/bakshalipour_framework.h:285:21: note: shadowed declaration is here
   int debug_level = 0;
                     ^
In file included from prefetcher/latetp/latetp.h:16,
                 from prefetcher/latetp/latetp.cc:1:
/mnt/data/lyq/Kairos/inc/bakshalipour_framework.h:148:7: warning: declaration of ‘num_ways’ shadows a member of ‘SetAssociativeCache<T>’ [-Wshadow]
       : size(size), num_ways(num_ways), num_sets(size / num_ways), entries(num_sets, vector<Entry>(num_ways)), cams(num_sets), debug_level(debug_level)
       ^
In file included from prefetcher/latetp/latetp.h:16,
                 from prefetcher/latetp/latetp.cc:1:
/mnt/data/lyq/Kairos/inc/bakshalipour_framework.h:280:7: note: shadowed declaration is here
   int num_ways;
       ^~~~~~~~
In file included from prefetcher/latetp/latetp.h:16,
                 from prefetcher/latetp/latetp.cc:1:
/mnt/data/lyq/Kairos/inc/bakshalipour_framework.h:148:7: warning: declaration of ‘size’ shadows a member of ‘SetAssociativeCache<T>’ [-Wshadow]
       : size(size), num_ways(num_ways), num_sets(size / num_ways), entries(num_sets, vector<Entry>(num_ways)), cams(num_sets), debug_level(debug_level)
       ^
In file included from prefetcher/latetp/latetp.h:16,
                 from prefetcher/latetp/latetp.cc:1:
/mnt/data/lyq/Kairos/inc/bakshalipour_framework.h:279:7: note: shadowed declaration is here
   int size;
       ^~~~
/mnt/data/lyq/Kairos/inc/bakshalipour_framework.h: In constructor ‘SetAssociativeCache<T>::SetAssociativeCache(int, int, int)’:
/mnt/data/lyq/Kairos/inc/bakshalipour_framework.h:148:7: warning: declaration of ‘debug_level’ shadows a member of ‘SetAssociativeCache<T>’ [-Wshadow]
       : size(size), num_ways(num_ways), num_sets(size / num_ways), entries(num_sets, vector<Entry>(num_ways)), cams(num_sets), debug_level(debug_level)
       ^
In file included from prefetcher/ptp/ptp.h:17,
                 from prefetcher/ptp/ptp.cc:1:
/mnt/data/lyq/Kairos/inc/bakshalipour_framework.h:285:21: note: shadowed declaration is here
   int debug_level = 0;
                     ^
In file included from prefetcher/ptp/ptp.h:17,
                 from prefetcher/ptp/ptp.cc:1:
/mnt/data/lyq/Kairos/inc/bakshalipour_framework.h:148:7: warning: declaration of ‘num_ways’ shadows a member of ‘SetAssociativeCache<T>’ [-Wshadow]
       : size(size), num_ways(num_ways), num_sets(size / num_ways), entries(num_sets, vector<Entry>(num_ways)), cams(num_sets), debug_level(debug_level)
       ^
In file included from prefetcher/ptp/ptp.h:17,
                 from prefetcher/ptp/ptp.cc:1:
/mnt/data/lyq/Kairos/inc/bakshalipour_framework.h:280:7: note: shadowed declaration is here
   int num_ways;
       ^~~~~~~~
In file included from prefetcher/ptp/ptp.h:17,
                 from prefetcher/ptp/ptp.cc:1:
/mnt/data/lyq/Kairos/inc/bakshalipour_framework.h:148:7: warning: declaration of ‘size’ shadows a member of ‘SetAssociativeCache<T>’ [-Wshadow]
       : size(size), num_ways(num_ways), num_sets(size / num_ways), entries(num_sets, vector<Entry>(num_ways)), cams(num_sets), debug_level(debug_level)
       ^
In file included from prefetcher/ptp/ptp.h:17,
                 from prefetcher/ptp/ptp.cc:1:
/mnt/data/lyq/Kairos/inc/bakshalipour_framework.h:279:7: note: shadowed declaration is here
   int size;
       ^~~~
/mnt/data/lyq/Kairos/inc/bakshalipour_framework.h: In member function ‘void SetAssociativeCache<T>::set_debug_level(int)’:
/mnt/data/lyq/Kairos/inc/bakshalipour_framework.h:255:41: warning: declaration of ‘debug_level’ shadows a member of ‘SetAssociativeCache<T>’ [-Wshadow]
   void set_debug_level(int debug_level) { this->debug_level = debug_level; }
                                         ^
/mnt/data/lyq/Kairos/inc/bakshalipour_framework.h:285:21: note: shadowed declaration is here
   int debug_level = 0;
                     ^
/mnt/data/lyq/Kairos/inc/bakshalipour_framework.h: In member function ‘void INFMJSetAssociativeCache<T>::mj_update(uint64_t, uint32_t, uint32_t, bool, uint64_t)’:
/mnt/data/lyq/Kairos/inc/bakshalipour_framework.h:1249:67: warning: left shift count >= width of type [-Wshift-count-overflow]
     uint64_t page_sig = get_page_signature(pc, full_addr & ((1 << 32) - 1));
                                                                   ^~
/mnt/data/lyq/Kairos/inc/bakshalipour_framework.h: In constructor ‘SetAssociativeCache<T>::SetAssociativeCache(int, int, int)’:
/mnt/data/lyq/Kairos/inc/bakshalipour_framework.h:148:7: warning: declaration of ‘debug_level’ shadows a member of ‘SetAssociativeCache<T>’ [-Wshadow]
       : size(size), num_ways(num_ways), num_sets(size / num_ways), entries(num_sets, vector<Entry>(num_ways)), cams(num_sets), debug_level(debug_level)
       ^
In file included from prefetcher/rndtp/rndtp.h:16,
                 from prefetcher/rndtp/rndtp.cc:1:
/mnt/data/lyq/Kairos/inc/bakshalipour_framework.h:285:21: note: shadowed declaration is here
   int debug_level = 0;
                     ^
In file included from prefetcher/rndtp/rndtp.h:16,
                 from prefetcher/rndtp/rndtp.cc:1:
/mnt/data/lyq/Kairos/inc/bakshalipour_framework.h:148:7: warning: declaration of ‘num_ways’ shadows a member of ‘SetAssociativeCache<T>’ [-Wshadow]
       : size(size), num_ways(num_ways), num_sets(size / num_ways), entries(num_sets, vector<Entry>(num_ways)), cams(num_sets), debug_level(debug_level)
       ^
In file included from prefetcher/rndtp/rndtp.h:16,
                 from prefetcher/rndtp/rndtp.cc:1:
/mnt/data/lyq/Kairos/inc/bakshalipour_framework.h:280:7: note: shadowed declaration is here
   int num_ways;
       ^~~~~~~~
In file included from prefetcher/rndtp/rndtp.h:16,
                 from prefetcher/rndtp/rndtp.cc:1:
/mnt/data/lyq/Kairos/inc/bakshalipour_framework.h:148:7: warning: declaration of ‘size’ shadows a member of ‘SetAssociativeCache<T>’ [-Wshadow]
       : size(size), num_ways(num_ways), num_sets(size / num_ways), entries(num_sets, vector<Entry>(num_ways)), cams(num_sets), debug_level(debug_level)
       ^
In file included from prefetcher/rndtp/rndtp.h:16,
                 from prefetcher/rndtp/rndtp.cc:1:
/mnt/data/lyq/Kairos/inc/bakshalipour_framework.h:279:7: note: shadowed declaration is here
   int size;
       ^~~~
/mnt/data/lyq/Kairos/inc/bakshalipour_framework.h: In member function ‘void INFMJSetAssociativeCache<T>::mj_update(uint64_t, uint32_t, uint32_t, bool, uint64_t)’:
/mnt/data/lyq/Kairos/inc/bakshalipour_framework.h:1249:67: warning: left shift count >= width of type [-Wshift-count-overflow]
     uint64_t page_sig = get_page_signature(pc, full_addr & ((1 << 32) - 1));
                                                                   ^~
/mnt/data/lyq/Kairos/inc/bakshalipour_framework.h: In member function ‘void INFMJSetAssociativeCache<T>::mj_update(uint64_t, uint32_t, uint32_t, bool, uint64_t)’:
/mnt/data/lyq/Kairos/inc/bakshalipour_framework.h:1249:67: warning: left shift count >= width of type [-Wshift-count-overflow]
     uint64_t page_sig = get_page_signature(pc, full_addr & ((1 << 32) - 1));
                                                                   ^~
In file included from src/dram_controller.cc:17:
/mnt/data/lyq/Kairos/inc/dram_controller.h: In member function ‘void MEMORY_CONTROLLER::BwBucketWinMulti::step(uint16_t)’:
/mnt/data/lyq/Kairos/inc/dram_controller.h:220:23: warning: conversion from ‘int’ to ‘std::array<short unsigned int, 16>::value_type’ {aka ‘short unsigned int’} may change value [-Wconversion]
       bin_active[idx] += active_ch;
/mnt/data/lyq/Kairos/inc/dram_controller.h:222:22: warning: conversion from ‘int’ to ‘std::array<short unsigned int, 16>::value_type’ {aka ‘short unsigned int’} may change value [-Wconversion]
       bin_total[idx] += 1;
/mnt/data/lyq/Kairos/inc/bakshalipour_framework.h: In member function ‘void INFMJSetAssociativeCache<T>::mj_update(uint64_t, uint32_t, uint32_t, bool, uint64_t)’:
/mnt/data/lyq/Kairos/inc/bakshalipour_framework.h:1249:67: warning: left shift count >= width of type [-Wshift-count-overflow]
     uint64_t page_sig = get_page_signature(pc, full_addr & ((1 << 32) - 1));
                                                                   ^~
In file included from prefetcher/brtp/brtp.h:16,
                 from prefetcher/brtp/brtp.cc:1:
/mnt/data/lyq/Kairos/inc/bakshalipour_framework.h: In constructor ‘Table::Table(int, int)’:
/mnt/data/lyq/Kairos/inc/bakshalipour_framework.h:25:32: warning: declaration of ‘height’ shadows a member of ‘Table’ [-Wshadow]
   Table(int width, int height) : width(width), height(height), cells(height, vector<string>(width)) {}
                                ^
/mnt/data/lyq/Kairos/inc/bakshalipour_framework.h:129:12: note: shadowed declaration is here
   unsigned height;
            ^~~~~~
/mnt/data/lyq/Kairos/inc/bakshalipour_framework.h:25:32: warning: declaration of ‘width’ shadows a member of ‘Table’ [-Wshadow]
   Table(int width, int height) : width(width), height(height), cells(height, vector<string>(width)) {}
                                ^
/mnt/data/lyq/Kairos/inc/bakshalipour_framework.h:128:12: note: shadowed declaration is here
   unsigned width;
            ^~~~~
/mnt/data/lyq/Kairos/inc/bakshalipour_framework.h: In member function ‘void SetAssociativeCache<T>::set_debug_level(int)’:
/mnt/data/lyq/Kairos/inc/bakshalipour_framework.h:255:41: warning: declaration of ‘debug_level’ shadows a member of ‘SetAssociativeCache<T>’ [-Wshadow]
   void set_debug_level(int debug_level) { this->debug_level = debug_level; }
                                         ^
/mnt/data/lyq/Kairos/inc/bakshalipour_framework.h:285:21: note: shadowed declaration is here
   int debug_level = 0;
                     ^
/mnt/data/lyq/Kairos/inc/bakshalipour_framework.h: In member function ‘void SetAssociativeCache<T>::set_debug_level(int)’:
/mnt/data/lyq/Kairos/inc/bakshalipour_framework.h:255:41: warning: declaration of ‘debug_level’ shadows a member of ‘SetAssociativeCache<T>’ [-Wshadow]
   void set_debug_level(int debug_level) { this->debug_level = debug_level; }
                                         ^
/mnt/data/lyq/Kairos/inc/bakshalipour_framework.h:285:21: note: shadowed declaration is here
   int debug_level = 0;
                     ^
/mnt/data/lyq/Kairos/inc/bakshalipour_framework.h: In member function ‘void INFMJSetAssociativeCache<T>::mj_update(uint64_t, uint32_t, uint32_t, bool, uint64_t)’:
/mnt/data/lyq/Kairos/inc/bakshalipour_framework.h:1249:67: warning: left shift count >= width of type [-Wshift-count-overflow]
     uint64_t page_sig = get_page_signature(pc, full_addr & ((1 << 32) - 1));
                                                                   ^~
/mnt/data/lyq/Kairos/inc/bakshalipour_framework.h: In member function ‘void INFMJSetAssociativeCache<T>::mj_update(uint64_t, uint32_t, uint32_t, bool, uint64_t)’:
/mnt/data/lyq/Kairos/inc/bakshalipour_framework.h:1249:67: warning: left shift count >= width of type [-Wshift-count-overflow]
     uint64_t page_sig = get_page_signature(pc, full_addr & ((1 << 32) - 1));
                                                                   ^~
/mnt/data/lyq/Kairos/inc/bakshalipour_framework.h: In member function ‘void INFMJSetAssociativeCache<T>::mj_update(uint64_t, uint32_t, uint32_t, bool, uint64_t)’:
/mnt/data/lyq/Kairos/inc/bakshalipour_framework.h:1249:67: warning: left shift count >= width of type [-Wshift-count-overflow]
     uint64_t page_sig = get_page_signature(pc, full_addr & ((1 << 32) - 1));
                                                                   ^~
/mnt/data/lyq/Kairos/inc/bakshalipour_framework.h: In member function ‘void INFMJSetAssociativeCache<T>::mj_update(uint64_t, uint32_t, uint32_t, bool, uint64_t)’:
/mnt/data/lyq/Kairos/inc/bakshalipour_framework.h:1249:67: warning: left shift count >= width of type [-Wshift-count-overflow]
     uint64_t page_sig = get_page_signature(pc, full_addr & ((1 << 32) - 1));
                                                                   ^~
/mnt/data/lyq/Kairos/inc/bakshalipour_framework.h: In member function ‘void SetAssociativeCache<T>::set_debug_level(int)’:
/mnt/data/lyq/Kairos/inc/bakshalipour_framework.h:255:41: warning: declaration of ‘debug_level’ shadows a member of ‘SetAssociativeCache<T>’ [-Wshadow]
   void set_debug_level(int debug_level) { this->debug_level = debug_level; }
                                         ^
/mnt/data/lyq/Kairos/inc/bakshalipour_framework.h:285:21: note: shadowed declaration is here
   int debug_level = 0;
                     ^
/mnt/data/lyq/Kairos/inc/bakshalipour_framework.h: In member function ‘void INFMJSetAssociativeCache<T>::mj_update(uint64_t, uint32_t, uint32_t, bool, uint64_t)’:
/mnt/data/lyq/Kairos/inc/bakshalipour_framework.h:1249:67: warning: left shift count >= width of type [-Wshift-count-overflow]
     uint64_t page_sig = get_page_signature(pc, full_addr & ((1 << 32) - 1));
                                                                   ^~
/mnt/data/lyq/Kairos/inc/bakshalipour_framework.h: In member function ‘void INFMJSetAssociativeCache<T>::mj_update(uint64_t, uint32_t, uint32_t, bool, uint64_t)’:
/mnt/data/lyq/Kairos/inc/bakshalipour_framework.h:1249:67: warning: left shift count >= width of type [-Wshift-count-overflow]
     uint64_t page_sig = get_page_signature(pc, full_addr & ((1 << 32) - 1));
                                                                   ^~
/mnt/data/lyq/Kairos/inc/bakshalipour_framework.h: In member function ‘void INFMJSetAssociativeCache<T>::mj_update(uint64_t, uint32_t, uint32_t, bool, uint64_t)’:
/mnt/data/lyq/Kairos/inc/bakshalipour_framework.h:1249:67: warning: left shift count >= width of type [-Wshift-count-overflow]
     uint64_t page_sig = get_page_signature(pc, full_addr & ((1 << 32) - 1));
                                                                   ^~
/mnt/data/lyq/Kairos/inc/bakshalipour_framework.h: In member function ‘void INFMJSetAssociativeCache<T>::mj_update(uint64_t, uint32_t, uint32_t, bool, uint64_t)’:
/mnt/data/lyq/Kairos/inc/bakshalipour_framework.h:1249:67: warning: left shift count >= width of type [-Wshift-count-overflow]
     uint64_t page_sig = get_page_signature(pc, full_addr & ((1 << 32) - 1));
                                                                   ^~
/mnt/data/lyq/Kairos/inc/bakshalipour_framework.h: In member function ‘void INFMJSetAssociativeCache<T>::mj_update(uint64_t, uint32_t, uint32_t, bool, uint64_t)’:
/mnt/data/lyq/Kairos/inc/bakshalipour_framework.h:1249:67: warning: left shift count >= width of type [-Wshift-count-overflow]
     uint64_t page_sig = get_page_signature(pc, full_addr & ((1 << 32) - 1));
                                                                   ^~
/mnt/data/lyq/Kairos/inc/bakshalipour_framework.h: In member function ‘void INFMJSetAssociativeCache<T>::mj_update(uint64_t, uint32_t, uint32_t, bool, uint64_t)’:
/mnt/data/lyq/Kairos/inc/bakshalipour_framework.h:1249:67: warning: left shift count >= width of type [-Wshift-count-overflow]
     uint64_t page_sig = get_page_signature(pc, full_addr & ((1 << 32) - 1));
                                                                   ^~
/mnt/data/lyq/Kairos/inc/bakshalipour_framework.h: In constructor ‘SetAssociativeCache<T>::SetAssociativeCache(int, int, int)’:
/mnt/data/lyq/Kairos/inc/bakshalipour_framework.h:148:7: warning: declaration of ‘debug_level’ shadows a member of ‘SetAssociativeCache<T>’ [-Wshadow]
       : size(size), num_ways(num_ways), num_sets(size / num_ways), entries(num_sets, vector<Entry>(num_ways)), cams(num_sets), debug_level(debug_level)
       ^
In file included from prefetcher/brtp/brtp.h:16,
                 from prefetcher/brtp/brtp.cc:1:
/mnt/data/lyq/Kairos/inc/bakshalipour_framework.h:285:21: note: shadowed declaration is here
   int debug_level = 0;
                     ^
In file included from prefetcher/brtp/brtp.h:16,
                 from prefetcher/brtp/brtp.cc:1:
/mnt/data/lyq/Kairos/inc/bakshalipour_framework.h:148:7: warning: declaration of ‘num_ways’ shadows a member of ‘SetAssociativeCache<T>’ [-Wshadow]
       : size(size), num_ways(num_ways), num_sets(size / num_ways), entries(num_sets, vector<Entry>(num_ways)), cams(num_sets), debug_level(debug_level)
       ^
In file included from prefetcher/brtp/brtp.h:16,
                 from prefetcher/brtp/brtp.cc:1:
/mnt/data/lyq/Kairos/inc/bakshalipour_framework.h:280:7: note: shadowed declaration is here
   int num_ways;
       ^~~~~~~~
In file included from prefetcher/brtp/brtp.h:16,
                 from prefetcher/brtp/brtp.cc:1:
/mnt/data/lyq/Kairos/inc/bakshalipour_framework.h:148:7: warning: declaration of ‘size’ shadows a member of ‘SetAssociativeCache<T>’ [-Wshadow]
       : size(size), num_ways(num_ways), num_sets(size / num_ways), entries(num_sets, vector<Entry>(num_ways)), cams(num_sets), debug_level(debug_level)
       ^
In file included from prefetcher/brtp/brtp.h:16,
                 from prefetcher/brtp/brtp.cc:1:
/mnt/data/lyq/Kairos/inc/bakshalipour_framework.h:279:7: note: shadowed declaration is here
   int size;
       ^~~~
/mnt/data/lyq/Kairos/inc/bakshalipour_framework.h: In member function ‘void INFMJSetAssociativeCache<T>::mj_update(uint64_t, uint32_t, uint32_t, bool, uint64_t)’:
/mnt/data/lyq/Kairos/inc/bakshalipour_framework.h:1249:67: warning: left shift count >= width of type [-Wshift-count-overflow]
     uint64_t page_sig = get_page_signature(pc, full_addr & ((1 << 32) - 1));
                                                                   ^~
/mnt/data/lyq/Kairos/inc/bakshalipour_framework.h: In member function ‘void INFMJSetAssociativeCache<T>::mj_update(uint64_t, uint32_t, uint32_t, bool, uint64_t)’:
/mnt/data/lyq/Kairos/inc/bakshalipour_framework.h:1249:67: warning: left shift count >= width of type [-Wshift-count-overflow]
     uint64_t page_sig = get_page_signature(pc, full_addr & ((1 << 32) - 1));
                                                                   ^~
/mnt/data/lyq/Kairos/inc/bakshalipour_framework.h: In member function ‘void SetAssociativeCache<T>::set_debug_level(int)’:
/mnt/data/lyq/Kairos/inc/bakshalipour_framework.h:255:41: warning: declaration of ‘debug_level’ shadows a member of ‘SetAssociativeCache<T>’ [-Wshadow]
   void set_debug_level(int debug_level) { this->debug_level = debug_level; }
                                         ^
/mnt/data/lyq/Kairos/inc/bakshalipour_framework.h:285:21: note: shadowed declaration is here
   int debug_level = 0;
                     ^
/mnt/data/lyq/Kairos/inc/bakshalipour_framework.h: In member function ‘void INFMJSetAssociativeCache<T>::mj_update(uint64_t, uint32_t, uint32_t, bool, uint64_t)’:
/mnt/data/lyq/Kairos/inc/bakshalipour_framework.h:1249:67: warning: left shift count >= width of type [-Wshift-count-overflow]
     uint64_t page_sig = get_page_signature(pc, full_addr & ((1 << 32) - 1));
                                                                   ^~
/mnt/data/lyq/Kairos/inc/bakshalipour_framework.h: In member function ‘void INFMJSetAssociativeCache<T>::mj_update(uint64_t, uint32_t, uint32_t, bool, uint64_t)’:
/mnt/data/lyq/Kairos/inc/bakshalipour_framework.h:1249:67: warning: left shift count >= width of type [-Wshift-count-overflow]
     uint64_t page_sig = get_page_signature(pc, full_addr & ((1 << 32) - 1));
                                                                   ^~
/mnt/data/lyq/Kairos/inc/bakshalipour_framework.h: In member function ‘void INFMJSetAssociativeCache<T>::mj_update(uint64_t, uint32_t, uint32_t, bool, uint64_t)’:
/mnt/data/lyq/Kairos/inc/bakshalipour_framework.h:1249:67: warning: left shift count >= width of type [-Wshift-count-overflow]
     uint64_t page_sig = get_page_signature(pc, full_addr & ((1 << 32) - 1));
                                                                   ^~
/mnt/data/lyq/Kairos/inc/bakshalipour_framework.h: In member function ‘void INFMJSetAssociativeCache<T>::mj_update(uint64_t, uint32_t, uint32_t, bool, uint64_t)’:
/mnt/data/lyq/Kairos/inc/bakshalipour_framework.h:1249:67: warning: left shift count >= width of type [-Wshift-count-overflow]
     uint64_t page_sig = get_page_signature(pc, full_addr & ((1 << 32) - 1));
                                                                   ^~
In file included from src/vmem.cc:23:
/mnt/data/lyq/Kairos/inc/dram_controller.h: In member function ‘void MEMORY_CONTROLLER::BwBucketWinMulti::step(uint16_t)’:
/mnt/data/lyq/Kairos/inc/dram_controller.h:220:23: warning: conversion from ‘int’ to ‘std::array<short unsigned int, 16>::value_type’ {aka ‘short unsigned int’} may change value [-Wconversion]
       bin_active[idx] += active_ch;
/mnt/data/lyq/Kairos/inc/dram_controller.h:222:22: warning: conversion from ‘int’ to ‘std::array<short unsigned int, 16>::value_type’ {aka ‘short unsigned int’} may change value [-Wconversion]
       bin_total[idx] += 1;
src/dram_controller.cc: In member function ‘virtual long int MEMORY_CONTROLLER::operate()’:
src/dram_controller.cc:109:78: warning: conversion from ‘int’ to ‘uint16_t’ {aka ‘short unsigned int’} may change value [-Wconversion]
     active += (current_time < ch.dq_payload_until) ? (uint16_t)1 : (uint16_t)0;
                                                                              ^
prefetcher/ipcp/ipcp.cc: In member function ‘void ipcp::prefetcher_initialize()’:
prefetcher/ipcp/ipcp.cc:18:46: error: ‘NUM_IP_TABLE_L1_ENTRIES’ was not declared in this scope
             << "NUM_IP_TABLE_L1_ENTRIES " << NUM_IP_TABLE_L1_ENTRIES << std::endl
                                              ^~~~~~~~~~~~~~~~~~~~~~~
prefetcher/ipcp/ipcp.cc:19:38: error: ‘NUM_GHB_ENTRIES’ was not declared in this scope
             << "NUM_GHB_ENTRIES " << NUM_GHB_ENTRIES << std::endl
                                      ^~~~~~~~~~~~~~~
In file included from /mnt/data/lyq/Kairos/inc/environment.h:24,
                 from .csconfig/core_inst.inc:6,
                 from src/generated_environment.cc:5:
/mnt/data/lyq/Kairos/inc/dram_controller.h: In member function ‘void MEMORY_CONTROLLER::BwBucketWinMulti::step(uint16_t)’:
/mnt/data/lyq/Kairos/inc/dram_controller.h:220:23: warning: conversion from ‘int’ to ‘std::array<short unsigned int, 16>::value_type’ {aka ‘short unsigned int’} may change value [-Wconversion]
       bin_active[idx] += active_ch;
/mnt/data/lyq/Kairos/inc/dram_controller.h:222:22: warning: conversion from ‘int’ to ‘std::array<short unsigned int, 16>::value_type’ {aka ‘short unsigned int’} may change value [-Wconversion]
       bin_total[idx] += 1;
prefetcher/ipcp/ipcp.cc:20:40: error: ‘NUM_IP_INDEX_BITS’ was not declared in this scope
             << "NUM_IP_INDEX_BITS " << NUM_IP_INDEX_BITS << std::endl
                                        ^~~~~~~~~~~~~~~~~
prefetcher/ipcp/ipcp.cc:21:38: error: ‘NUM_IP_TAG_BITS’ was not declared in this scope
             << "NUM_IP_TAG_BITS " << NUM_IP_TAG_BITS << std::endl
                                      ^~~~~~~~~~~~~~~
prefetcher/ipcp/ipcp.cc:22:29: error: ‘S_TYPE’ was not declared in this scope
             << "S_TYPE " << S_TYPE << std::endl
                             ^~~~~~
prefetcher/ipcp/ipcp.cc:22:29: note: suggested alternative: ‘LC_CTYPE’
             << "S_TYPE " << S_TYPE << std::endl
                             ^~~~~~
                             LC_CTYPE
prefetcher/ipcp/ipcp.cc:23:30: error: ‘CS_TYPE’ was not declared in this scope
             << "CS_TYPE " << CS_TYPE << std::endl
                              ^~~~~~~
prefetcher/ipcp/ipcp.cc:23:30: note: suggested alternative: ‘LC_CTYPE’
             << "CS_TYPE " << CS_TYPE << std::endl
                              ^~~~~~~
                              LC_CTYPE
prefetcher/ipcp/ipcp.cc:24:32: error: ‘CPLX_TYPE’ was not declared in this scope
             << "CPLX_TYPE " << CPLX_TYPE << std::endl
                                ^~~~~~~~~
prefetcher/ipcp/ipcp.cc:24:32: note: suggested alternative: ‘LC_CTYPE’
             << "CPLX_TYPE " << CPLX_TYPE << std::endl
                                ^~~~~~~~~
                                LC_CTYPE
prefetcher/ipcp/ipcp.cc:25:30: error: ‘NL_TYPE’ was not declared in this scope
             << "NL_TYPE " << NL_TYPE << std::endl
                              ^~~~~~~
prefetcher/ipcp/ipcp.cc:25:30: note: suggested alternative: ‘LC_CTYPE’
             << "NL_TYPE " << NL_TYPE << std::endl
                              ^~~~~~~
                              LC_CTYPE
prefetcher/ipcp/ipcp.cc: In member function ‘uint32_t ipcp::prefetcher_cache_operate(champsim::address, champsim::address, uint8_t, bool, access_type, uint32_t)’:
prefetcher/ipcp/ipcp.cc:42:28: error: ‘NUM_IP_INDEX_BITS’ was not declared in this scope
   uint16_t ip_tag = (ip >> NUM_IP_INDEX_BITS) & ((1 << NUM_IP_TAG_BITS) - 1);
                            ^~~~~~~~~~~~~~~~~
prefetcher/ipcp/ipcp.cc:42:56: error: ‘NUM_IP_TAG_BITS’ was not declared in this scope
   uint16_t ip_tag = (ip >> NUM_IP_INDEX_BITS) & ((1 << NUM_IP_TAG_BITS) - 1);
                                                        ^~~~~~~~~~~~~~~
In file included from src/cache.cc:17:
/mnt/data/lyq/Kairos/inc/cache.h: In constructor ‘CACHE::CACHE(CACHE&&)’:
/mnt/data/lyq/Kairos/inc/cache.h:166:12: warning: ‘CACHE::available_ways’ will be initialized after [-Wreorder]
   uint32_t available_ways;  // 可用路数
            ^~~~~~~~~~~~~~
/mnt/data/lyq/Kairos/inc/cache.h:164:30: warning:   ‘uint32_t CACHE::MSHR_SIZE’ [-Wreorder]
   uint32_t NUM_SET, NUM_WAY, MSHR_SIZE;
                              ^~~~~~~~~
src/cache.cc:35:1: warning:   when initialized here [-Wreorder]
 CACHE::CACHE(CACHE&& other)
 ^~~~~
prefetcher/ipcp/ipcp.cc:67:7: error: ‘trackers_l1’ was not declared in this scope
   if (trackers_l1[index].ip_tag != ip_tag) { // new/conflict IP
       ^~~~~~~~~~~
prefetcher/ipcp/ipcp.cc:85:35: error: ‘NL_TYPE’ was not declared in this scope
     metadata = encode_metadata(1, NL_TYPE, spec_nl);
                                   ^~~~~~~
prefetcher/ipcp/ipcp.cc:85:35: note: suggested alternative: ‘LC_CTYPE’
     metadata = encode_metadata(1, NL_TYPE, spec_nl);
                                   ^~~~~~~
                                   LC_CTYPE
prefetcher/ipcp/ipcp.cc:94:19: error: ‘trackers_l1’ was not declared in this scope
   if (cl_offset > trackers_l1[index].last_cl_offset)
                   ^~~~~~~~~~~
prefetcher/ipcp/ipcp.cc:106:20: error: ‘trackers_l1’ was not declared in this scope
   if (curr_page != trackers_l1[index].last_page) {
                    ^~~~~~~~~~~
In file included from /mnt/data/lyq/Kairos/inc/environment.h:24,
                 from src/champsim.cc:27:
/mnt/data/lyq/Kairos/inc/dram_controller.h: In member function ‘void MEMORY_CONTROLLER::BwBucketWinMulti::step(uint16_t)’:
/mnt/data/lyq/Kairos/inc/dram_controller.h:220:23: warning: conversion from ‘int’ to ‘std::array<short unsigned int, 16>::value_type’ {aka ‘short unsigned int’} may change value [-Wconversion]
       bin_active[idx] += active_ch;
/mnt/data/lyq/Kairos/inc/dram_controller.h:222:22: warning: conversion from ‘int’ to ‘std::array<short unsigned int, 16>::value_type’ {aka ‘short unsigned int’} may change value [-Wconversion]
       bin_total[idx] += 1;
prefetcher/ipcp/ipcp.cc:114:3: error: ‘trackers_l1’ was not declared in this scope
   trackers_l1[index].conf = update_conf((int)stride, (int)trackers_l1[index].last_stride, trackers_l1[index].conf);
   ^~~~~~~~~~~
prefetcher/ipcp/ipcp.cc:135:10: error: ‘cout’ was not declared in this scope
   SIG_DP(cout << ip << ", " << cache_hit << ", " << cl_addr << ", " << addr << ", " << stride << "; ";
          ^~~~
prefetcher/ipcp/ipcp.cc:135:10: note: suggested alternative:
In file included from prefetcher/ipcp/ipcp.cc:11:
/usr/include/c++/8/iostream:61:18: note:   ‘std::cout’
   extern ostream cout;  /// Linked to standard output
                  ^~~~
prefetcher/ipcp/ipcp.cc:137:118: error: expected primary-expression before ‘)’ token
          cout << trackers_l1[index].last_stride << ", " << stride << ", " << trackers_l1[index].conf << ", " << "; ";);
                                                                                                                      ^
prefetcher/ipcp/ipcp.cc:147:39: error: ‘S_TYPE’ was not declared in this scope
         metadata = encode_metadata(1, S_TYPE, spec_nl); // stride is 1
                                       ^~~~~~
In file included from prefetcher/croage/croage.cc:1:
prefetcher/croage/croage.h: In constructor ‘LRUCache<T>::LRUCache(int)’:
prefetcher/croage/croage.h:45:3: warning: declaration of ‘capacity’ shadows a member of ‘LRUCache<T>’ [-Wshadow]
   {
   ^
prefetcher/croage/croage.h:39:7: note: shadowed declaration is here
   int capacity;
       ^~~~~~~~
In file included from prefetcher/croage/croage.cc:1:
prefetcher/croage/croage.h: In constructor ‘FIFOCache<T>::FIFOCache(int)’:
prefetcher/croage/croage.h:225:3: warning: declaration of ‘capacity’ shadows a member of ‘FIFOCache<T>’ [-Wshadow]
   {
   ^
prefetcher/croage/croage.h:219:7: note: shadowed declaration is here
   int capacity;
       ^~~~~~~~
prefetcher/ipcp/ipcp.cc:147:39: note: suggested alternative: ‘LC_CTYPE’
         metadata = encode_metadata(1, S_TYPE, spec_nl); // stride is 1
                                       ^~~~~~
                                       LC_CTYPE
prefetcher/ipcp/ipcp.cc:150:40: error: ‘S_TYPE’ was not declared in this scope
         metadata = encode_metadata(-1, S_TYPE, spec_nl); // stride is -1
                                        ^~~~~~
prefetcher/croage/croage.h: In constructor ‘CroageRepl<T>::CroageRepl(int)’:
prefetcher/croage/croage.h:435:28: warning: declaration of ‘capacity’ shadows a member of ‘CroageRepl<T>’ [-Wshadow]
   CroageRepl(int capacity) : count(0), capacity(capacity), head(new DLinkedNode()), tail(new DLinkedNode())
                            ^
prefetcher/croage/croage.h:429:7: note: shadowed declaration is here
   int capacity;
       ^~~~~~~~
prefetcher/croage/croage.h: In constructor ‘KeyDetectEntry::KeyDetectEntry(uint64_t, uint64_t, uint64_t)’:
prefetcher/croage/croage.h:666:74: warning: declaration of ‘pc’ shadows a member of ‘KeyDetectEntry’ [-Wshadow]
   KeyDetectEntry(uint64_t pc = 0, uint64_t issue = 0, uint64_t miss = 0) : pc(pc), issue_count(issue), miss_count(miss) {}
                                                                          ^
prefetcher/croage/croage.h:667:12: note: shadowed declaration is here
   uint64_t pc;
            ^~
prefetcher/ipcp/ipcp.cc:150:40: note: suggested alternative: ‘LC_CTYPE’
         metadata = encode_metadata(-1, S_TYPE, spec_nl); // stride is -1
                                        ^~~~~~
                                        LC_CTYPE
prefetcher/ipcp/ipcp.cc:160:7: error: ‘SIG_DP’ was not declared in this scope
       SIG_DP(cout << "1, ");
       ^~~~~~
In file included from prefetcher/triangel/triangel.cc:1:
prefetcher/triangel/triangel.h: In constructor ‘Cacheway<T>::Cacheway(int, ReplacementPolicy, const string&)’:
prefetcher/triangel/triangel.h:127:96: warning: declaration of ‘owner’ shadows a member of ‘Cacheway<T>’ [-Wshadow]
   Cacheway(int capacity, ReplacementPolicy policy = LRU, const std::string& owner = "unknown") : count(0), capacity(capacity), policy(policy), owner(owner)
                                                                                                ^
prefetcher/triangel/triangel.h:120:15: note: shadowed declaration is here
   std::string owner;
               ^~~~~
prefetcher/triangel/triangel.h:127:96: warning: declaration of ‘policy’ shadows a member of ‘Cacheway<T>’ [-Wshadow]
   Cacheway(int capacity, ReplacementPolicy policy = LRU, const std::string& owner = "unknown") : count(0), capacity(capacity), policy(policy), owner(owner)
                                                                                                ^
prefetcher/triangel/triangel.h:118:21: note: shadowed declaration is here
   ReplacementPolicy policy;
                     ^~~~~~
prefetcher/triangel/triangel.h:127:96: warning: declaration of ‘capacity’ shadows a member of ‘Cacheway<T>’ [-Wshadow]
   Cacheway(int capacity, ReplacementPolicy policy = LRU, const std::string& owner = "unknown") : count(0), capacity(capacity), policy(policy), owner(owner)
                                                                                                ^
prefetcher/triangel/triangel.h:116:7: note: shadowed declaration is here
   int capacity;
       ^~~~~~~~
prefetcher/ipcp/ipcp.cc:172:71: error: ‘CS_TYPE’ was not declared in this scope
       metadata = encode_metadata((int)trackers_l1[index].last_stride, CS_TYPE, spec_nl);
                                                                       ^~~~~~~
In file included from prefetcher/triangel/triangel.cc:1:
prefetcher/triangel/triangel.h: In constructor ‘RRIPCacheway<T>::RRIPCacheway(int, const string&)’:
prefetcher/triangel/triangel.h:352:67: warning: declaration of ‘owner’ shadows a member of ‘RRIPCacheway<T>’ [-Wshadow]
   RRIPCacheway(int capacity, const std::string& owner = "unknown"):capacity(capacity), owner(owner), count(0) {}
                                                                   ^
prefetcher/triangel/triangel.h:343:15: note: shadowed declaration is here
   std::string owner;
               ^~~~~
prefetcher/triangel/triangel.h:352:67: warning: declaration of ‘capacity’ shadows a member of ‘RRIPCacheway<T>’ [-Wshadow]
   RRIPCacheway(int capacity, const std::string& owner = "unknown"):capacity(capacity), owner(owner), count(0) {}
                                                                   ^
prefetcher/triangel/triangel.h:344:7: note: shadowed declaration is here
   int capacity;
       ^~~~~~~~
In file included from /mnt/data/lyq/Kairos/inc/stats_printer.h:22,
                 from src/plain_printer.cc:27:
/mnt/data/lyq/Kairos/inc/dram_controller.h: In member function ‘void MEMORY_CONTROLLER::BwBucketWinMulti::step(uint16_t)’:
/mnt/data/lyq/Kairos/inc/dram_controller.h:220:23: warning: conversion from ‘int’ to ‘std::array<short unsigned int, 16>::value_type’ {aka ‘short unsigned int’} may change value [-Wconversion]
       bin_active[idx] += active_ch;
/mnt/data/lyq/Kairos/inc/dram_controller.h:222:22: warning: conversion from ‘int’ to ‘std::array<short unsigned int, 16>::value_type’ {aka ‘short unsigned int’} may change value [-Wconversion]
       bin_total[idx] += 1;
prefetcher/triangel/triangel.h: In constructor ‘AssociativeCache<T>::AssociativeCache(uint64_t, int, ReplacementPolicy, const string&)’:
prefetcher/triangel/triangel.h:477:109: warning: declaration of ‘ways’ shadows a member of ‘AssociativeCache<T>’ [-Wshadow]
   AssociativeCache(uint64_t sets, int ways, ReplacementPolicy policy, const std::string& owner = "unknown") : count(0), set_mask(sets - 1), ways(ways)
                                                                                                             ^
prefetcher/triangel/triangel.h:474:12: note: shadowed declaration is here
   uint64_t ways;
            ^~~~
prefetcher/ipcp/ipcp.cc:172:71: note: suggested alternative: ‘LC_CTYPE’
       metadata = encode_metadata((int)trackers_l1[index].last_stride, CS_TYPE, spec_nl);
                                                                       ^~~~~~~
                                                                       LC_CTYPE
prefetcher/ipcp/ipcp.cc:175:7: error: ‘SIG_DP’ was not declared in this scope
       SIG_DP(cout << trackers_l1[index].last_stride << ", ");
       ^~~~~~
prefetcher/ipcp/ipcp.cc:190:37: error: ‘CPLX_TYPE’ was not declared in this scope
       metadata = encode_metadata(0, CPLX_TYPE, spec_nl);
                                     ^~~~~~~~~
prefetcher/triangel/triangel.h: In constructor ‘MetadataEntry::MetadataEntry(uint64_t, uint64_t)’:
prefetcher/triangel/triangel.h:593:54: warning: declaration of ‘target_addr’ shadows a member of ‘MetadataEntry’ [-Wshadow]
   MetadataEntry(uint64_t addr, uint64_t target_addr) : key(addr), target_addr(target_addr), conf(false), used(false) {}
                                                      ^
prefetcher/triangel/triangel.h:565:12: note: shadowed declaration is here
   uint64_t target_addr;
            ^~~~~~~~~~~
prefetcher/triangel/triangel.h: In constructor ‘HistorySamplerEntry::HistorySamplerEntry(uint64_t, uint64_t, uint64_t, uint64_t)’:
prefetcher/triangel/triangel.h:621:7: warning: declaration of ‘timestamp’ shadows a member of ‘HistorySamplerEntry’ [-Wshadow]
       : key(addr), tu_entry_key(tu_entry), target_addr(target_addr), timestamp(timestamp), reused(false), confident(false)
       ^
prefetcher/triangel/triangel.h:602:12: note: shadowed declaration is here
   uint64_t timestamp;   // local_timestamp
            ^~~~~~~~~
prefetcher/triangel/triangel.h:621:7: warning: declaration of ‘target_addr’ shadows a member of ‘HistorySamplerEntry’ [-Wshadow]
       : key(addr), tu_entry_key(tu_entry), target_addr(target_addr), timestamp(timestamp), reused(false), confident(false)
       ^
prefetcher/triangel/triangel.h:603:12: note: shadowed declaration is here
   uint64_t target_addr; // next
            ^~~~~~~~~~~
prefetcher/triangel/triangel.h:603:12: warning: ‘HistorySamplerEntry::target_addr’ will be initialized after [-Wreorder]
prefetcher/triangel/triangel.h:602:12: warning:   ‘uint64_t HistorySamplerEntry::timestamp’ [-Wreorder]
   uint64_t timestamp;   // local_timestamp
            ^~~~~~~~~
prefetcher/triangel/triangel.h:620:3: warning:   when initialized here [-Wreorder]
   HistorySamplerEntry(uint64_t addr, uint64_t tu_entry, uint64_t target_addr, uint64_t timestamp)
   ^~~~~~~~~~~~~~~~~~~
prefetcher/triangel/triangel.h: In constructor ‘SecondChanceSamplerEntry::SecondChanceSamplerEntry(uint64_t, uint64_t, uint64_t)’:
prefetcher/triangel/triangel.h:659:82: warning: declaration of ‘timestamp’ shadows a member of ‘SecondChanceSamplerEntry’ [-Wshadow]
   SecondChanceSamplerEntry(uint64_t addr, uint64_t train_pc, uint64_t timestamp) : key(addr), train_pc(train_pc), timestamp(timestamp), used(false) {}
                                                                                  ^
prefetcher/triangel/triangel.h:646:12: note: shadowed declaration is here
   uint64_t timestamp;
            ^~~~~~~~~
prefetcher/triangel/triangel.h:659:82: warning: declaration of ‘train_pc’ shadows a member of ‘SecondChanceSamplerEntry’ [-Wshadow]
   SecondChanceSamplerEntry(uint64_t addr, uint64_t train_pc, uint64_t timestamp) : key(addr), train_pc(train_pc), timestamp(timestamp), used(false) {}
                                                                                  ^
prefetcher/triangel/triangel.h:645:12: note: shadowed declaration is here
   uint64_t train_pc;
            ^~~~~~~~
prefetcher/ipcp/ipcp.cc:190:37: note: suggested alternative: ‘LC_CTYPE’
       metadata = encode_metadata(0, CPLX_TYPE, spec_nl);
                                     ^~~~~~~~~
                                     LC_CTYPE
prefetcher/ipcp/ipcp.cc:194:9: error: ‘SIG_DP’ was not declared in this scope
         SIG_DP(cout << pref_offset << ", ");
         ^~~~~~
prefetcher/ipcp/ipcp.cc:203:35: error: ‘NL_TYPE’ was not declared in this scope
     metadata = encode_metadata(1, NL_TYPE, spec_nl);
                                   ^~~~~~~
prefetcher/ipcp/ipcp.cc:203:35: note: suggested alternative: ‘LC_CTYPE’
     metadata = encode_metadata(1, NL_TYPE, spec_nl);
                                   ^~~~~~~
                                   LC_CTYPE
prefetcher/ipcp/ipcp.cc:205:5: error: ‘SIG_DP’ was not declared in this scope
     SIG_DP(cout << "1, ");
     ^~~~~~
prefetcher/ipcp/ipcp.cc:208:3: error: ‘SIG_DP’ was not declared in this scope
   SIG_DP(cout << std::endl);
   ^~~~~~
prefetcher/ipcp/ipcp.cc:217:35: error: ‘NUM_GHB_ENTRIES’ was not declared in this scope
   for (ghb_index = 0; ghb_index < NUM_GHB_ENTRIES; ghb_index++)
                                   ^~~~~~~~~~~~~~~
src/dram_controller.cc: At global scope:
src/dram_controller.cc:629:104: warning: extra ‘;’ [-Wpedantic]
 std::size_t DRAM_CHANNEL::bankgroup_request_capacity() const { return std::size(bankgroup_readytime); };
                                                                                                        ^
prefetcher/ipcp/ipcp.cc:218:20: error: ‘ghb_l1’ was not declared in this scope
     if (cl_addr == ghb_l1[ghb_index])
                    ^~~~~~
prefetcher/ipcp/ipcp.cc:218:20: note: suggested alternative: ‘DPT_l1’
     if (cl_addr == ghb_l1[ghb_index])
                    ^~~~~~
                    DPT_l1
prefetcher/ipcp/ipcp.cc:221:20: error: ‘NUM_GHB_ENTRIES’ was not declared in this scope
   if (ghb_index == NUM_GHB_ENTRIES) {
                    ^~~~~~~~~~~~~~~
prefetcher/triangel/triangel.h: In constructor ‘SetDuellerEntry::SetDuellerEntry(uint64_t)’:
prefetcher/triangel/triangel.h:681:33: warning: declaration of ‘set’ shadows a member of ‘SetDuellerEntry’ [-Wshadow]
   SetDuellerEntry(uint64_t set) : set(set) {}
                                 ^
prefetcher/triangel/triangel.h:674:12: note: shadowed declaration is here
   uint64_t set; // which set this entry corresponds to (0 ~ 2047)
            ^~~
prefetcher/ipcp/ipcp.cc:223:7: error: ‘ghb_l1’ was not declared in this scope
       ghb_l1[ghb_index] = ghb_l1[ghb_index - 1];
       ^~~~~~
prefetcher/ipcp/ipcp.cc:223:7: note: suggested alternative: ‘DPT_l1’
       ghb_l1[ghb_index] = ghb_l1[ghb_index - 1];
       ^~~~~~
       DPT_l1
prefetcher/ipcp/ipcp.cc:224:5: error: ‘ghb_l1’ was not declared in this scope
     ghb_l1[0] = cl_addr;
     ^~~~~~
prefetcher/ipcp/ipcp.cc:224:5: note: suggested alternative: ‘DPT_l1’
     ghb_l1[0] = cl_addr;
     ^~~~~~
     DPT_l1
prefetcher/ipcp/ipcp.cc: In member function ‘void ipcp::check_for_stream_l1(int, uint64_t)’:
prefetcher/ipcp/ipcp.cc:277:23: error: ‘NUM_GHB_ENTRIES’ was not declared in this scope
   for (int i = 0; i < NUM_GHB_ENTRIES; i++) {
                       ^~~~~~~~~~~~~~~
prefetcher/ipcp/ipcp.cc:280:25: error: ‘ghb_l1’ was not declared in this scope
       if (check_addr == ghb_l1[j]) {
                         ^~~~~~
prefetcher/croage/croage.h: In member function ‘bool KeyDetect::update(uint64_t, uint8_t)’:
prefetcher/croage/croage.h:750:27: warning: conversion from ‘uint64_t’ {aka ‘long unsigned int’} to ‘std::set<unsigned int>::value_type’ {aka ‘unsigned int’} may change value [-Wconversion]
           key_pc.insert(i.pc);
                         ~~^~
prefetcher/triangel/triangel.h: In constructor ‘SetDueller::SetDueller(uint64_t)’:
prefetcher/triangel/triangel.h:691:58: warning: declaration of ‘sets’ shadows a member of ‘SetDueller’ [-Wshadow]
   SetDueller(uint64_t sets = (1 << TRNGL_SD_INDEX_BITS)) : sets(sets), dueller_counters(9, 0) { Randomize(); }
                                                          ^
prefetcher/triangel/triangel.h:688:7: note: shadowed declaration is here
   int sets;
       ^~~~
prefetcher/ipcp/ipcp.cc:280:25: note: suggested alternative: ‘DPT_l1’
       if (check_addr == ghb_l1[j]) {
                         ^~~~~~
                         DPT_l1
prefetcher/ipcp/ipcp.cc:288:23: error: ‘NUM_GHB_ENTRIES’ was not declared in this scope
   for (int i = 0; i < NUM_GHB_ENTRIES; i++) {
                       ^~~~~~~~~~~~~~~
prefetcher/triangel/triangel.h:691:93: warning: conversion from ‘uint64_t’ {aka ‘long unsigned int’} to ‘int’ may change value [-Wconversion]
   SetDueller(uint64_t sets = (1 << TRNGL_SD_INDEX_BITS)) : sets(sets), dueller_counters(9, 0) { Randomize(); }
                                                                                             ^
prefetcher/croage/croage.h: In constructor ‘TrainUnitEntry::TrainUnitEntry(uint64_t, uint64_t)’:
prefetcher/croage/croage.h:769:50: warning: declaration of ‘cur_addr’ shadows a member of ‘TrainUnitEntry’ [-Wshadow]
   TrainUnitEntry(uint64_t pc, uint64_t cur_addr) : pc(pc), last_addr(0), cur_addr(cur_addr), total_evict(0), useful_evict(0), useful_tu(false), bo(BOP()) {}
                                                  ^
prefetcher/croage/croage.h:772:12: note: shadowed declaration is here
   uint64_t cur_addr;
            ^~~~~~~~
prefetcher/croage/croage.h:769:50: warning: declaration of ‘pc’ shadows a member of ‘TrainUnitEntry’ [-Wshadow]
   TrainUnitEntry(uint64_t pc, uint64_t cur_addr) : pc(pc), last_addr(0), cur_addr(cur_addr), total_evict(0), useful_evict(0), useful_tu(false), bo(BOP()) {}
                                                  ^
prefetcher/croage/croage.h:770:12: note: shadowed declaration is here
   uint64_t pc;
            ^~
prefetcher/ipcp/ipcp.cc:291:25: error: ‘ghb_l1’ was not declared in this scope
       if (check_addr == ghb_l1[j]) {
                         ^~~~~~
prefetcher/ipcp/ipcp.cc:291:25: note: suggested alternative: ‘DPT_l1’
       if (check_addr == ghb_l1[j]) {
                         ^~~~~~
                         DPT_l1
prefetcher/ipcp/ipcp.cc:298:5: error: ‘trackers_l1’ was not declared in this scope
     trackers_l1[index].str_dir = 1;
     ^~~~~~~~~~~
prefetcher/triangel/triangel.h: In member function ‘void SetDueller::Randomize()’:
prefetcher/triangel/triangel.h:700:28: warning: comparison of integer expressions of different signedness: ‘uint64_t’ {aka ‘long unsigned int’} and ‘int’ [-Wsign-compare]
     for (uint64_t i = 0; i < sets; i++) {
                          ~~^~~~~~
prefetcher/ipcp/ipcp.cc:301:5: error: ‘trackers_l1’ was not declared in this scope
     trackers_l1[index].str_dir = 0;
     ^~~~~~~~~~~
src/cache.cc: In member function ‘bool CACHE::handle_miss(const CACHE::tag_lookup_type&)’:
src/cache.cc:369:8: warning: variable ‘is_late’ set but not used [-Wunused-but-set-variable]
   bool is_late = false;
        ^~~~~~~
prefetcher/ipcp/ipcp.cc:305:15: error: ‘NUM_GHB_ENTRIES’ was not declared in this scope
   if (count > NUM_GHB_ENTRIES / 2) { // stream is detected
               ^~~~~~~~~~~~~~~
prefetcher/ipcp/ipcp.cc:306:5: error: ‘trackers_l1’ was not declared in this scope
     trackers_l1[index].str_valid = 1;
     ^~~~~~~~~~~
prefetcher/ipcp/ipcp.cc:310:9: error: ‘trackers_l1’ was not declared in this scope
     if (trackers_l1[index].str_strength == 0) // if identified as weak stream, we need to reset
         ^~~~~~~~~~~
prefetcher/triangel/triangel.h: In member function ‘void SetDueller::TryCacheHit(uint64_t)’:
prefetcher/triangel/triangel.h:715:12: warning: unused variable ‘fucker’ [-Wunused-variable]
       auto fucker = &table[addr & CACHE_SETMASK];
            ^~~~~~
prefetcher/triangel/triangel.h: In member function ‘void Metadata::repartition(uint64_t)’:
prefetcher/triangel/triangel.h:861:76: warning: conversion from ‘uint64_t’ {aka ‘long unsigned int’} to ‘int’ may change value [-Wconversion]
         lru_cache->incrementCapacity((new_cache_way - cache_way_allocated) * 12);
                                      ~~~~~~~~~~~~~~~~~~~~~~~~~~~~~~~~~~~~~~^~~~
prefetcher/triangel/triangel.h:866:93: warning: conversion from ‘uint64_t’ {aka ‘long unsigned int’} to ‘int’ may change value [-Wconversion]
         total_evicted += lru_cache->decrementCapacity((cache_way_allocated - new_cache_way) * 12);
                                                       ~~~~~~~~~~~~~~~~~~~~~~~~~~~~~~~~~~~~~~^~~~
src/cache.cc: In member function ‘virtual long int CACHE::operate()’:
src/cache.cc:574:40: warning: ‘uint64_t champsim::operable::current_cycle() const’ is deprecated [-Wdeprecated-declarations]
     if (p.first <= champsim::operable::current_cycle()) {
                                        ^~~~~~~~~~~~~
In file included from /mnt/data/lyq/Kairos/inc/cache.h:46,
                 from src/cache.cc:17:
/mnt/data/lyq/Kairos/inc/operable.h:44:27: note: declared here
   [[deprecated]] uint64_t current_cycle() const;
                           ^~~~~~~~~~~~~
src/cache.cc:574:54: warning: ‘uint64_t champsim::operable::current_cycle() const’ is deprecated [-Wdeprecated-declarations]
     if (p.first <= champsim::operable::current_cycle()) {
                                                      ^
In file included from /mnt/data/lyq/Kairos/inc/cache.h:46,
                 from src/cache.cc:17:
/mnt/data/lyq/Kairos/inc/operable.h:44:27: note: declared here
   [[deprecated]] uint64_t current_cycle() const;
                           ^~~~~~~~~~~~~
prefetcher/croage/croage.h: In member function ‘void croage::resize_metadata(int8_t)’:
prefetcher/croage/croage.h:950:56: warning: conversion from ‘uint64_t’ {aka ‘long unsigned int’} to ‘uint32_t’ {aka ‘unsigned int’} may change value [-Wconversion]
         uint32_t occupied_ways = current_metadata_size / 12;
                                  ~~~~~~~~~~~~~~~~~~~~~~^~~~
prefetcher/croage/croage.h: In member function ‘void croage::evaluate_window()’:
prefetcher/croage/croage.h:1045:58: warning: conversion from ‘long unsigned int’ to ‘double’ may change value [-Wconversion]
     double miss_rate = static_cast<double>(miss_count) / TRACKING_WINDOW;
                                                          ^~~~~~~~~~~~~~~
prefetcher/croage/croage.h:1051:59: warning: conversion from ‘uint64_t’ {aka ‘long unsigned int’} to ‘double’ may change value [-Wconversion]
       utility = static_cast<double>(prefetch_hit_count) / miss_count;
                                                           ^~~~~~~~~~
prefetcher/croage/croage.h:1058:76: warning: conversion from ‘uint64_t’ {aka ‘long unsigned int’} to ‘double’ may change value [-Wconversion]
       delta_miss = static_cast<double>(miss_count - previous_miss_count) / access_count;
                                                                            ^~~~~~~~~~~~
prefetcher/croage/croage.h:1072:54: warning: conversion from ‘uint64_t’ {aka ‘long unsigned int’} to ‘double’ may change value [-Wconversion]
         && static_cast<double>(prefetch_hit_count) / access_count > static_cast<double>(current_metadata_size) / (MAX_METADATA_SIZE + 12)) {
                                                      ^~~~~~~~~~~~
prefetcher/croage/croage.h:1072:133: warning: conversion from ‘long unsigned int’ to ‘double’ may change value [-Wconversion]
         && static_cast<double>(prefetch_hit_count) / access_count > static_cast<double>(current_metadata_size) / (MAX_METADATA_SIZE + 12)) {
                                                                                                                  ~~~~~~~~~~~~~~~~~~~^~~~~
prefetcher/croage/croage.h: In member function ‘void croage::tem_up(uint64_t, uint64_t, uint64_t, bool)’:
prefetcher/croage/croage.h:1147:3: warning: declaration of ‘last_addr’ shadows a member of ‘croage’ [-Wshadow]
   {
   ^
prefetcher/croage/croage.h:822:24: note: shadowed declaration is here
   uint64_t last_addr = 0;
                        ^
prefetcher/croage/croage.h:1155:16: warning: declaration of ‘uint64_t pc’ shadows a parameter [-Wshadow]
       uint64_t pc = CAM[pop_addr];
                ^~
prefetcher/croage/croage.h:1146:63: note: shadowed declaration is here
   void tem_up(uint64_t last_addr, uint64_t cur_addr, uint64_t pc, bool useful_tu)
                                                      ~~~~~~~~~^~
In file included from prefetcher/resize_tr/resize_tr.h:20,
                 from prefetcher/resize_tr/resize_tr.cc:1:
prefetcher/resize_tr/../triangel/triangel.h: In constructor ‘Cacheway<T>::Cacheway(int, ReplacementPolicy, const string&)’:
prefetcher/resize_tr/../triangel/triangel.h:127:96: warning: declaration of ‘owner’ shadows a member of ‘Cacheway<T>’ [-Wshadow]
   Cacheway(int capacity, ReplacementPolicy policy = LRU, const std::string& owner = "unknown") : count(0), capacity(capacity), policy(policy), owner(owner)
                                                                                                ^
prefetcher/resize_tr/../triangel/triangel.h:120:15: note: shadowed declaration is here
   std::string owner;
               ^~~~~
prefetcher/resize_tr/../triangel/triangel.h:127:96: warning: declaration of ‘policy’ shadows a member of ‘Cacheway<T>’ [-Wshadow]
   Cacheway(int capacity, ReplacementPolicy policy = LRU, const std::string& owner = "unknown") : count(0), capacity(capacity), policy(policy), owner(owner)
                                                                                                ^
prefetcher/resize_tr/../triangel/triangel.h:118:21: note: shadowed declaration is here
   ReplacementPolicy policy;
                     ^~~~~~
prefetcher/resize_tr/../triangel/triangel.h:127:96: warning: declaration of ‘capacity’ shadows a member of ‘Cacheway<T>’ [-Wshadow]
   Cacheway(int capacity, ReplacementPolicy policy = LRU, const std::string& owner = "unknown") : count(0), capacity(capacity), policy(policy), owner(owner)
                                                                                                ^
prefetcher/resize_tr/../triangel/triangel.h:116:7: note: shadowed declaration is here
   int capacity;
       ^~~~~~~~
prefetcher/croage/croage.h: In member function ‘uint64_t croage::tem_pre(uint64_t)’:
prefetcher/croage/croage.h:1183:3: warning: declaration of ‘last_addr’ shadows a member of ‘croage’ [-Wshadow]
   {
   ^
prefetcher/croage/croage.h:822:24: note: shadowed declaration is here
   uint64_t last_addr = 0;
                        ^
In file included from prefetcher/resize_tr/resize_tr.h:20,
                 from prefetcher/resize_tr/resize_tr.cc:1:
prefetcher/resize_tr/../triangel/triangel.h: In constructor ‘RRIPCacheway<T>::RRIPCacheway(int, const string&)’:
prefetcher/resize_tr/../triangel/triangel.h:352:67: warning: declaration of ‘owner’ shadows a member of ‘RRIPCacheway<T>’ [-Wshadow]
   RRIPCacheway(int capacity, const std::string& owner = "unknown"):capacity(capacity), owner(owner), count(0) {}
                                                                   ^
prefetcher/resize_tr/../triangel/triangel.h:343:15: note: shadowed declaration is here
   std::string owner;
               ^~~~~
prefetcher/resize_tr/../triangel/triangel.h:352:67: warning: declaration of ‘capacity’ shadows a member of ‘RRIPCacheway<T>’ [-Wshadow]
   RRIPCacheway(int capacity, const std::string& owner = "unknown"):capacity(capacity), owner(owner), count(0) {}
                                                                   ^
prefetcher/resize_tr/../triangel/triangel.h:344:7: note: shadowed declaration is here
   int capacity;
       ^~~~~~~~
prefetcher/croage/croage.h: In member function ‘void croage::train(uint64_t, uint64_t, uint8_t, bool)’:
prefetcher/croage/croage.h:1235:20: warning: declaration of ‘last_addr’ shadows a member of ‘croage’ [-Wshadow]
           uint64_t last_addr = t_unit->cur_addr;
                    ^~~~~~~~~
prefetcher/croage/croage.h:822:24: note: shadowed declaration is here
   uint64_t last_addr = 0;
                        ^
prefetcher/resize_tr/../triangel/triangel.h: In constructor ‘AssociativeCache<T>::AssociativeCache(uint64_t, int, ReplacementPolicy, const string&)’:
prefetcher/resize_tr/../triangel/triangel.h:477:109: warning: declaration of ‘ways’ shadows a member of ‘AssociativeCache<T>’ [-Wshadow]
   AssociativeCache(uint64_t sets, int ways, ReplacementPolicy policy, const std::string& owner = "unknown") : count(0), set_mask(sets - 1), ways(ways)
                                                                                                             ^
prefetcher/resize_tr/../triangel/triangel.h:474:12: note: shadowed declaration is here
   uint64_t ways;
            ^~~~
prefetcher/croage/croage.cc: In member function ‘uint32_t croage::prefetcher_cache_operate(champsim::address, champsim::address, uint8_t, bool, access_type, uint32_t)’:
prefetcher/croage/croage.cc:33:23: warning: comparison of integer expressions of different signedness: ‘int’ and ‘std::vector<long unsigned int>::size_type’ {aka ‘long unsigned int’} [-Wsign-compare]
     for (int i = 0; i < prefetch_candidate.size(); i++) {
                     ~~^~~~~~~~~~~~~~~~~~~~~~~~~~~
prefetcher/croage/croage.cc: In member function ‘uint32_t croage::prefetcher_cache_fill(champsim::address, long int, long int, uint8_t, champsim::address, uint32_t)’:
prefetcher/croage/croage.cc:46:12: warning: unused variable ‘line_addr’ [-Wunused-variable]
   uint64_t line_addr = (addr.to<uint64_t>() >> LOG2_BLOCK_SIZE); // Line addr
            ^~~~~~~~~
src/cache.cc: In member function ‘bool CACHE::prefetch_line(champsim::address, bool, uint32_t, int*)’:
src/cache.cc:669:59: warning: ‘uint64_t champsim::operable::current_cycle() const’ is deprecated [-Wdeprecated-declarations]
     delay_prefetch_queue.emplace_back(champsim::operable::current_cycle() + PF_DELAY, tag_lookup_type(pf_packet, true, !fill_this_level));
                                                           ^~~~~~~~~~~~~
In file included from /mnt/data/lyq/Kairos/inc/cache.h:46,
                 from src/cache.cc:17:
/mnt/data/lyq/Kairos/inc/operable.h:44:27: note: declared here
   [[deprecated]] uint64_t current_cycle() const;
                           ^~~~~~~~~~~~~
src/cache.cc:669:73: warning: ‘uint64_t champsim::operable::current_cycle() const’ is deprecated [-Wdeprecated-declarations]
     delay_prefetch_queue.emplace_back(champsim::operable::current_cycle() + PF_DELAY, tag_lookup_type(pf_packet, true, !fill_this_level));
                                                                         ^
In file included from /mnt/data/lyq/Kairos/inc/cache.h:46,
                 from src/cache.cc:17:
/mnt/data/lyq/Kairos/inc/operable.h:44:27: note: declared here
   [[deprecated]] uint64_t current_cycle() const;
                           ^~~~~~~~~~~~~
prefetcher/resize_tr/../triangel/triangel.h: In constructor ‘MetadataEntry::MetadataEntry(uint64_t, uint64_t)’:
prefetcher/resize_tr/../triangel/triangel.h:593:54: warning: declaration of ‘target_addr’ shadows a member of ‘MetadataEntry’ [-Wshadow]
   MetadataEntry(uint64_t addr, uint64_t target_addr) : key(addr), target_addr(target_addr), conf(false), used(false) {}
                                                      ^
prefetcher/resize_tr/../triangel/triangel.h:565:12: note: shadowed declaration is here
   uint64_t target_addr;
            ^~~~~~~~~~~
prefetcher/resize_tr/../triangel/triangel.h: In constructor ‘HistorySamplerEntry::HistorySamplerEntry(uint64_t, uint64_t, uint64_t, uint64_t)’:
prefetcher/resize_tr/../triangel/triangel.h:621:7: warning: declaration of ‘timestamp’ shadows a member of ‘HistorySamplerEntry’ [-Wshadow]
       : key(addr), tu_entry_key(tu_entry), target_addr(target_addr), timestamp(timestamp), reused(false), confident(false)
       ^
prefetcher/resize_tr/../triangel/triangel.h:602:12: note: shadowed declaration is here
   uint64_t timestamp;   // local_timestamp
            ^~~~~~~~~
prefetcher/resize_tr/../triangel/triangel.h:621:7: warning: declaration of ‘target_addr’ shadows a member of ‘HistorySamplerEntry’ [-Wshadow]
       : key(addr), tu_entry_key(tu_entry), target_addr(target_addr), timestamp(timestamp), reused(false), confident(false)
       ^
prefetcher/resize_tr/../triangel/triangel.h:603:12: note: shadowed declaration is here
   uint64_t target_addr; // next
            ^~~~~~~~~~~
prefetcher/resize_tr/../triangel/triangel.h:603:12: warning: ‘HistorySamplerEntry::target_addr’ will be initialized after [-Wreorder]
prefetcher/resize_tr/../triangel/triangel.h:602:12: warning:   ‘uint64_t HistorySamplerEntry::timestamp’ [-Wreorder]
   uint64_t timestamp;   // local_timestamp
            ^~~~~~~~~
prefetcher/resize_tr/../triangel/triangel.h:620:3: warning:   when initialized here [-Wreorder]
   HistorySamplerEntry(uint64_t addr, uint64_t tu_entry, uint64_t target_addr, uint64_t timestamp)
   ^~~~~~~~~~~~~~~~~~~
src/cache.cc:687:30: warning: conversion from ‘std::_Deque_iterator<CACHE::tag_lookup_type, CACHE::tag_lookup_type&, CACHE::tag_lookup_type*>::difference_type’ {aka ‘long int’} to ‘int’ may change value [-Wconversion]
         *pq_index = pf_entry - std::begin(internal_PQ);
                     ~~~~~~~~~^~~~~~~~~~~~~~~~~~~~~~~~~
src/cache.cc:702:38: warning: conversion from ‘std::deque<CACHE::tag_lookup_type>::size_type’ {aka ‘long unsigned int’} to ‘int’ may change value [-Wconversion]
       *pq_index = internal_PQ.size() - 1;
                   ~~~~~~~~~~~~~~~~~~~^~~
prefetcher/resize_tr/../triangel/triangel.h: In constructor ‘SecondChanceSamplerEntry::SecondChanceSamplerEntry(uint64_t, uint64_t, uint64_t)’:
prefetcher/resize_tr/../triangel/triangel.h:659:82: warning: declaration of ‘timestamp’ shadows a member of ‘SecondChanceSamplerEntry’ [-Wshadow]
   SecondChanceSamplerEntry(uint64_t addr, uint64_t train_pc, uint64_t timestamp) : key(addr), train_pc(train_pc), timestamp(timestamp), used(false) {}
                                                                                  ^
prefetcher/resize_tr/../triangel/triangel.h:646:12: note: shadowed declaration is here
   uint64_t timestamp;
            ^~~~~~~~~
prefetcher/resize_tr/../triangel/triangel.h:659:82: warning: declaration of ‘train_pc’ shadows a member of ‘SecondChanceSamplerEntry’ [-Wshadow]
   SecondChanceSamplerEntry(uint64_t addr, uint64_t train_pc, uint64_t timestamp) : key(addr), train_pc(train_pc), timestamp(timestamp), used(false) {}
                                                                                  ^
prefetcher/resize_tr/../triangel/triangel.h:645:12: note: shadowed declaration is here
   uint64_t train_pc;
            ^~~~~~~~
prefetcher/triangel/triangel.cc: In member function ‘uint32_t triangel::prefetcher_cache_operate(champsim::address, champsim::address, uint8_t, bool, access_type, uint32_t)’:
prefetcher/triangel/triangel.cc:70:26: warning: declaration of ‘TU_entry’ shadows a previous local [-Wshadow]
       TrainingUnitEntry* TU_entry = TU->find(SC_entry->train_pc);
                          ^~~~~~~~
prefetcher/triangel/triangel.cc:17:22: note: shadowed declaration is here
   TrainingUnitEntry* TU_entry = TU->get(pc);
                      ^~~~~~~~
prefetcher/triangel/triangel.cc:116:35: warning: declaration of ‘SC_entry’ shadows a previous local [-Wshadow]
         SecondChanceSamplerEntry* SC_entry = SC->get_victim(HS_entry->target_addr);
                                   ^~~~~~~~
prefetcher/triangel/triangel.cc:64:31: note: shadowed declaration is here
     SecondChanceSamplerEntry* SC_entry = SC->find(line_addr); /* 在 Second Chance Sampler 中查找当前地址对应的 Entry */
                               ^~~~~~~~
prefetcher/triangel/triangel.cc:121:30: warning: declaration of ‘TU_entry’ shadows a previous local [-Wshadow]
           TrainingUnitEntry* TU_entry = TU->find(SC_entry->train_pc);
                              ^~~~~~~~
prefetcher/triangel/triangel.cc:17:22: note: shadowed declaration is here
   TrainingUnitEntry* TU_entry = TU->get(pc);
                      ^~~~~~~~
prefetcher/triangel/triangel.cc:139:65: warning: conversion from ‘uint64_t’ {aka ‘long unsigned int’} to ‘int’ may change value [-Wconversion]
     else if (should_sample || RandomChance(TU_entry->reuse_conf.value, TU_entry->sample_rate.value)) {
                                            ~~~~~~~~~~~~~~~~~~~~~^~~~~
prefetcher/triangel/triangel.cc:139:94: warning: conversion from ‘uint64_t’ {aka ‘long unsigned int’} to ‘int’ may change value [-Wconversion]
     else if (should_sample || RandomChance(TU_entry->reuse_conf.value, TU_entry->sample_rate.value)) {
                                                                        ~~~~~~~~~~~~~~~~~~~~~~^~~~~
prefetcher/triangel/triangel.cc:141:12: warning: declaration of ‘HS_entry’ shadows a previous local [-Wshadow]
       auto HS_entry = HS->get_victim(TU_entry->last_addr0);
            ^~~~~~~~
prefetcher/triangel/triangel.cc:87:26: note: shadowed declaration is here
     HistorySamplerEntry* HS_entry = HS->find(TU_entry->last_addr0);
                          ^~~~~~~~
prefetcher/triangel/triangel.cc:188:78: warning: conversion from ‘uint64_t’ {aka ‘long unsigned int’} to ‘double’ may change value [-Wconversion]
     if (target_size != (current_partition) && target_score > current_score * 1.25) {
                                                                              ^~~~
prefetcher/triangel/triangel.cc:188:78: warning: conversion from ‘uint64_t’ {aka ‘long unsigned int’} to ‘double’ may change value [-Wconversion]
prefetcher/triangel/triangel.cc:245:16: warning: unused variable ‘success’ [-Wunused-variable]
     const bool success = prefetch_line(prefetch_addr, true, 0);
                ^~~~~~~
In file included from prefetcher/drtp/drtp.cc:1:
prefetcher/drtp/drtp.h: In constructor ‘drtpMetaTable::drtpMetaTable(int, int)’:
prefetcher/drtp/drtp.h:49:41: warning: declaration of ‘num_ways’ shadows a member of ‘drtpMetaTable’ [-Wshadow]
   drtpMetaTable(int size, int num_ways) : Super(size, num_ways), prefetcher(nullptr) {}
                                         ^
In file included from prefetcher/drtp/drtp.h:16,
                 from prefetcher/drtp/drtp.cc:1:
/mnt/data/lyq/Kairos/inc/bakshalipour_framework.h:280:7: note: shadowed declaration is here
   int num_ways;
       ^~~~~~~~
In file included from prefetcher/drtp/drtp.cc:1:
prefetcher/drtp/drtp.h:49:41: warning: declaration of ‘size’ shadows a member of ‘drtpMetaTable’ [-Wshadow]
   drtpMetaTable(int size, int num_ways) : Super(size, num_ways), prefetcher(nullptr) {}
                                         ^
In file included from prefetcher/drtp/drtp.h:16,
                 from prefetcher/drtp/drtp.cc:1:
/mnt/data/lyq/Kairos/inc/bakshalipour_framework.h:279:7: note: shadowed declaration is here
   int size;
       ^~~~
In file included from prefetcher/resize_kr/resize_kr.cc:1:
prefetcher/resize_kr/resize_kr.h: In constructor ‘resize_krMetaTable::resize_krMetaTable(int, int)’:
prefetcher/resize_kr/resize_kr.h:50:46: warning: declaration of ‘num_ways’ shadows a member of ‘resize_krMetaTable’ [-Wshadow]
   resize_krMetaTable(int size, int num_ways) : Super(size, num_ways), prefetcher(nullptr) {}
                                              ^
In file included from prefetcher/resize_kr/resize_kr.h:16,
                 from prefetcher/resize_kr/resize_kr.cc:1:
/mnt/data/lyq/Kairos/inc/bakshalipour_framework.h:280:7: note: shadowed declaration is here
   int num_ways;
       ^~~~~~~~
In file included from prefetcher/resize_kr/resize_kr.cc:1:
prefetcher/resize_kr/resize_kr.h:50:46: warning: declaration of ‘size’ shadows a member of ‘resize_krMetaTable’ [-Wshadow]
   resize_krMetaTable(int size, int num_ways) : Super(size, num_ways), prefetcher(nullptr) {}
                                              ^
In file included from prefetcher/resize_kr/resize_kr.h:16,
                 from prefetcher/resize_kr/resize_kr.cc:1:
/mnt/data/lyq/Kairos/inc/bakshalipour_framework.h:279:7: note: shadowed declaration is here
   int size;
       ^~~~
prefetcher/resize_tr/../triangel/triangel.h: In constructor ‘SetDuellerEntry::SetDuellerEntry(uint64_t)’:
prefetcher/resize_tr/../triangel/triangel.h:681:33: warning: declaration of ‘set’ shadows a member of ‘SetDuellerEntry’ [-Wshadow]
   SetDuellerEntry(uint64_t set) : set(set) {}
                                 ^
prefetcher/resize_tr/../triangel/triangel.h:674:12: note: shadowed declaration is here
   uint64_t set; // which set this entry corresponds to (0 ~ 2047)
            ^~~
prefetcher/drtp/drtp.cc: In member function ‘int drtp::issue_metatable(drtpMetaTable*, uint64_t, std::vector<long unsigned int>&)’:
prefetcher/drtp/drtp.cc:6:102: warning: declaration of ‘metaTable’ shadows a member of ‘drtp’ [-Wshadow]
 int drtp::issue_metatable(drtpMetaTable* metaTable, uint64_t lookup, std::vector<uint64_t>& addresses)
                                                                                                      ^
In file included from prefetcher/drtp/drtp.cc:1:
prefetcher/drtp/drtp.h:91:81: note: shadowed declaration is here
   drtpMetaTable* metaTable = new drtpMetaTable(META_TABLE_SIZE, META_TABLE_ASSOC);
                                                                                 ^
In file included from prefetcher/kairos/kairos.h:7,
                 from prefetcher/kairos/kairos.cc:1:
/mnt/data/lyq/Kairos/inc/bakshalipour_framework.h: In constructor ‘Table::Table(int, int)’:
/mnt/data/lyq/Kairos/inc/bakshalipour_framework.h:25:32: warning: declaration of ‘height’ shadows a member of ‘Table’ [-Wshadow]
   Table(int width, int height) : width(width), height(height), cells(height, vector<string>(width)) {}
                                ^
/mnt/data/lyq/Kairos/inc/bakshalipour_framework.h:129:12: note: shadowed declaration is here
   unsigned height;
            ^~~~~~
/mnt/data/lyq/Kairos/inc/bakshalipour_framework.h:25:32: warning: declaration of ‘width’ shadows a member of ‘Table’ [-Wshadow]
   Table(int width, int height) : width(width), height(height), cells(height, vector<string>(width)) {}
                                ^
/mnt/data/lyq/Kairos/inc/bakshalipour_framework.h:128:12: note: shadowed declaration is here
   unsigned width;
            ^~~~~
prefetcher/resize_tr/../triangel/triangel.h: In constructor ‘SetDueller::SetDueller(uint64_t)’:
prefetcher/resize_tr/../triangel/triangel.h:691:58: warning: declaration of ‘sets’ shadows a member of ‘SetDueller’ [-Wshadow]
   SetDueller(uint64_t sets = (1 << TRNGL_SD_INDEX_BITS)) : sets(sets), dueller_counters(9, 0) { Randomize(); }
                                                          ^
prefetcher/resize_tr/../triangel/triangel.h:688:7: note: shadowed declaration is here
   int sets;
       ^~~~
prefetcher/resize_tr/../triangel/triangel.h:691:93: warning: conversion from ‘uint64_t’ {aka ‘long unsigned int’} to ‘int’ may change value [-Wconversion]
   SetDueller(uint64_t sets = (1 << TRNGL_SD_INDEX_BITS)) : sets(sets), dueller_counters(9, 0) { Randomize(); }
                                                                                             ^
In file included from prefetcher/resize/resize.cc:1:
prefetcher/resize/resize.h: In constructor ‘resizeMetaTable::resizeMetaTable(int, int)’:
prefetcher/resize/resize.h:55:43: warning: declaration of ‘num_ways’ shadows a member of ‘resizeMetaTable’ [-Wshadow]
   resizeMetaTable(int size, int num_ways) : Super(size, num_ways), prefetcher(nullptr) {}
                                           ^
In file included from prefetcher/resize/resize.h:16,
                 from prefetcher/resize/resize.cc:1:
/mnt/data/lyq/Kairos/inc/bakshalipour_framework.h:280:7: note: shadowed declaration is here
   int num_ways;
       ^~~~~~~~
In file included from prefetcher/resize/resize.cc:1:
prefetcher/resize/resize.h:55:43: warning: declaration of ‘size’ shadows a member of ‘resizeMetaTable’ [-Wshadow]
   resizeMetaTable(int size, int num_ways) : Super(size, num_ways), prefetcher(nullptr) {}
                                           ^
In file included from prefetcher/resize/resize.h:16,
                 from prefetcher/resize/resize.cc:1:
/mnt/data/lyq/Kairos/inc/bakshalipour_framework.h:279:7: note: shadowed declaration is here
   int size;
       ^~~~
In file included from prefetcher/prism/prism.cc:1:
prefetcher/prism/prism.h: In constructor ‘prismMetaTable::prismMetaTable(int, int)’:
prefetcher/prism/prism.h:77:42: warning: declaration of ‘num_ways’ shadows a member of ‘prismMetaTable’ [-Wshadow]
   prismMetaTable(int size, int num_ways) : Super(size, num_ways) {}
                                          ^
In file included from prefetcher/prism/prism.h:16,
                 from prefetcher/prism/prism.cc:1:
/mnt/data/lyq/Kairos/inc/bakshalipour_framework.h:280:7: note: shadowed declaration is here
   int num_ways;
       ^~~~~~~~
In file included from prefetcher/prism/prism.cc:1:
prefetcher/prism/prism.h:77:42: warning: declaration of ‘size’ shadows a member of ‘prismMetaTable’ [-Wshadow]
   prismMetaTable(int size, int num_ways) : Super(size, num_ways) {}
                                          ^
In file included from prefetcher/prism/prism.h:16,
                 from prefetcher/prism/prism.cc:1:
/mnt/data/lyq/Kairos/inc/bakshalipour_framework.h:279:7: note: shadowed declaration is here
   int size;
       ^~~~
In file included from prefetcher/filtetp/filtetp.cc:1:
prefetcher/filtetp/filtetp.h: In constructor ‘filtetpMetaTable::filtetpMetaTable(int, int)’:
prefetcher/filtetp/filtetp.h:48:44: warning: declaration of ‘num_ways’ shadows a member of ‘filtetpMetaTable’ [-Wshadow]
   filtetpMetaTable(int size, int num_ways) : Super(size, num_ways), prefetcher(nullptr) {}
                                            ^
In file included from prefetcher/filtetp/filtetp.h:16,
                 from prefetcher/filtetp/filtetp.cc:1:
/mnt/data/lyq/Kairos/inc/bakshalipour_framework.h:280:7: note: shadowed declaration is here
   int num_ways;
       ^~~~~~~~
In file included from prefetcher/filtetp/filtetp.cc:1:
prefetcher/filtetp/filtetp.h:48:44: warning: declaration of ‘size’ shadows a member of ‘filtetpMetaTable’ [-Wshadow]
   filtetpMetaTable(int size, int num_ways) : Super(size, num_ways), prefetcher(nullptr) {}
                                            ^
In file included from prefetcher/filtetp/filtetp.h:16,
                 from prefetcher/filtetp/filtetp.cc:1:
/mnt/data/lyq/Kairos/inc/bakshalipour_framework.h:279:7: note: shadowed declaration is here
   int size;
       ^~~~
In file included from prefetcher/infpctable/infpctable.cc:1:
prefetcher/infpctable/infpctable.h: In constructor ‘infpctableMetaTable::infpctableMetaTable(int, int)’:
prefetcher/infpctable/infpctable.h:49:47: warning: declaration of ‘num_ways’ shadows a member of ‘infpctableMetaTable’ [-Wshadow]
   infpctableMetaTable(int size, int num_ways) : Super(size, num_ways), prefetcher(nullptr) {}
                                               ^
In file included from prefetcher/conftp/conftp.cc:1:
prefetcher/conftp/conftp.h: In constructor ‘conftpMetaTable::conftpMetaTable(int, int)’:
prefetcher/conftp/conftp.h:50:43: warning: declaration of ‘num_ways’ shadows a member of ‘conftpMetaTable’ [-Wshadow]
   conftpMetaTable(int size, int num_ways) : Super(size, num_ways), prefetcher(nullptr) {}
                                           ^
In file included from prefetcher/infpctable/infpctable.h:16,
                 from prefetcher/infpctable/infpctable.cc:1:
/mnt/data/lyq/Kairos/inc/bakshalipour_framework.h:280:7: note: shadowed declaration is here
   int num_ways;
       ^~~~~~~~
In file included from prefetcher/infpctable/infpctable.cc:1:
prefetcher/infpctable/infpctable.h:49:47: warning: declaration of ‘size’ shadows a member of ‘infpctableMetaTable’ [-Wshadow]
   infpctableMetaTable(int size, int num_ways) : Super(size, num_ways), prefetcher(nullptr) {}
                                               ^
In file included from prefetcher/infpctable/infpctable.h:16,
                 from prefetcher/infpctable/infpctable.cc:1:
/mnt/data/lyq/Kairos/inc/bakshalipour_framework.h:279:7: note: shadowed declaration is here
   int size;
       ^~~~
In file included from prefetcher/conftp/conftp.h:16,
                 from prefetcher/conftp/conftp.cc:1:
/mnt/data/lyq/Kairos/inc/bakshalipour_framework.h:280:7: note: shadowed declaration is here
   int num_ways;
       ^~~~~~~~
In file included from prefetcher/conftp/conftp.cc:1:
prefetcher/conftp/conftp.h:50:43: warning: declaration of ‘size’ shadows a member of ‘conftpMetaTable’ [-Wshadow]
   conftpMetaTable(int size, int num_ways) : Super(size, num_ways), prefetcher(nullptr) {}
                                           ^
In file included from prefetcher/conftp/conftp.h:16,
                 from prefetcher/conftp/conftp.cc:1:
/mnt/data/lyq/Kairos/inc/bakshalipour_framework.h:279:7: note: shadowed declaration is here
   int size;
       ^~~~
src/champsim.cc: In function ‘champsim::phase_stats champsim::do_phase(const champsim::phase_info&, champsim::environment&, std::vector<champsim::tracereader>&, champsim::chrono::clock&)’:
src/champsim.cc:72:20: warning: comparison of integer expressions of different signedness: ‘int’ and ‘std::vector<std::__cxx11::basic_string<char> >::size_type’ {aka ‘long unsigned int’} [-Wsign-compare]
   for(int i = 0; i < trace_names.size(); i++) {
                  ~~^~~~~~~~~~~~~~~~~~~~
In file included from prefetcher/prism/prism.cc:1:
prefetcher/prism/prism.h: In constructor ‘PF_Filter::PF_Filter(int, int, int)’:
prefetcher/prism/prism.h:110:7: warning: declaration of ‘debug_level’ shadows a member of ‘PF_Filter’ [-Wshadow]
       : Super(size, num_ways, debug_level), mask((1ULL << (__builtin_ctz(size) + PF_FILTER_TAG_WIDTH)) - 1) {};
       ^
In file included from prefetcher/prism/prism.h:16,
                 from prefetcher/prism/prism.cc:1:
/mnt/data/lyq/Kairos/inc/bakshalipour_framework.h:285:21: note: shadowed declaration is here
   int debug_level = 0;
                     ^
In file included from prefetcher/prism/prism.cc:1:
prefetcher/prism/prism.h:110:7: warning: declaration of ‘num_ways’ shadows a member of ‘PF_Filter’ [-Wshadow]
       : Super(size, num_ways, debug_level), mask((1ULL << (__builtin_ctz(size) + PF_FILTER_TAG_WIDTH)) - 1) {};
       ^
In file included from prefetcher/prism/prism.h:16,
                 from prefetcher/prism/prism.cc:1:
/mnt/data/lyq/Kairos/inc/bakshalipour_framework.h:280:7: note: shadowed declaration is here
   int num_ways;
       ^~~~~~~~
In file included from prefetcher/prism/prism.cc:1:
prefetcher/prism/prism.h:110:7: warning: declaration of ‘size’ shadows a member of ‘PF_Filter’ [-Wshadow]
       : Super(size, num_ways, debug_level), mask((1ULL << (__builtin_ctz(size) + PF_FILTER_TAG_WIDTH)) - 1) {};
       ^
In file included from prefetcher/prism/prism.h:16,
                 from prefetcher/prism/prism.cc:1:
/mnt/data/lyq/Kairos/inc/bakshalipour_framework.h:279:7: note: shadowed declaration is here
   int size;
       ^~~~
In file included from prefetcher/resize_kr/resize_kr.cc:1:
prefetcher/resize_kr/resize_kr.h: In member function ‘void resize_kr::metadata_resize(int)’:
prefetcher/resize_kr/resize_kr.h:203:25: warning: comparison of integer expressions of different signedness: ‘int’ and ‘std::vector<SetAssociativeCache<resize_krMetaTableEntry>::Entry, std::allocator<SetAssociativeCache<resize_krMetaTableEntry>::Entry> >::size_type’ {aka ‘long unsigned int’} [-Wsign-compare]
       for (int j = 0; j < metaTable->entries[i].size(); j++) {
                       ~~^~~~~~~~~~~~~~~~~~~~~~~~~~~~~~
prefetcher/resize_kr/resize_kr.h:209:12: warning: deleting object of polymorphic class type ‘resize_krMetaTable’ which has non-virtual destructor might cause undefined behavior [-Wdelete-non-virtual-dtor]
     delete metaTable;
            ^~~~~~~~~
prefetcher/resize_kr/resize_kr.h: In member function ‘void resize_kr::evaluate_window()’:
prefetcher/resize_kr/resize_kr.h:217:30: warning: conversion from ‘uint64_t’ {aka ‘long unsigned int’} to ‘double’ may change value [-Wconversion]
     double miss_rate = 1.0 * num_misses / TRACKING_WINDOW;
                              ^~~~~~~~~~
prefetcher/resize_kr/resize_kr.h:222:23: warning: conversion from ‘uint64_t’ {aka ‘long unsigned int’} to ‘double’ may change value [-Wconversion]
       utility = 1.0 * num_useful_prefetch / num_misses;
                       ^~~~~~~~~~~~~~~~~~~
prefetcher/resize_kr/resize_kr.h:222:45: warning: conversion from ‘uint64_t’ {aka ‘long unsigned int’} to ‘double’ may change value [-Wconversion]
       utility = 1.0 * num_useful_prefetch / num_misses;
                                             ^~~~~~~~~~
prefetcher/resize_kr/resize_kr.h:228:38: warning: conversion from ‘uint64_t’ {aka ‘long unsigned int’} to ‘double’ may change value [-Wconversion]
       delta_miss = 1.0 * (num_misses - previous_num_misses) / access_count;
                          ~~~~~~~~~~~~^~~~~~~~~~~~~~~~~~~~~~
prefetcher/resize_kr/resize_kr.h:228:63: warning: conversion from ‘uint64_t’ {aka ‘long unsigned int’} to ‘double’ may change value [-Wconversion]
       delta_miss = 1.0 * (num_misses - previous_num_misses) / access_count;
                                                               ^~~~~~~~~~~~
prefetcher/resize_kr/resize_kr.h:237:42: warning: conversion from ‘uint64_t’ {aka ‘long unsigned int’} to ‘double’ may change value [-Wconversion]
       if (delta_k > THETA_PLUS || (1.0 * num_useful_prefetch / access_count) > (1.0 * current_partition / 8))
                                          ^~~~~~~~~~~~~~~~~~~
prefetcher/resize_kr/resize_kr.h:237:64: warning: conversion from ‘uint64_t’ {aka ‘long unsigned int’} to ‘double’ may change value [-Wconversion]
       if (delta_k > THETA_PLUS || (1.0 * num_useful_prefetch / access_count) > (1.0 * current_partition / 8))
                                                                ^~~~~~~~~~~~
prefetcher/drtp/drtp.cc: In member function ‘uint32_t drtp::prefetcher_cache_operate(champsim::address, champsim::address, uint8_t, bool, access_type, uint32_t, std::__cxx11::string)’:
prefetcher/drtp/drtp.cc:147:18: warning: unused variable ‘victim_addr’ [-Wunused-variable]
         uint64_t victim_addr = last_meta->correlated_addr;
                  ^~~~~~~~~~~
prefetcher/drtp/drtp.cc:142:12: warning: variable ‘matched’ set but not used [-Wunused-but-set-variable]
       bool matched = false;
            ^~~~~~~
prefetcher/drtp/drtp.cc:189:21: warning: comparison of integer expressions of different signedness: ‘int’ and ‘std::vector<long unsigned int>::size_type’ {aka ‘long unsigned int’} [-Wsign-compare]
   for (int i = 0; i < pref_addr.size(); i++) {
                   ~~^~~~~~~~~~~~~~~~~~
prefetcher/drtp/drtp.cc:190:82: warning: ‘bool champsim::modules::prefetcher::prefetch_line(uint64_t, bool, uint32_t) const’ is deprecated [-Wdeprecated-declarations]
     const bool success = prefetch_line({pref_addr[i] << LOG2_BLOCK_SIZE}, true, 0);
                                                                                  ^
In file included from /mnt/data/lyq/Kairos/inc/cache.h:45,
                 from prefetcher/drtp/drtp.h:17,
                 from prefetcher/drtp/drtp.cc:1:
/mnt/data/lyq/Kairos/inc/modules.h:105:23: note: declared here
   [[deprecated]] bool prefetch_line(uint64_t pf_addr, bool fill_this_level, uint32_t prefetch_metadata) const;
                       ^~~~~~~~~~~~~
prefetcher/drtp/drtp.cc:190:16: warning: unused variable ‘success’ [-Wunused-variable]
     const bool success = prefetch_line({pref_addr[i] << LOG2_BLOCK_SIZE}, true, 0);
                ^~~~~~~
prefetcher/drtp/drtp.cc:121:7: warning: unused variable ‘issued_by_metatable’ [-Wunused-variable]
   int issued_by_metatable = issue_metatable(metaTable, lookup_key, pref_addr);
       ^~~~~~~~~~~~~~~~~~~
prefetcher/resize_kr/resize_kr.cc: In member function ‘int resize_kr::issue_metatable(resize_krMetaTable*, uint64_t, uint64_t, std::vector<long unsigned int>&)’:
prefetcher/resize_kr/resize_kr.cc:6:125: warning: declaration of ‘metaTable’ shadows a member of ‘resize_kr’ [-Wshadow]
 int resize_kr::issue_metatable(resize_krMetaTable* metaTable, uint64_t pc, uint64_t lookup, std::vector<uint64_t>& addresses)
                                                                                                                             ^
In file included from prefetcher/resize_kr/resize_kr.cc:1:
prefetcher/resize_kr/resize_kr.h:93:91: note: shadowed declaration is here
   resize_krMetaTable* metaTable = new resize_krMetaTable(META_TABLE_SIZE, META_TABLE_ASSOC);
                                                                                           ^
/mnt/data/lyq/Kairos/inc/bakshalipour_framework.h: In constructor ‘SetAssociativeCache<T>::SetAssociativeCache(int, int, int)’:
/mnt/data/lyq/Kairos/inc/bakshalipour_framework.h:148:7: warning: declaration of ‘debug_level’ shadows a member of ‘SetAssociativeCache<T>’ [-Wshadow]
       : size(size), num_ways(num_ways), num_sets(size / num_ways), entries(num_sets, vector<Entry>(num_ways)), cams(num_sets), debug_level(debug_level)
       ^
In file included from prefetcher/kairos/kairos.h:7,
                 from prefetcher/kairos/kairos.cc:1:
/mnt/data/lyq/Kairos/inc/bakshalipour_framework.h:285:21: note: shadowed declaration is here
   int debug_level = 0;
                     ^
In file included from prefetcher/kairos/kairos.h:7,
                 from prefetcher/kairos/kairos.cc:1:
/mnt/data/lyq/Kairos/inc/bakshalipour_framework.h:148:7: warning: declaration of ‘num_ways’ shadows a member of ‘SetAssociativeCache<T>’ [-Wshadow]
       : size(size), num_ways(num_ways), num_sets(size / num_ways), entries(num_sets, vector<Entry>(num_ways)), cams(num_sets), debug_level(debug_level)
       ^
In file included from prefetcher/kairos/kairos.h:7,
                 from prefetcher/kairos/kairos.cc:1:
/mnt/data/lyq/Kairos/inc/bakshalipour_framework.h:280:7: note: shadowed declaration is here
   int num_ways;
       ^~~~~~~~
In file included from prefetcher/kairos/kairos.h:7,
                 from prefetcher/kairos/kairos.cc:1:
/mnt/data/lyq/Kairos/inc/bakshalipour_framework.h:148:7: warning: declaration of ‘size’ shadows a member of ‘SetAssociativeCache<T>’ [-Wshadow]
       : size(size), num_ways(num_ways), num_sets(size / num_ways), entries(num_sets, vector<Entry>(num_ways)), cams(num_sets), debug_level(debug_level)
       ^
In file included from prefetcher/kairos/kairos.h:7,
                 from prefetcher/kairos/kairos.cc:1:
/mnt/data/lyq/Kairos/inc/bakshalipour_framework.h:279:7: note: shadowed declaration is here
   int size;
       ^~~~
prefetcher/drtp/drtp.cc: In member function ‘void drtp::prefetcher_final_stats()’:
prefetcher/drtp/drtp.cc:208:76: warning: conversion from ‘uint64_t’ {aka ‘long unsigned int’} to ‘double’ may change value [-Wconversion]
   cout << "MT_hitrate " << (meta_table_lookups ? (double)meta_table_hits / meta_table_lookups : 0) << endl;
                                                                            ^~~~~~~~~~~~~~~~~~
prefetcher/drtp/drtp.cc:211:102: warning: conversion from ‘uint64_t’ {aka ‘long unsigned int’} to ‘double’ may change value [-Wconversion]
   cout << "MT_accuracy " << (meta_table_issued_prefetches ? (double)meta_table_accurate_prefetches / meta_table_issued_prefetches : 0) << endl;
                                                                                                      ^~~~~~~~~~~~~~~~~~~~~~~~~~~~
In file included from prefetcher/earlytp/earlytp.cc:1:
prefetcher/earlytp/earlytp.h: In constructor ‘earlytpMetaTable::earlytpMetaTable(int, int)’:
prefetcher/earlytp/earlytp.h:54:44: warning: declaration of ‘num_ways’ shadows a member of ‘earlytpMetaTable’ [-Wshadow]
   earlytpMetaTable(int size, int num_ways) : Super(size, num_ways), prefetcher(nullptr) {}
                                            ^
In file included from prefetcher/earlytp/earlytp.h:16,
                 from prefetcher/earlytp/earlytp.cc:1:
/mnt/data/lyq/Kairos/inc/bakshalipour_framework.h:280:7: note: shadowed declaration is here
   int num_ways;
       ^~~~~~~~
In file included from prefetcher/earlytp/earlytp.cc:1:
prefetcher/earlytp/earlytp.h:54:44: warning: declaration of ‘size’ shadows a member of ‘earlytpMetaTable’ [-Wshadow]
   earlytpMetaTable(int size, int num_ways) : Super(size, num_ways), prefetcher(nullptr) {}
                                            ^
In file included from prefetcher/earlytp/earlytp.h:16,
                 from prefetcher/earlytp/earlytp.cc:1:
/mnt/data/lyq/Kairos/inc/bakshalipour_framework.h:279:7: note: shadowed declaration is here
   int size;
       ^~~~
prefetcher/drtp/drtp.cc: In member function ‘bool drtpMetaTable::insert(uint64_t, const drtpMetaTableEntry&)’:
prefetcher/drtp/drtp.cc:237:12: warning: unused variable ‘index’ [-Wunused-variable]
   uint64_t index = key % this->num_sets;
            ^~~~~
prefetcher/drtp/drtp.cc:238:12: warning: unused variable ‘tag’ [-Wunused-variable]
   uint64_t tag = key / this->num_sets;
            ^~~
prefetcher/resize_tr/../triangel/triangel.h: In member function ‘void SetDueller::Randomize()’:
prefetcher/resize_tr/../triangel/triangel.h:700:28: warning: comparison of integer expressions of different signedness: ‘uint64_t’ {aka ‘long unsigned int’} and ‘int’ [-Wsign-compare]
     for (uint64_t i = 0; i < sets; i++) {
                          ~~^~~~~~
In file included from prefetcher/prophet/prophet.cc:1:
prefetcher/prophet/prophet.h: In constructor ‘ProphetMetaTable::ProphetMetaTable(int, int)’:
prefetcher/prophet/prophet.h:99:44: warning: declaration of ‘num_ways’ shadows a member of ‘ProphetMetaTable’ [-Wshadow]
   ProphetMetaTable(int size, int num_ways) : Super(size, num_ways), priority_pgo(num_sets, vector<uint8_t>(num_ways, 0)) {}
                                            ^
In file included from prefetcher/prophet/prophet.h:16,
                 from prefetcher/prophet/prophet.cc:1:
/mnt/data/lyq/Kairos/inc/bakshalipour_framework.h:280:7: note: shadowed declaration is here
   int num_ways;
       ^~~~~~~~
In file included from prefetcher/prophet/prophet.cc:1:
prefetcher/prophet/prophet.h:99:44: warning: declaration of ‘size’ shadows a member of ‘ProphetMetaTable’ [-Wshadow]
   ProphetMetaTable(int size, int num_ways) : Super(size, num_ways), priority_pgo(num_sets, vector<uint8_t>(num_ways, 0)) {}
                                            ^
In file included from prefetcher/prophet/prophet.h:16,
                 from prefetcher/prophet/prophet.cc:1:
/mnt/data/lyq/Kairos/inc/bakshalipour_framework.h:279:7: note: shadowed declaration is here
   int size;
       ^~~~
In file included from prefetcher/srtp/srtp.cc:1:
prefetcher/srtp/srtp.h: In constructor ‘srtpMetaTable::srtpMetaTable(int, int)’:
prefetcher/srtp/srtp.h:49:41: warning: declaration of ‘num_ways’ shadows a member of ‘srtpMetaTable’ [-Wshadow]
   srtpMetaTable(int size, int num_ways) : Super(size, num_ways), prefetcher(nullptr) {}
                                         ^
In file included from prefetcher/srtp/srtp.h:16,
                 from prefetcher/srtp/srtp.cc:1:
/mnt/data/lyq/Kairos/inc/bakshalipour_framework.h:280:7: note: shadowed declaration is here
   int num_ways;
       ^~~~~~~~
In file included from prefetcher/srtp/srtp.cc:1:
prefetcher/srtp/srtp.h:49:41: warning: declaration of ‘size’ shadows a member of ‘srtpMetaTable’ [-Wshadow]
   srtpMetaTable(int size, int num_ways) : Super(size, num_ways), prefetcher(nullptr) {}
                                         ^
In file included from prefetcher/srtp/srtp.h:16,
                 from prefetcher/srtp/srtp.cc:1:
/mnt/data/lyq/Kairos/inc/bakshalipour_framework.h:279:7: note: shadowed declaration is here
   int size;
       ^~~~
In file included from prefetcher/resize_pr/resize_pr.cc:1:
prefetcher/resize_pr/resize_pr.h: In constructor ‘resize_prMetaTable::resize_prMetaTable(int, int)’:
prefetcher/resize_pr/resize_pr.h:50:46: warning: declaration of ‘num_ways’ shadows a member of ‘resize_prMetaTable’ [-Wshadow]
   resize_prMetaTable(int size, int num_ways) : Super(size, num_ways), prefetcher(nullptr) {}
                                              ^
In file included from prefetcher/resize_pr/resize_pr.h:16,
                 from prefetcher/resize_pr/resize_pr.cc:1:
/mnt/data/lyq/Kairos/inc/bakshalipour_framework.h:280:7: note: shadowed declaration is here
   int num_ways;
       ^~~~~~~~
In file included from prefetcher/resize_pr/resize_pr.cc:1:
prefetcher/resize_pr/resize_pr.h:50:46: warning: declaration of ‘size’ shadows a member of ‘resize_prMetaTable’ [-Wshadow]
   resize_prMetaTable(int size, int num_ways) : Super(size, num_ways), prefetcher(nullptr) {}
                                              ^
In file included from prefetcher/resize_pr/resize_pr.h:16,
                 from prefetcher/resize_pr/resize_pr.cc:1:
/mnt/data/lyq/Kairos/inc/bakshalipour_framework.h:279:7: note: shadowed declaration is here
   int size;
       ^~~~
In file included from prefetcher/lfutp/lfutp.cc:1:
prefetcher/lfutp/lfutp.h: In constructor ‘lfutpMetaTable::lfutpMetaTable(int, int)’:
prefetcher/lfutp/lfutp.h:49:42: warning: declaration of ‘num_ways’ shadows a member of ‘lfutpMetaTable’ [-Wshadow]
   lfutpMetaTable(int size, int num_ways) : Super(size, num_ways), prefetcher(nullptr) {}
                                          ^
In file included from prefetcher/lfutp/lfutp.h:16,
                 from prefetcher/lfutp/lfutp.cc:1:
/mnt/data/lyq/Kairos/inc/bakshalipour_framework.h:280:7: note: shadowed declaration is here
   int num_ways;
       ^~~~~~~~
In file included from prefetcher/lfutp/lfutp.cc:1:
prefetcher/lfutp/lfutp.h:49:42: warning: declaration of ‘size’ shadows a member of ‘lfutpMetaTable’ [-Wshadow]
   lfutpMetaTable(int size, int num_ways) : Super(size, num_ways), prefetcher(nullptr) {}
                                          ^
In file included from prefetcher/lfutp/lfutp.h:16,
                 from prefetcher/lfutp/lfutp.cc:1:
/mnt/data/lyq/Kairos/inc/bakshalipour_framework.h:279:7: note: shadowed declaration is here
   int size;
       ^~~~
In file included from prefetcher/shtp/shtp.cc:1:
prefetcher/shtp/shtp.h: In constructor ‘shtpMetaTable::shtpMetaTable(int, int)’:
prefetcher/shtp/shtp.h:49:41: warning: declaration of ‘num_ways’ shadows a member of ‘shtpMetaTable’ [-Wshadow]
   shtpMetaTable(int size, int num_ways) : Super(size, num_ways), prefetcher(nullptr) {}
                                         ^
In file included from prefetcher/shtp/shtp.h:16,
                 from prefetcher/shtp/shtp.cc:1:
/mnt/data/lyq/Kairos/inc/bakshalipour_framework.h:280:7: note: shadowed declaration is here
   int num_ways;
       ^~~~~~~~
In file included from prefetcher/shtp/shtp.cc:1:
prefetcher/shtp/shtp.h:49:41: warning: declaration of ‘size’ shadows a member of ‘shtpMetaTable’ [-Wshadow]
   shtpMetaTable(int size, int num_ways) : Super(size, num_ways), prefetcher(nullptr) {}
                                         ^
In file included from prefetcher/shtp/shtp.h:16,
                 from prefetcher/shtp/shtp.cc:1:
/mnt/data/lyq/Kairos/inc/bakshalipour_framework.h:279:7: note: shadowed declaration is here
   int size;
       ^~~~
In file included from prefetcher/baseline/baseline.cc:1:
prefetcher/baseline/baseline.h: In constructor ‘baselineMetaTable::baselineMetaTable(int, int)’:
prefetcher/baseline/baseline.h:49:45: warning: declaration of ‘num_ways’ shadows a member of ‘baselineMetaTable’ [-Wshadow]
   baselineMetaTable(int size, int num_ways) : Super(size, num_ways), prefetcher(nullptr) {}
                                             ^
In file included from prefetcher/baseline/baseline.h:16,
                 from prefetcher/baseline/baseline.cc:1:
/mnt/data/lyq/Kairos/inc/bakshalipour_framework.h:280:7: note: shadowed declaration is here
   int num_ways;
       ^~~~~~~~
In file included from prefetcher/baseline/baseline.cc:1:
prefetcher/baseline/baseline.h:49:45: warning: declaration of ‘size’ shadows a member of ‘baselineMetaTable’ [-Wshadow]
   baselineMetaTable(int size, int num_ways) : Super(size, num_ways), prefetcher(nullptr) {}
                                             ^
In file included from prefetcher/baseline/baseline.h:16,
                 from prefetcher/baseline/baseline.cc:1:
/mnt/data/lyq/Kairos/inc/bakshalipour_framework.h:279:7: note: shadowed declaration is here
   int size;
       ^~~~
prefetcher/resize_kr/resize_kr.cc: In member function ‘uint32_t resize_kr::prefetcher_cache_operate(champsim::address, champsim::address, uint8_t, bool, access_type, uint32_t, std::__cxx11::string)’:
prefetcher/resize_kr/resize_kr.cc:164:18: warning: unused variable ‘victim_addr’ [-Wunused-variable]
         uint64_t victim_addr = last_meta->correlated_addr;
                  ^~~~~~~~~~~
prefetcher/resize_kr/resize_kr.cc:159:12: warning: variable ‘matched’ set but not used [-Wunused-but-set-variable]
       bool matched = false;
            ^~~~~~~
prefetcher/resize_kr/resize_kr.cc:206:21: warning: comparison of integer expressions of different signedness: ‘int’ and ‘std::vector<long unsigned int>::size_type’ {aka ‘long unsigned int’} [-Wsign-compare]
   for (int i = 0; i < pref_addr.size(); i++) {
                   ~~^~~~~~~~~~~~~~~~~~
prefetcher/resize_kr/resize_kr.cc:207:82: warning: ‘bool champsim::modules::prefetcher::prefetch_line(uint64_t, bool, uint32_t) const’ is deprecated [-Wdeprecated-declarations]
     const bool success = prefetch_line({pref_addr[i] << LOG2_BLOCK_SIZE}, true, 0);
                                                                                  ^
In file included from /mnt/data/lyq/Kairos/inc/cache.h:45,
                 from prefetcher/resize_kr/resize_kr.h:17,
                 from prefetcher/resize_kr/resize_kr.cc:1:
/mnt/data/lyq/Kairos/inc/modules.h:105:23: note: declared here
   [[deprecated]] bool prefetch_line(uint64_t pf_addr, bool fill_this_level, uint32_t prefetch_metadata) const;
                       ^~~~~~~~~~~~~
prefetcher/resize_kr/resize_kr.cc:207:16: warning: unused variable ‘success’ [-Wunused-variable]
     const bool success = prefetch_line({pref_addr[i] << LOG2_BLOCK_SIZE}, true, 0);
                ^~~~~~~
prefetcher/resize_kr/resize_kr.cc:138:7: warning: unused variable ‘issued_by_metatable’ [-Wunused-variable]
   int issued_by_metatable = issue_metatable(metaTable, pc, lookup_key, pref_addr);
       ^~~~~~~~~~~~~~~~~~~
prefetcher/resize_tr/../triangel/triangel.h: In member function ‘void SetDueller::TryCacheHit(uint64_t)’:
prefetcher/resize_tr/../triangel/triangel.h:715:12: warning: unused variable ‘fucker’ [-Wunused-variable]
       auto fucker = &table[addr & CACHE_SETMASK];
            ^~~~~~
prefetcher/resize_kr/resize_kr.cc: In member function ‘void resize_kr::prefetcher_final_stats()’:
prefetcher/resize_kr/resize_kr.cc:225:76: warning: conversion from ‘uint64_t’ {aka ‘long unsigned int’} to ‘double’ may change value [-Wconversion]
   cout << "MT_hitrate " << (meta_table_lookups ? (double)meta_table_hits / meta_table_lookups : 0) << endl;
                                                                            ^~~~~~~~~~~~~~~~~~
In file included from prefetcher/prism/prism.cc:1:
prefetcher/prism/prism.h: In member function ‘void prism::PCTableEntry::update_counter(uint64_t)’:
prefetcher/prism/prism.h:192:26: warning: conversion from ‘uint64_t’ {aka ‘long unsigned int’} to ‘double’ may change value [-Wconversion]
         laterate = 1.0 * latePrefetchCount / (latePrefetchCount + usefulPrefetchCount);
                          ^~~~~~~~~~~~~~~~~
prefetcher/prism/prism.h:192:65: warning: conversion from ‘uint64_t’ {aka ‘long unsigned int’} to ‘double’ may change value [-Wconversion]
         laterate = 1.0 * latePrefetchCount / (latePrefetchCount + usefulPrefetchCount);
                                              ~~~~~~~~~~~~~~~~~~~^~~~~~~~~~~~~~~~~~~~~~
prefetcher/prism/prism.h:192:44: warning: conversion from ‘double’ to ‘float’ may change value [-Wfloat-conversion]
         laterate = 1.0 * latePrefetchCount / (latePrefetchCount + usefulPrefetchCount);
                    ~~~~~~~~~~~~~~~~~~~~~~~~^~~~~~~~~~~~~~~~~~~~~~~~~~~~~~~~~~~~~~~~~~~
prefetcher/prism/prism.h:194:45: warning: conversion from ‘uint64_t’ {aka ‘long unsigned int’} to ‘double’ may change value [-Wconversion]
         accuracy = 1.0 * (latePrefetchCount + usefulPrefetchCount) / (latePrefetchCount + issuedPrefetchCount);
                          ~~~~~~~~~~~~~~~~~~~^~~~~~~~~~~~~~~~~~~~~~
prefetcher/prism/prism.h:194:89: warning: conversion from ‘uint64_t’ {aka ‘long unsigned int’} to ‘double’ may change value [-Wconversion]
         accuracy = 1.0 * (latePrefetchCount + usefulPrefetchCount) / (latePrefetchCount + issuedPrefetchCount);
                                                                      ~~~~~~~~~~~~~~~~~~~^~~~~~~~~~~~~~~~~~~~~~
prefetcher/resize_kr/resize_kr.cc:228:102: warning: conversion from ‘uint64_t’ {aka ‘long unsigned int’} to ‘double’ may change value [-Wconversion]
   cout << "MT_accuracy " << (meta_table_issued_prefetches ? (double)meta_table_accurate_prefetches / meta_table_issued_prefetches : 0) << endl;
                                                                                                      ^~~~~~~~~~~~~~~~~~~~~~~~~~~~
prefetcher/prism/prism.h:194:68: warning: conversion from ‘double’ to ‘float’ may change value [-Wfloat-conversion]
         accuracy = 1.0 * (latePrefetchCount + usefulPrefetchCount) / (latePrefetchCount + issuedPrefetchCount);
                    ~~~~~~~~~~~~~~~~~~~~~~~~~~~~~~~~~~~~~~~~~~~~~~~~^~~~~~~~~~~~~~~~~~~~~~~~~~~~~~~~~~~~~~~~~~~
prefetcher/prism/prism.h: In member function ‘void prism::update_pc_metatable_size()’:
prefetcher/prism/prism.h:257:9: warning: conversion from ‘uint64_t’ {aka ‘long unsigned int’} to ‘double’ may change value [-Wconversion]
     if (inserted_PC >= 0.25 * RESIZE_SAMPLE_WINDOW) {
         ^~~~~~~~~~~
prefetcher/prism/prism.h:260:16: warning: conversion from ‘uint64_t’ {aka ‘long unsigned int’} to ‘double’ may change value [-Wconversion]
     } else if (inserted_PC >= 0.05 * RESIZE_SAMPLE_WINDOW) {
                ^~~~~~~~~~~
In file included from prefetcher/pctp/pctp.cc:1:
prefetcher/pctp/pctp.h: In constructor ‘pctpMetaTable::pctpMetaTable(int, int)’:
prefetcher/pctp/pctp.h:55:41: warning: declaration of ‘num_ways’ shadows a member of ‘pctpMetaTable’ [-Wshadow]
   pctpMetaTable(int size, int num_ways) : Super(size, num_ways), prefetcher(nullptr) {}
                                         ^
In file included from prefetcher/pctp/pctp.h:16,
                 from prefetcher/pctp/pctp.cc:1:
/mnt/data/lyq/Kairos/inc/bakshalipour_framework.h:280:7: note: shadowed declaration is here
   int num_ways;
       ^~~~~~~~
In file included from prefetcher/pctp/pctp.cc:1:
prefetcher/pctp/pctp.h:55:41: warning: declaration of ‘size’ shadows a member of ‘pctpMetaTable’ [-Wshadow]
   pctpMetaTable(int size, int num_ways) : Super(size, num_ways), prefetcher(nullptr) {}
                                         ^
In file included from prefetcher/pctp/pctp.h:16,
                 from prefetcher/pctp/pctp.cc:1:
/mnt/data/lyq/Kairos/inc/bakshalipour_framework.h:279:7: note: shadowed declaration is here
   int size;
       ^~~~
/mnt/data/lyq/Kairos/inc/bakshalipour_framework.h: In member function ‘void SetAssociativeCache<T>::set_debug_level(int)’:
/mnt/data/lyq/Kairos/inc/bakshalipour_framework.h:255:41: warning: declaration of ‘debug_level’ shadows a member of ‘SetAssociativeCache<T>’ [-Wshadow]
   void set_debug_level(int debug_level) { this->debug_level = debug_level; }
                                         ^
/mnt/data/lyq/Kairos/inc/bakshalipour_framework.h:285:21: note: shadowed declaration is here
   int debug_level = 0;
                     ^
prefetcher/resize_kr/resize_kr.cc: In member function ‘bool resize_krMetaTable::insert(uint64_t, const resize_krMetaTableEntry&)’:
prefetcher/resize_kr/resize_kr.cc:253:12: warning: unused variable ‘index’ [-Wunused-variable]
   uint64_t index = key % this->num_sets;
            ^~~~~
prefetcher/resize_kr/resize_kr.cc:254:12: warning: unused variable ‘tag’ [-Wunused-variable]
   uint64_t tag = key / this->num_sets;
            ^~~
prefetcher/resize_kr/resize_kr.cc: In member function ‘bool resize_krMetaTable::insert(uint64_t, const resize_krMetaTableEntry&, uint64_t)’:
prefetcher/resize_kr/resize_kr.cc:284:12: warning: unused variable ‘index’ [-Wunused-variable]
   uint64_t index = key % this->num_sets;
            ^~~~~
prefetcher/resize_kr/resize_kr.cc:285:12: warning: unused variable ‘tag’ [-Wunused-variable]
   uint64_t tag = key / this->num_sets;
            ^~~
prefetcher/prism/prism.h:284:31: warning: comparison of integer expressions of different signedness: ‘int’ and ‘std::vector<SetAssociativeCache<MetaTableEntry>::Entry, std::allocator<SetAssociativeCache<MetaTableEntry>::Entry> >::size_type’ {aka ‘long unsigned int’} [-Wsign-compare]
             for (int j = 0; j < pcMetaTable->entries[i].size(); j++) {
                             ~~^~~~~~~~~~~~~~~~~~~~~~~~~~~~~~~~
prefetcher/prism/prism.h:292:16: warning: deleting object of polymorphic class type ‘SRRIPSetAssociativeCache<MetaTableEntry>’ which has non-virtual destructor might cause undefined behavior [-Wdelete-non-virtual-dtor]
         delete pcMetaTable;
                ^~~~~~~~~~~
prefetcher/srtp/srtp.cc: In member function ‘int srtp::issue_metatable(srtpMetaTable*, uint64_t, std::vector<long unsigned int>&)’:
prefetcher/srtp/srtp.cc:6:102: warning: declaration of ‘metaTable’ shadows a member of ‘srtp’ [-Wshadow]
 int srtp::issue_metatable(srtpMetaTable* metaTable, uint64_t lookup, std::vector<uint64_t>& addresses)
                                                                                                      ^
In file included from prefetcher/srtp/srtp.cc:1:
prefetcher/srtp/srtp.h:91:81: note: shadowed declaration is here
   srtpMetaTable* metaTable = new srtpMetaTable(META_TABLE_SIZE, META_TABLE_ASSOC);
                                                                                 ^
prefetcher/lfutp/lfutp.cc: In member function ‘int lfutp::issue_metatable(lfutpMetaTable*, uint64_t, std::vector<long unsigned int>&)’:
prefetcher/lfutp/lfutp.cc:6:104: warning: declaration of ‘metaTable’ shadows a member of ‘lfutp’ [-Wshadow]
 int lfutp::issue_metatable(lfutpMetaTable* metaTable, uint64_t lookup, std::vector<uint64_t>& addresses)
                                                                                                        ^
In file included from prefetcher/lfutp/lfutp.cc:1:
prefetcher/lfutp/lfutp.h:91:83: note: shadowed declaration is here
   lfutpMetaTable* metaTable = new lfutpMetaTable(META_TABLE_SIZE, META_TABLE_ASSOC);
                                                                                   ^
prefetcher/conftp/conftp.cc: In member function ‘int conftp::issue_metatable(conftpMetaTable*, uint64_t, std::vector<long unsigned int>&)’:
prefetcher/conftp/conftp.cc:6:106: warning: declaration of ‘metaTable’ shadows a member of ‘conftp’ [-Wshadow]
 int conftp::issue_metatable(conftpMetaTable* metaTable, uint64_t lookup, std::vector<uint64_t>& addresses)
                                                                                                          ^
In file included from prefetcher/conftp/conftp.cc:1:
prefetcher/conftp/conftp.h:92:85: note: shadowed declaration is here
   conftpMetaTable* metaTable = new conftpMetaTable(META_TABLE_SIZE, META_TABLE_ASSOC);
                                                                                     ^
In file included from prefetcher/prophet/prophet.cc:1:
prefetcher/prophet/prophet.h: In member function ‘virtual int ProphetMetaTable::select_victim(uint64_t)’:
prefetcher/prophet/prophet.h:128:26: warning: comparison of integer expressions of different signedness: ‘size_t’ {aka ‘long unsigned int’} and ‘int’ [-Wsign-compare]
     for (size_t i = 0; i < num_ways; i++) {
                        ~~^~~~~~~~~~
prefetcher/prophet/prophet.h:132:24: warning: conversion from ‘size_t’ {aka ‘long unsigned int’} to ‘int’ may change value [-Wconversion]
         victim_index = i;
                        ^
prefetcher/prophet/prophet.h:136:26: warning: conversion from ‘size_t’ {aka ‘long unsigned int’} to ‘int’ may change value [-Wconversion]
           victim_index = i;
                          ^
prefetcher/baseline/baseline.cc: In member function ‘int baseline::issue_metatable(baselineMetaTable*, uint64_t, uint64_t, std::vector<long unsigned int>&)’:
prefetcher/baseline/baseline.cc:6:123: warning: declaration of ‘metaTable’ shadows a member of ‘baseline’ [-Wshadow]
 int baseline::issue_metatable(baselineMetaTable* metaTable, uint64_t pc, uint64_t lookup, std::vector<uint64_t>& addresses)
                                                                                                                           ^
In file included from prefetcher/baseline/baseline.cc:1:
prefetcher/baseline/baseline.h:91:89: note: shadowed declaration is here
   baselineMetaTable* metaTable = new baselineMetaTable(META_TABLE_SIZE, META_TABLE_ASSOC);
                                                                                         ^
prefetcher/filtetp/filtetp.cc: In member function ‘int filtetp::issue_metatable(filtetpMetaTable*, uint64_t, std::vector<long unsigned int>&)’:
prefetcher/filtetp/filtetp.cc:6:108: warning: declaration of ‘metaTable’ shadows a member of ‘filtetp’ [-Wshadow]
 int filtetp::issue_metatable(filtetpMetaTable* metaTable, uint64_t lookup, std::vector<uint64_t>& addresses)
                                                                                                            ^
In file included from prefetcher/filtetp/filtetp.cc:1:
prefetcher/filtetp/filtetp.h:90:87: note: shadowed declaration is here
   filtetpMetaTable* metaTable = new filtetpMetaTable(META_TABLE_SIZE, META_TABLE_ASSOC);
                                                                                       ^
prefetcher/infpctable/infpctable.cc: In member function ‘int infpctable::issue_metatable(infpctableMetaTable*, uint64_t, uint64_t, std::vector<long unsigned int>&)’:
prefetcher/infpctable/infpctable.cc:6:127: warning: declaration of ‘metaTable’ shadows a member of ‘infpctable’ [-Wshadow]
 int infpctable::issue_metatable(infpctableMetaTable* metaTable, uint64_t pc, uint64_t lookup, std::vector<uint64_t>& addresses)
                                                                                                                               ^
In file included from prefetcher/infpctable/infpctable.cc:1:
prefetcher/infpctable/infpctable.h:91:93: note: shadowed declaration is here
   infpctableMetaTable* metaTable = new infpctableMetaTable(META_TABLE_SIZE, META_TABLE_ASSOC);
                                                                                             ^
prefetcher/resize_pr/resize_pr.cc: In member function ‘int resize_pr::issue_metatable(resize_prMetaTable*, uint64_t, uint64_t, std::vector<long unsigned int>&)’:
prefetcher/resize_pr/resize_pr.cc:6:125: warning: declaration of ‘metaTable’ shadows a member of ‘resize_pr’ [-Wshadow]
 int resize_pr::issue_metatable(resize_prMetaTable* metaTable, uint64_t pc, uint64_t lookup, std::vector<uint64_t>& addresses)
                                                                                                                             ^
In file included from prefetcher/resize_pr/resize_pr.cc:1:
prefetcher/resize_pr/resize_pr.h:93:91: note: shadowed declaration is here
   resize_prMetaTable* metaTable = new resize_prMetaTable(META_TABLE_SIZE, META_TABLE_ASSOC);
                                                                                           ^
In file included from prefetcher/ptp/ptp.cc:1:
prefetcher/ptp/ptp.h: In constructor ‘ptpMetaTable::ptpMetaTable(int, int)’:
prefetcher/ptp/ptp.h:107:40: warning: declaration of ‘num_ways’ shadows a member of ‘ptpMetaTable’ [-Wshadow]
   ptpMetaTable(int size, int num_ways) : Super(size, num_ways), priority_pgo(num_sets, vector<uint8_t>(num_ways, 0)) {}
                                        ^
In file included from prefetcher/ptp/ptp.h:17,
                 from prefetcher/ptp/ptp.cc:1:
/mnt/data/lyq/Kairos/inc/bakshalipour_framework.h:280:7: note: shadowed declaration is here
   int num_ways;
       ^~~~~~~~
In file included from prefetcher/ptp/ptp.cc:1:
prefetcher/ptp/ptp.h:107:40: warning: declaration of ‘size’ shadows a member of ‘ptpMetaTable’ [-Wshadow]
   ptpMetaTable(int size, int num_ways) : Super(size, num_ways), priority_pgo(num_sets, vector<uint8_t>(num_ways, 0)) {}
                                        ^
In file included from prefetcher/ptp/ptp.h:17,
                 from prefetcher/ptp/ptp.cc:1:
/mnt/data/lyq/Kairos/inc/bakshalipour_framework.h:279:7: note: shadowed declaration is here
   int size;
       ^~~~
prefetcher/prophet/prophet.h: In constructor ‘ProphetMRBTable::ProphetMRBTable(int, int)’:
prefetcher/prophet/prophet.h:158:43: warning: declaration of ‘num_ways’ shadows a member of ‘ProphetMRBTable’ [-Wshadow]
   ProphetMRBTable(int size, int num_ways) : Super(size, num_ways)
                                           ^
In file included from prefetcher/prophet/prophet.h:16,
                 from prefetcher/prophet/prophet.cc:1:
/mnt/data/lyq/Kairos/inc/bakshalipour_framework.h:280:7: note: shadowed declaration is here
   int num_ways;
       ^~~~~~~~
In file included from prefetcher/prophet/prophet.cc:1:
prefetcher/prophet/prophet.h:158:43: warning: declaration of ‘size’ shadows a member of ‘ProphetMRBTable’ [-Wshadow]
   ProphetMRBTable(int size, int num_ways) : Super(size, num_ways)
                                           ^
In file included from prefetcher/prophet/prophet.h:16,
                 from prefetcher/prophet/prophet.cc:1:
/mnt/data/lyq/Kairos/inc/bakshalipour_framework.h:279:7: note: shadowed declaration is here
   int size;
       ^~~~
In file included from prefetcher/prophet/prophet.cc:1:
prefetcher/prophet/prophet.h: In member function ‘virtual int ProphetMRBTable::select_victim(uint64_t)’:
prefetcher/prophet/prophet.h:187:26: warning: comparison of integer expressions of different signedness: ‘size_t’ {aka ‘long unsigned int’} and ‘int’ [-Wsign-compare]
     for (size_t i = 0; i < num_ways; i++) {
                        ~~^~~~~~~~~~
In file included from prefetcher/resize/resize.cc:1:
prefetcher/resize/resize.h: In member function ‘void resize::reset_metadata_size()’:
prefetcher/resize/resize.h:193:34: warning: conversion from ‘long int’ to ‘double’ may change value [-Wconversion]
       temp_llc_hit_rate = (1.0 * llc_hits / (llc_hits + llc_misses));
                                  ^~~~~~~~
prefetcher/resize/resize.h:193:55: warning: conversion from ‘long int’ to ‘double’ may change value [-Wconversion]
       temp_llc_hit_rate = (1.0 * llc_hits / (llc_hits + llc_misses));
                                             ~~~~~~~~~~^~~~~~~~~~~~~
prefetcher/resize/resize.h:193:43: warning: conversion from ‘double’ to ‘float’ may change value [-Wfloat-conversion]
       temp_llc_hit_rate = (1.0 * llc_hits / (llc_hits + llc_misses));
                           ~~~~~~~~~~~~~~~~^~~~~~~~~~~~~~~~~~~~~~~~~~
prefetcher/resize/resize.h:196:42: warning: conversion from ‘uint64_t’ {aka ‘long unsigned int’} to ‘double’ may change value [-Wconversion]
       temp_useful_prefetch_rate = (1.0 * num_useful_prefetch / num_issued_prefetch);
                                          ^~~~~~~~~~~~~~~~~~~
prefetcher/resize/resize.h:196:64: warning: conversion from ‘uint64_t’ {aka ‘long unsigned int’} to ‘double’ may change value [-Wconversion]
       temp_useful_prefetch_rate = (1.0 * num_useful_prefetch / num_issued_prefetch);
                                                                ^~~~~~~~~~~~~~~~~~~
prefetcher/resize/resize.h:196:62: warning: conversion from ‘double’ to ‘float’ may change value [-Wfloat-conversion]
       temp_useful_prefetch_rate = (1.0 * num_useful_prefetch / num_issued_prefetch);
                                   ~~~~~~~~~~~~~~~~~~~~~~~~~~~^~~~~~~~~~~~~~~~~~~~~~
prefetcher/prophet/prophet.h:189:16: warning: conversion from ‘size_t’ {aka ‘long unsigned int’} to ‘int’ may change value [-Wconversion]
         return i;
                ^
prefetcher/prophet/prophet.h:192:24: warning: conversion from ‘size_t’ {aka ‘long unsigned int’} to ‘int’ may change value [-Wconversion]
         victim_index = i;
                        ^
prefetcher/prophet/prophet.h:196:26: warning: conversion from ‘size_t’ {aka ‘long unsigned int’} to ‘int’ may change value [-Wconversion]
           victim_index = i;
                          ^
prefetcher/resize/resize.h:209:31: warning: comparison of integer expressions of different signedness: ‘int’ and ‘std::vector<SetAssociativeCache<resizeMetaTableEntry>::Entry, std::allocator<SetAssociativeCache<resizeMetaTableEntry>::Entry> >::size_type’ {aka ‘long unsigned int’} [-Wsign-compare]
             for (int j = 0; j < metaTable->entries[i].size(); j++) {
                             ~~^~~~~~~~~~~~~~~~~~~~~~~~~~~~~~
prefetcher/resize/resize.h:215:16: warning: deleting object of polymorphic class type ‘resizeMetaTable’ which has non-virtual destructor might cause undefined behavior [-Wdelete-non-virtual-dtor]
         delete metaTable;
                ^~~~~~~~~
In file included from prefetcher/croage/croage.cc:1:
prefetcher/croage/croage.h: In instantiation of ‘FIFOCache<T>::FIFOCache(int) [with T = KeyDetectEntry]’:
prefetcher/croage/croage.h:728:74:   required from here
prefetcher/croage/croage.h:224:3: warning: declaration of ‘capacity’ shadows a member of ‘FIFOCache<KeyDetectEntry>’ [-Wshadow]
   FIFOCache(int capacity)
   ^~~~~~~~~
prefetcher/croage/croage.h:219:7: note: shadowed declaration is here
   int capacity;
       ^~~~~~~~
prefetcher/resize/resize.h:230:29: warning: comparison of integer expressions of different signedness: ‘int’ and ‘std::vector<SetAssociativeCache<resizeMetaTableEntry>::Entry, std::allocator<SetAssociativeCache<resizeMetaTableEntry>::Entry> >::size_type’ {aka ‘long unsigned int’} [-Wsign-compare]
           for (int j = 0; j < metaTable->entries[i].size(); j++) {
                           ~~^~~~~~~~~~~~~~~~~~~~~~~~~~~~~~
prefetcher/resize/resize.h:235:16: warning: deleting object of polymorphic class type ‘resizeMetaTable’ which has non-virtual destructor might cause undefined behavior [-Wdelete-non-virtual-dtor]
         delete metaTable;
                ^~~~~~~~~
prefetcher/conftp/conftp.cc: In member function ‘uint32_t conftp::prefetcher_cache_operate(champsim::address, champsim::address, uint8_t, bool, access_type, uint32_t, std::__cxx11::string)’:
prefetcher/conftp/conftp.cc:150:12: warning: variable ‘matched’ set but not used [-Wunused-but-set-variable]
       bool matched = false;
            ^~~~~~~
prefetcher/filtetp/filtetp.cc: In member function ‘uint32_t filtetp::prefetcher_cache_operate(champsim::address, champsim::address, uint8_t, bool, access_type, uint32_t, std::__cxx11::string)’:
prefetcher/filtetp/filtetp.cc:88:45: warning: conversion from ‘uint64_t’ {aka ‘long unsigned int’} to ‘double’ may change value [-Wconversion]
     hit_hist[pc].pass = (1.0 * hit_hist[pc].miss_cnt / hit_hist[pc].total_cnt) < 0.25;
prefetcher/filtetp/filtetp.cc:88:69: warning: conversion from ‘uint64_t’ {aka ‘long unsigned int’} to ‘double’ may change value [-Wconversion]
     hit_hist[pc].pass = (1.0 * hit_hist[pc].miss_cnt / hit_hist[pc].total_cnt) < 0.25;
prefetcher/resize_tr/../triangel/triangel.h: In member function ‘void Metadata::repartition(uint64_t)’:
prefetcher/resize_tr/../triangel/triangel.h:861:76: warning: conversion from ‘uint64_t’ {aka ‘long unsigned int’} to ‘int’ may change value [-Wconversion]
         lru_cache->incrementCapacity((new_cache_way - cache_way_allocated) * 12);
                                      ~~~~~~~~~~~~~~~~~~~~~~~~~~~~~~~~~~~~~~^~~~
prefetcher/conftp/conftp.cc:206:21: warning: comparison of integer expressions of different signedness: ‘int’ and ‘std::vector<long unsigned int>::size_type’ {aka ‘long unsigned int’} [-Wsign-compare]
   for (int i = 0; i < pref_addr.size(); i++) {
                   ~~^~~~~~~~~~~~~~~~~~
prefetcher/resize_tr/../triangel/triangel.h:866:93: warning: conversion from ‘uint64_t’ {aka ‘long unsigned int’} to ‘int’ may change value [-Wconversion]
         total_evicted += lru_cache->decrementCapacity((cache_way_allocated - new_cache_way) * 12);
                                                       ~~~~~~~~~~~~~~~~~~~~~~~~~~~~~~~~~~~~~~^~~~
prefetcher/conftp/conftp.cc:207:82: warning: ‘bool champsim::modules::prefetcher::prefetch_line(uint64_t, bool, uint32_t) const’ is deprecated [-Wdeprecated-declarations]
     const bool success = prefetch_line({pref_addr[i] << LOG2_BLOCK_SIZE}, true, 0);
                                                                                  ^
In file included from /mnt/data/lyq/Kairos/inc/cache.h:45,
                 from prefetcher/conftp/conftp.h:17,
                 from prefetcher/conftp/conftp.cc:1:
/mnt/data/lyq/Kairos/inc/modules.h:105:23: note: declared here
   [[deprecated]] bool prefetch_line(uint64_t pf_addr, bool fill_this_level, uint32_t prefetch_metadata) const;
                       ^~~~~~~~~~~~~
prefetcher/conftp/conftp.cc:207:16: warning: unused variable ‘success’ [-Wunused-variable]
     const bool success = prefetch_line({pref_addr[i] << LOG2_BLOCK_SIZE}, true, 0);
                ^~~~~~~
prefetcher/conftp/conftp.cc:140:7: warning: unused variable ‘issued_by_metatable’ [-Wunused-variable]
   int issued_by_metatable = issue_metatable(metaTable, lookup_key, pref_addr);
       ^~~~~~~~~~~~~~~~~~~
In file included from prefetcher/triangel/triangel.cc:1:
prefetcher/triangel/triangel.h: In instantiation of ‘Cacheway<T>::Cacheway(int, ReplacementPolicy, const string&) [with T = long unsigned int; std::__cxx11::string = std::__cxx11::basic_string<char>]’:
prefetcher/triangel/triangel.h:676:53:   required from here
prefetcher/triangel/triangel.h:127:3: warning: declaration of ‘owner’ shadows a member of ‘Cacheway<long unsigned int>’ [-Wshadow]
   Cacheway(int capacity, ReplacementPolicy policy = LRU, const std::string& owner = "unknown") : count(0), capacity(capacity), policy(policy), owner(owner)
   ^~~~~~~~
prefetcher/triangel/triangel.h:120:15: note: shadowed declaration is here
   std::string owner;
               ^~~~~
prefetcher/triangel/triangel.h:127:3: warning: declaration of ‘policy’ shadows a member of ‘Cacheway<long unsigned int>’ [-Wshadow]
   Cacheway(int capacity, ReplacementPolicy policy = LRU, const std::string& owner = "unknown") : count(0), capacity(capacity), policy(policy), owner(owner)
   ^~~~~~~~
prefetcher/triangel/triangel.h:118:21: note: shadowed declaration is here
   ReplacementPolicy policy;
                     ^~~~~~
prefetcher/triangel/triangel.h:127:3: warning: declaration of ‘capacity’ shadows a member of ‘Cacheway<long unsigned int>’ [-Wshadow]
   Cacheway(int capacity, ReplacementPolicy policy = LRU, const std::string& owner = "unknown") : count(0), capacity(capacity), policy(policy), owner(owner)
   ^~~~~~~~
prefetcher/triangel/triangel.h:116:7: note: shadowed declaration is here
   int capacity;
       ^~~~~~~~
prefetcher/filtetp/filtetp.cc:134:18: warning: unused variable ‘victim_addr’ [-Wunused-variable]
         uint64_t victim_addr = last_meta->correlated_addr;
                  ^~~~~~~~~~~
prefetcher/filtetp/filtetp.cc:130:12: warning: variable ‘matched’ set but not used [-Wunused-but-set-variable]
       bool matched = false;
            ^~~~~~~
prefetcher/filtetp/filtetp.cc:187:21: warning: comparison of integer expressions of different signedness: ‘int’ and ‘std::vector<long unsigned int>::size_type’ {aka ‘long unsigned int’} [-Wsign-compare]
   for (int i = 0; i < pref_addr.size(); i++) {
                   ~~^~~~~~~~~~~~~~~~~~
prefetcher/filtetp/filtetp.cc:188:82: warning: ‘bool champsim::modules::prefetcher::prefetch_line(uint64_t, bool, uint32_t) const’ is deprecated [-Wdeprecated-declarations]
     const bool success = prefetch_line({pref_addr[i] << LOG2_BLOCK_SIZE}, true, 0);
                                                                                  ^
In file included from /mnt/data/lyq/Kairos/inc/cache.h:45,
                 from prefetcher/filtetp/filtetp.h:17,
                 from prefetcher/filtetp/filtetp.cc:1:
/mnt/data/lyq/Kairos/inc/modules.h:105:23: note: declared here
   [[deprecated]] bool prefetch_line(uint64_t pf_addr, bool fill_this_level, uint32_t prefetch_metadata) const;
                       ^~~~~~~~~~~~~
prefetcher/filtetp/filtetp.cc:188:16: warning: unused variable ‘success’ [-Wunused-variable]
     const bool success = prefetch_line({pref_addr[i] << LOG2_BLOCK_SIZE}, true, 0);
                ^~~~~~~
prefetcher/filtetp/filtetp.cc:120:7: warning: unused variable ‘issued_by_metatable’ [-Wunused-variable]
   int issued_by_metatable = issue_metatable(metaTable, lookup_key, pref_addr);
       ^~~~~~~~~~~~~~~~~~~
prefetcher/earlytp/earlytp.cc: In member function ‘int earlytp::issue_metatable(earlytpMetaTable*, uint64_t, std::vector<long unsigned int>&)’:
prefetcher/earlytp/earlytp.cc:6:108: warning: declaration of ‘metaTable’ shadows a member of ‘earlytp’ [-Wshadow]
 int earlytp::issue_metatable(earlytpMetaTable* metaTable, uint64_t lookup, std::vector<uint64_t>& addresses)
                                                                                                            ^
In file included from prefetcher/earlytp/earlytp.cc:1:
prefetcher/earlytp/earlytp.h:96:87: note: shadowed declaration is here
   earlytpMetaTable* metaTable = new earlytpMetaTable(META_TABLE_SIZE, META_TABLE_ASSOC);
                                                                                       ^
prefetcher/infpctable/infpctable.cc: In member function ‘uint32_t infpctable::prefetcher_cache_operate(champsim::address, champsim::address, uint8_t, bool, access_type, uint32_t, std::__cxx11::string)’:
prefetcher/infpctable/infpctable.cc:172:18: warning: unused variable ‘victim_addr’ [-Wunused-variable]
         uint64_t victim_addr = last_meta->correlated_addr;
                  ^~~~~~~~~~~
prefetcher/infpctable/infpctable.cc:168:12: warning: variable ‘matched’ set but not used [-Wunused-but-set-variable]
       bool matched = false;
            ^~~~~~~
prefetcher/shtp/shtp.cc: In member function ‘int shtp::issue_metatable(shtpMetaTable*, uint64_t, std::vector<long unsigned int>&)’:
prefetcher/shtp/shtp.cc:6:102: warning: declaration of ‘metaTable’ shadows a member of ‘shtp’ [-Wshadow]
 int shtp::issue_metatable(shtpMetaTable* metaTable, uint64_t lookup, std::vector<uint64_t>& addresses)
                                                                                                      ^
In file included from prefetcher/shtp/shtp.cc:1:
prefetcher/shtp/shtp.h:91:81: note: shadowed declaration is here
   shtpMetaTable* metaTable = new shtpMetaTable(META_TABLE_SIZE, META_TABLE_ASSOC);
                                                                                 ^
prefetcher/infpctable/infpctable.cc:147:7: warning: unused variable ‘issued_by_metatable’ [-Wunused-variable]
   int issued_by_metatable = issue_metatable(metaTable, pc, lookup_key, pref_addr);
       ^~~~~~~~~~~~~~~~~~~
prefetcher/resize/resize.cc: In member function ‘int resize::issue_metatable(resizeMetaTable*, uint64_t, uint64_t, std::vector<long unsigned int>&)’:
prefetcher/resize/resize.cc:6:119: warning: declaration of ‘metaTable’ shadows a member of ‘resize’ [-Wshadow]
 int resize::issue_metatable(resizeMetaTable* metaTable, uint64_t pc, uint64_t lookup, std::vector<uint64_t>& addresses)
                                                                                                                       ^
In file included from prefetcher/resize/resize.cc:1:
prefetcher/resize/resize.h:98:85: note: shadowed declaration is here
   resizeMetaTable* metaTable = new resizeMetaTable(META_TABLE_SIZE, META_TABLE_ASSOC);
                                                                                     ^
prefetcher/conftp/conftp.cc: In member function ‘void conftp::prefetcher_final_stats()’:
prefetcher/conftp/conftp.cc:233:76: warning: conversion from ‘uint64_t’ {aka ‘long unsigned int’} to ‘double’ may change value [-Wconversion]
   cout << "MT_hitrate " << (meta_table_lookups ? (double)meta_table_hits / meta_table_lookups : 0) << endl;
                                                                            ^~~~~~~~~~~~~~~~~~
prefetcher/prism/prism.h: In member function ‘void prism::update_main_metatable_size()’:
prefetcher/prism/prism.h:352:34: warning: conversion from ‘long int’ to ‘double’ may change value [-Wconversion]
       temp_llc_hit_rate = (1.0 * llc_hits / (llc_hits + llc_misses));
                                  ^~~~~~~~
prefetcher/prism/prism.h:352:55: warning: conversion from ‘long int’ to ‘double’ may change value [-Wconversion]
       temp_llc_hit_rate = (1.0 * llc_hits / (llc_hits + llc_misses));
                                             ~~~~~~~~~~^~~~~~~~~~~~~
prefetcher/prism/prism.h:352:43: warning: conversion from ‘double’ to ‘float’ may change value [-Wfloat-conversion]
       temp_llc_hit_rate = (1.0 * llc_hits / (llc_hits + llc_misses));
                           ~~~~~~~~~~~~~~~~^~~~~~~~~~~~~~~~~~~~~~~~~~
prefetcher/filtetp/filtetp.cc: In member function ‘void filtetp::prefetcher_final_stats()’:
prefetcher/filtetp/filtetp.cc:206:76: warning: conversion from ‘uint64_t’ {aka ‘long unsigned int’} to ‘double’ may change value [-Wconversion]
   cout << "MT_hitrate " << (meta_table_lookups ? (double)meta_table_hits / meta_table_lookups : 0) << endl;
                                                                            ^~~~~~~~~~~~~~~~~~
prefetcher/prism/prism.h:354:42: warning: conversion from ‘uint64_t’ {aka ‘long unsigned int’} to ‘double’ may change value [-Wconversion]
       temp_useful_prefetch_rate = (1.0 * resize_useful_prefetch / resize_issued_prefetch);
                                          ^~~~~~~~~~~~~~~~~~~~~~
prefetcher/prism/prism.h:354:67: warning: conversion from ‘uint64_t’ {aka ‘long unsigned int’} to ‘double’ may change value [-Wconversion]
       temp_useful_prefetch_rate = (1.0 * resize_useful_prefetch / resize_issued_prefetch);
                                                                   ^~~~~~~~~~~~~~~~~~~~~~
prefetcher/prism/prism.h:354:65: warning: conversion from ‘double’ to ‘float’ may change value [-Wfloat-conversion]
       temp_useful_prefetch_rate = (1.0 * resize_useful_prefetch / resize_issued_prefetch);
                                   ~~~~~~~~~~~~~~~~~~~~~~~~~~~~~~^~~~~~~~~~~~~~~~~~~~~~~~~
prefetcher/prism/prism.h:377:36: warning: conversion from ‘uint64_t’ {aka ‘long unsigned int’} to ‘double’ may change value [-Wconversion]
       init_resize_norm_upf = 1.0 * resize_useful_prefetch / (llc_hits + llc_misses);
                                    ^~~~~~~~~~~~~~~~~~~~~~
prefetcher/prism/prism.h:377:71: warning: conversion from ‘long int’ to ‘double’ may change value [-Wconversion]
       init_resize_norm_upf = 1.0 * resize_useful_prefetch / (llc_hits + llc_misses);
                                                             ~~~~~~~~~~^~~~~~~~~~~~~
prefetcher/prism/prism.h:377:59: warning: conversion from ‘double’ to ‘float’ may change value [-Wfloat-conversion]
       init_resize_norm_upf = 1.0 * resize_useful_prefetch / (llc_hits + llc_misses);
                              ~~~~~~~~~~~~~~~~~~~~~~~~~~~~~^~~~~~~~~~~~~~~~~~~~~~~~~
prefetcher/conftp/conftp.cc:236:102: warning: conversion from ‘uint64_t’ {aka ‘long unsigned int’} to ‘double’ may change value [-Wconversion]
   cout << "MT_accuracy " << (meta_table_issued_prefetches ? (double)meta_table_accurate_prefetches / meta_table_issued_prefetches : 0) << endl;
                                                                                                      ^~~~~~~~~~~~~~~~~~~~~~~~~~~~
prefetcher/filtetp/filtetp.cc:209:102: warning: conversion from ‘uint64_t’ {aka ‘long unsigned int’} to ‘double’ may change value [-Wconversion]
   cout << "MT_accuracy " << (meta_table_issued_prefetches ? (double)meta_table_accurate_prefetches / meta_table_issued_prefetches : 0) << endl;
                                                                                                      ^~~~~~~~~~~~~~~~~~~~~~~~~~~~
prefetcher/infpctable/infpctable.cc: In member function ‘void infpctable::prefetcher_final_stats()’:
prefetcher/infpctable/infpctable.cc:237:76: warning: conversion from ‘uint64_t’ {aka ‘long unsigned int’} to ‘double’ may change value [-Wconversion]
   cout << "MT_hitrate " << (meta_table_lookups ? (double)meta_table_hits / meta_table_lookups : 0) << endl;
                                                                            ^~~~~~~~~~~~~~~~~~
prefetcher/filtetp/filtetp.cc: In member function ‘bool filtetpMetaTable::insert(uint64_t, const filtetpMetaTableEntry&)’:
prefetcher/filtetp/filtetp.cc:227:12: warning: unused variable ‘index’ [-Wunused-variable]
   uint64_t index = key % this->num_sets;
            ^~~~~
prefetcher/filtetp/filtetp.cc:228:12: warning: unused variable ‘tag’ [-Wunused-variable]
   uint64_t tag = key / this->num_sets;
            ^~~
prefetcher/conftp/conftp.cc:240:84: warning: conversion from ‘uint64_t’ {aka ‘long unsigned int’} to ‘double’ may change value [-Wconversion]
   cout << "CT_hitrate " << (conflict_table_lookups ? (double)conflict_table_hits / conflict_table_lookups : 0) << endl;
                                                                                    ^~~~~~~~~~~~~~~~~~~~~~
prefetcher/infpctable/infpctable.cc:240:102: warning: conversion from ‘uint64_t’ {aka ‘long unsigned int’} to ‘double’ may change value [-Wconversion]
   cout << "MT_accuracy " << (meta_table_issued_prefetches ? (double)meta_table_accurate_prefetches / meta_table_issued_prefetches : 0) << endl;
                                                                                                      ^~~~~~~~~~~~~~~~~~~~~~~~~~~~
prefetcher/prism/prism.h: In member function ‘void prism::resize_cache()’:
prefetcher/prism/prism.h:408:29: warning: comparison of integer expressions of different signedness: ‘int’ and ‘std::vector<SetAssociativeCache<MetaTableEntry>::Entry, std::allocator<SetAssociativeCache<MetaTableEntry>::Entry> >::size_type’ {aka ‘long unsigned int’} [-Wsign-compare]
           for (int j = 0; j < mainMetaTable->entries[i].size(); j++) {
                           ~~^~~~~~~~~~~~~~~~~~~~~~~~~~~~~~~~~~
prefetcher/prism/prism.h:417:14: warning: deleting object of polymorphic class type ‘prismMetaTable’ which has non-virtual destructor might cause undefined behavior [-Wdelete-non-virtual-dtor]
       delete mainMetaTable;
              ^~~~~~~~~~~~~
prefetcher/infpctable/infpctable.cc: In member function ‘bool infpctableMetaTable::insert(uint64_t, const infpctableMetaTableEntry&)’:
prefetcher/infpctable/infpctable.cc:258:12: warning: unused variable ‘index’ [-Wunused-variable]
   uint64_t index = key % this->num_sets;
            ^~~~~
prefetcher/infpctable/infpctable.cc:259:12: warning: unused variable ‘tag’ [-Wunused-variable]
   uint64_t tag = key / this->num_sets;
            ^~~
prefetcher/conftp/conftp.cc:246:85: warning: conversion from ‘uint64_t’ {aka ‘long unsigned int’} to ‘double’ may change value [-Wconversion]
   cout << "CT_accuracy " << (CT_total_prefetches ? (double)CT_accurate_prefetches / CT_total_prefetches : 0) << endl;
                                                                                     ^~~~~~~~~~~~~~~~~~~
In file included from prefetcher/croage/croage.cc:1:
prefetcher/croage/croage.h: In instantiation of ‘LRUCache<T>::LRUCache(int) [with T = TrainUnitEntry]’:
prefetcher/croage/croage.h:803:45:   required from here
prefetcher/croage/croage.h:44:3: warning: declaration of ‘capacity’ shadows a member of ‘LRUCache<TrainUnitEntry>’ [-Wshadow]
   LRUCache(int capacity)
   ^~~~~~~~
prefetcher/croage/croage.h:39:7: note: shadowed declaration is here
   int capacity;
       ^~~~~~~~
prefetcher/baseline/baseline.cc: In member function ‘uint32_t baseline::prefetcher_cache_operate(champsim::address, champsim::address, uint8_t, bool, access_type, uint32_t, std::__cxx11::string)’:
prefetcher/baseline/baseline.cc:172:18: warning: unused variable ‘victim_addr’ [-Wunused-variable]
         uint64_t victim_addr = last_meta->correlated_addr;
                  ^~~~~~~~~~~
prefetcher/conftp/conftp.cc: In member function ‘bool conftpMetaTable::insert(uint64_t, const conftpMetaTableEntry&)’:
prefetcher/conftp/conftp.cc:264:12: warning: unused variable ‘index’ [-Wunused-variable]
   uint64_t index = key % this->num_sets;
            ^~~~~
prefetcher/conftp/conftp.cc:265:12: warning: unused variable ‘tag’ [-Wunused-variable]
   uint64_t tag = key / this->num_sets;
            ^~~
prefetcher/baseline/baseline.cc:168:12: warning: variable ‘matched’ set but not used [-Wunused-but-set-variable]
       bool matched = false;
            ^~~~~~~
In file included from prefetcher/ptp/ptp.cc:1:
prefetcher/ptp/ptp.h: In member function ‘virtual int ptpMetaTable::select_victim(uint64_t)’:
prefetcher/ptp/ptp.h:135:26: warning: comparison of integer expressions of different signedness: ‘size_t’ {aka ‘long unsigned int’} and ‘int’ [-Wsign-compare]
     for (size_t i = 0; i < num_ways; i++) {
                        ~~^~~~~~~~~~
prefetcher/srtp/srtp.cc: In member function ‘uint32_t srtp::prefetcher_cache_operate(champsim::address, champsim::address, uint8_t, bool, access_type, uint32_t, std::__cxx11::string)’:
prefetcher/srtp/srtp.cc:147:18: warning: unused variable ‘victim_addr’ [-Wunused-variable]
         uint64_t victim_addr = last_meta->correlated_addr;
                  ^~~~~~~~~~~
prefetcher/srtp/srtp.cc:142:12: warning: variable ‘matched’ set but not used [-Wunused-but-set-variable]
       bool matched = false;
            ^~~~~~~
prefetcher/ptp/ptp.h:139:24: warning: conversion from ‘size_t’ {aka ‘long unsigned int’} to ‘int’ may change value [-Wconversion]
         victim_index = i;
                        ^
prefetcher/ptp/ptp.h:143:26: warning: conversion from ‘size_t’ {aka ‘long unsigned int’} to ‘int’ may change value [-Wconversion]
           victim_index = i;
                          ^
prefetcher/baseline/baseline.cc:147:7: warning: unused variable ‘issued_by_metatable’ [-Wunused-variable]
   int issued_by_metatable = issue_metatable(metaTable, pc, lookup_key, pref_addr);
       ^~~~~~~~~~~~~~~~~~~
prefetcher/srtp/srtp.cc:189:21: warning: comparison of integer expressions of different signedness: ‘int’ and ‘std::vector<long unsigned int>::size_type’ {aka ‘long unsigned int’} [-Wsign-compare]
   for (int i = 0; i < pref_addr.size(); i++) {
                   ~~^~~~~~~~~~~~~~~~~~
prefetcher/srtp/srtp.cc:190:82: warning: ‘bool champsim::modules::prefetcher::prefetch_line(uint64_t, bool, uint32_t) const’ is deprecated [-Wdeprecated-declarations]
     const bool success = prefetch_line({pref_addr[i] << LOG2_BLOCK_SIZE}, true, 0);
                                                                                  ^
In file included from /mnt/data/lyq/Kairos/inc/cache.h:45,
                 from prefetcher/srtp/srtp.h:17,
                 from prefetcher/srtp/srtp.cc:1:
/mnt/data/lyq/Kairos/inc/modules.h:105:23: note: declared here
   [[deprecated]] bool prefetch_line(uint64_t pf_addr, bool fill_this_level, uint32_t prefetch_metadata) const;
                       ^~~~~~~~~~~~~
prefetcher/srtp/srtp.cc:190:16: warning: unused variable ‘success’ [-Wunused-variable]
     const bool success = prefetch_line({pref_addr[i] << LOG2_BLOCK_SIZE}, true, 0);
                ^~~~~~~
prefetcher/srtp/srtp.cc:121:7: warning: unused variable ‘issued_by_metatable’ [-Wunused-variable]
   int issued_by_metatable = issue_metatable(metaTable, lookup_key, pref_addr);
       ^~~~~~~~~~~~~~~~~~~
/mnt/data/lyq/Kairos/inc/bakshalipour_framework.h: In member function ‘void INFMJSetAssociativeCache<T>::mj_update(uint64_t, uint32_t, uint32_t, bool, uint64_t)’:
/mnt/data/lyq/Kairos/inc/bakshalipour_framework.h:1249:67: warning: left shift count >= width of type [-Wshift-count-overflow]
     uint64_t page_sig = get_page_signature(pc, full_addr & ((1 << 32) - 1));
                                                                   ^~
prefetcher/lfutp/lfutp.cc: In member function ‘uint32_t lfutp::prefetcher_cache_operate(champsim::address, champsim::address, uint8_t, bool, access_type, uint32_t, std::__cxx11::string)’:
prefetcher/lfutp/lfutp.cc:147:18: warning: unused variable ‘victim_addr’ [-Wunused-variable]
         uint64_t victim_addr = last_meta->correlated_addr;
                  ^~~~~~~~~~~
prefetcher/lfutp/lfutp.cc:142:12: warning: variable ‘matched’ set but not used [-Wunused-but-set-variable]
       bool matched = false;
            ^~~~~~~
prefetcher/baseline/baseline.cc: In member function ‘void baseline::prefetcher_final_stats()’:
prefetcher/baseline/baseline.cc:237:76: warning: conversion from ‘uint64_t’ {aka ‘long unsigned int’} to ‘double’ may change value [-Wconversion]
   cout << "MT_hitrate " << (meta_table_lookups ? (double)meta_table_hits / meta_table_lookups : 0) << endl;
                                                                            ^~~~~~~~~~~~~~~~~~
prefetcher/lfutp/lfutp.cc:189:21: warning: comparison of integer expressions of different signedness: ‘int’ and ‘std::vector<long unsigned int>::size_type’ {aka ‘long unsigned int’} [-Wsign-compare]
   for (int i = 0; i < pref_addr.size(); i++) {
                   ~~^~~~~~~~~~~~~~~~~~
prefetcher/lfutp/lfutp.cc:190:82: warning: ‘bool champsim::modules::prefetcher::prefetch_line(uint64_t, bool, uint32_t) const’ is deprecated [-Wdeprecated-declarations]
     const bool success = prefetch_line({pref_addr[i] << LOG2_BLOCK_SIZE}, true, 0);
                                                                                  ^
In file included from /mnt/data/lyq/Kairos/inc/cache.h:45,
                 from prefetcher/lfutp/lfutp.h:17,
                 from prefetcher/lfutp/lfutp.cc:1:
/mnt/data/lyq/Kairos/inc/modules.h:105:23: note: declared here
   [[deprecated]] bool prefetch_line(uint64_t pf_addr, bool fill_this_level, uint32_t prefetch_metadata) const;
                       ^~~~~~~~~~~~~
prefetcher/lfutp/lfutp.cc:190:16: warning: unused variable ‘success’ [-Wunused-variable]
     const bool success = prefetch_line({pref_addr[i] << LOG2_BLOCK_SIZE}, true, 0);
                ^~~~~~~
prefetcher/lfutp/lfutp.cc:121:7: warning: unused variable ‘issued_by_metatable’ [-Wunused-variable]
   int issued_by_metatable = issue_metatable(metaTable, lookup_key, pref_addr);
       ^~~~~~~~~~~~~~~~~~~
prefetcher/srtp/srtp.cc: In member function ‘void srtp::prefetcher_final_stats()’:
prefetcher/srtp/srtp.cc:208:76: warning: conversion from ‘uint64_t’ {aka ‘long unsigned int’} to ‘double’ may change value [-Wconversion]
   cout << "MT_hitrate " << (meta_table_lookups ? (double)meta_table_hits / meta_table_lookups : 0) << endl;
                                                                            ^~~~~~~~~~~~~~~~~~
prefetcher/baseline/baseline.cc:240:102: warning: conversion from ‘uint64_t’ {aka ‘long unsigned int’} to ‘double’ may change value [-Wconversion]
   cout << "MT_accuracy " << (meta_table_issued_prefetches ? (double)meta_table_accurate_prefetches / meta_table_issued_prefetches : 0) << endl;
                                                                                                      ^~~~~~~~~~~~~~~~~~~~~~~~~~~~
prefetcher/earlytp/earlytp.cc: In member function ‘uint32_t earlytp::prefetcher_cache_operate(champsim::address, champsim::address, uint8_t, bool, access_type, uint32_t, std::__cxx11::string)’:
prefetcher/earlytp/earlytp.cc:129:20: warning: unused variable ‘victim_addr’ [-Wunused-variable]
           uint64_t victim_addr = last_meta->correlated_addr;
                    ^~~~~~~~~~~
prefetcher/earlytp/earlytp.cc:125:14: warning: variable ‘matched’ set but not used [-Wunused-but-set-variable]
         bool matched = false;
              ^~~~~~~
prefetcher/resize/resize.cc: In member function ‘uint32_t resize::prefetcher_cache_operate(champsim::address, champsim::address, uint8_t, bool, access_type, uint32_t, std::__cxx11::string)’:
prefetcher/resize/resize.cc:165:18: warning: unused variable ‘victim_addr’ [-Wunused-variable]
         uint64_t victim_addr = last_meta->correlated_addr;
                  ^~~~~~~~~~~
prefetcher/baseline/baseline.cc: In member function ‘bool baselineMetaTable::insert(uint64_t, const baselineMetaTableEntry&)’:
prefetcher/baseline/baseline.cc:258:12: warning: unused variable ‘index’ [-Wunused-variable]
   uint64_t index = key % this->num_sets;
            ^~~~~
prefetcher/srtp/srtp.cc:211:102: warning: conversion from ‘uint64_t’ {aka ‘long unsigned int’} to ‘double’ may change value [-Wconversion]
   cout << "MT_accuracy " << (meta_table_issued_prefetches ? (double)meta_table_accurate_prefetches / meta_table_issued_prefetches : 0) << endl;
                                                                                                      ^~~~~~~~~~~~~~~~~~~~~~~~~~~~
prefetcher/resize/resize.cc:160:12: warning: variable ‘matched’ set but not used [-Wunused-but-set-variable]
       bool matched = false;
            ^~~~~~~
prefetcher/baseline/baseline.cc:259:12: warning: unused variable ‘tag’ [-Wunused-variable]
   uint64_t tag = key / this->num_sets;
            ^~~
prefetcher/ptp/ptp.h: In constructor ‘ptpMRBTable::ptpMRBTable(int, int)’:
prefetcher/ptp/ptp.h:165:39: warning: declaration of ‘num_ways’ shadows a member of ‘ptpMRBTable’ [-Wshadow]
   ptpMRBTable(int size, int num_ways) : Super(size, num_ways)
                                       ^
In file included from prefetcher/triangel/triangel.cc:1:
prefetcher/triangel/triangel.h: In instantiation of ‘RRIPCacheway<T>::RRIPCacheway(int, const string&) [with T = MetadataEntry; std::__cxx11::string = std::__cxx11::basic_string<char>]’:
prefetcher/triangel/triangel.h:799:65:   required from here
prefetcher/triangel/triangel.h:352:3: warning: declaration of ‘owner’ shadows a member of ‘RRIPCacheway<MetadataEntry>’ [-Wshadow]
   RRIPCacheway(int capacity, const std::string& owner = "unknown"):capacity(capacity), owner(owner), count(0) {}
   ^~~~~~~~~~~~
prefetcher/triangel/triangel.h:343:15: note: shadowed declaration is here
   std::string owner;
               ^~~~~
In file included from prefetcher/ptp/ptp.h:17,
                 from prefetcher/ptp/ptp.cc:1:
/mnt/data/lyq/Kairos/inc/bakshalipour_framework.h:280:7: note: shadowed declaration is here
   int num_ways;
       ^~~~~~~~
prefetcher/prism/prism.cc: In member function ‘int prism::issue_mainMetatable(uint64_t, uint64_t, int)’:
prefetcher/prism/prism.cc:16:89: warning: ‘bool champsim::modules::prefetcher::prefetch_line(uint64_t, bool, uint32_t) const’ is deprecated [-Wdeprecated-declarations]
         bool success = prefetch_line({filter_entry->pf_addr << LOG2_BLOCK_SIZE}, true, 0);
                                                                                         ^
prefetcher/triangel/triangel.h:352:3: warning: declaration of ‘capacity’ shadows a member of ‘RRIPCacheway<MetadataEntry>’ [-Wshadow]
   RRIPCacheway(int capacity, const std::string& owner = "unknown"):capacity(capacity), owner(owner), count(0) {}
   ^~~~~~~~~~~~
In file included from prefetcher/ptp/ptp.cc:1:
prefetcher/ptp/ptp.h:165:39: warning: declaration of ‘size’ shadows a member of ‘ptpMRBTable’ [-Wshadow]
   ptpMRBTable(int size, int num_ways) : Super(size, num_ways)
                                       ^
prefetcher/triangel/triangel.h:344:7: note: shadowed declaration is here
   int capacity;
       ^~~~~~~~
In file included from prefetcher/ptp/ptp.h:17,
                 from prefetcher/ptp/ptp.cc:1:
/mnt/data/lyq/Kairos/inc/bakshalipour_framework.h:279:7: note: shadowed declaration is here
   int size;
       ^~~~
prefetcher/triangel/triangel.h:344:7: warning: ‘RRIPCacheway<MetadataEntry>::capacity’ will be initialized after [-Wreorder]
In file included from /mnt/data/lyq/Kairos/inc/cache.h:45,
                 from prefetcher/prism/prism.h:17,
                 from prefetcher/prism/prism.cc:1:
/mnt/data/lyq/Kairos/inc/modules.h:105:23: note: declared here
   [[deprecated]] bool prefetch_line(uint64_t pf_addr, bool fill_this_level, uint32_t prefetch_metadata) const;
                       ^~~~~~~~~~~~~
prefetcher/triangel/triangel.h:343:15: warning:   ‘std::__cxx11::string RRIPCacheway<MetadataEntry>::owner’ [-Wreorder]
   std::string owner;
               ^~~~~
prefetcher/triangel/triangel.h:352:3: warning:   when initialized here [-Wreorder]
   RRIPCacheway(int capacity, const std::string& owner = "unknown"):capacity(capacity), owner(owner), count(0) {}
   ^~~~~~~~~~~~
prefetcher/resize/resize.cc:207:21: warning: comparison of integer expressions of different signedness: ‘int’ and ‘std::vector<long unsigned int>::size_type’ {aka ‘long unsigned int’} [-Wsign-compare]
   for (int i = 0; i < pref_addr.size(); i++) {
                   ~~^~~~~~~~~~~~~~~~~~
prefetcher/prism/prism.cc:45:79: warning: ‘bool champsim::modules::prefetcher::prefetch_line(uint64_t, bool, uint32_t) const’ is deprecated [-Wdeprecated-declarations]
       success = prefetch_line({entry->target_addr << LOG2_BLOCK_SIZE}, true, 0);
                                                                               ^
In file included from /mnt/data/lyq/Kairos/inc/cache.h:45,
                 from prefetcher/prism/prism.h:17,
                 from prefetcher/prism/prism.cc:1:
/mnt/data/lyq/Kairos/inc/modules.h:105:23: note: declared here
   [[deprecated]] bool prefetch_line(uint64_t pf_addr, bool fill_this_level, uint32_t prefetch_metadata) const;
                       ^~~~~~~~~~~~~
prefetcher/resize/resize.cc:208:82: warning: ‘bool champsim::modules::prefetcher::prefetch_line(uint64_t, bool, uint32_t) const’ is deprecated [-Wdeprecated-declarations]
     const bool success = prefetch_line({pref_addr[i] << LOG2_BLOCK_SIZE}, true, 0);
                                                                                  ^
prefetcher/prism/prism.cc:56:90: warning: ‘bool CACHE::prefetch_line(uint64_t, bool, uint32_t)’ is deprecated [-Wdeprecated-declarations]
       success = llc_cache->prefetch_line({entry->target_addr << LOG2_BLOCK_SIZE}, true, 0);
                                                                                          ^
In file included from /mnt/data/lyq/Kairos/inc/cache.h:45,
                 from prefetcher/resize/resize.h:17,
                 from prefetcher/resize/resize.cc:1:
/mnt/data/lyq/Kairos/inc/modules.h:105:23: note: declared here
   [[deprecated]] bool prefetch_line(uint64_t pf_addr, bool fill_this_level, uint32_t prefetch_metadata) const;
                       ^~~~~~~~~~~~~
In file included from prefetcher/prism/prism.h:17,
                 from prefetcher/prism/prism.cc:1:
/mnt/data/lyq/Kairos/inc/cache.h:235:23: note: declared here
   [[deprecated]] bool prefetch_line(uint64_t pf_addr, bool fill_this_level, uint32_t prefetch_metadata);
                       ^~~~~~~~~~~~~
prefetcher/resize/resize.cc:208:16: warning: unused variable ‘success’ [-Wunused-variable]
     const bool success = prefetch_line({pref_addr[i] << LOG2_BLOCK_SIZE}, true, 0);
                ^~~~~~~
prefetcher/resize/resize.cc:139:7: warning: unused variable ‘issued_by_metatable’ [-Wunused-variable]
   int issued_by_metatable = issue_metatable(metaTable, pc, lookup_key, pref_addr);
       ^~~~~~~~~~~~~~~~~~~
prefetcher/srtp/srtp.cc: In member function ‘bool srtpMetaTable::insert(uint64_t, const srtpMetaTableEntry&)’:
prefetcher/srtp/srtp.cc:237:12: warning: unused variable ‘index’ [-Wunused-variable]
   uint64_t index = key % this->num_sets;
            ^~~~~
prefetcher/srtp/srtp.cc:238:12: warning: unused variable ‘tag’ [-Wunused-variable]
   uint64_t tag = key / this->num_sets;
            ^~~
prefetcher/shtp/shtp.cc: In member function ‘uint32_t shtp::prefetcher_cache_operate(champsim::address, champsim::address, uint8_t, bool, access_type, uint32_t, std::__cxx11::string)’:
prefetcher/shtp/shtp.cc:147:18: warning: unused variable ‘victim_addr’ [-Wunused-variable]
         uint64_t victim_addr = last_meta->correlated_addr;
                  ^~~~~~~~~~~
prefetcher/shtp/shtp.cc:142:12: warning: variable ‘matched’ set but not used [-Wunused-but-set-variable]
       bool matched = false;
            ^~~~~~~
prefetcher/lfutp/lfutp.cc: In member function ‘void lfutp::prefetcher_final_stats()’:
prefetcher/lfutp/lfutp.cc:208:76: warning: conversion from ‘uint64_t’ {aka ‘long unsigned int’} to ‘double’ may change value [-Wconversion]
   cout << "MT_hitrate " << (meta_table_lookups ? (double)meta_table_hits / meta_table_lookups : 0) << endl;
                                                                            ^~~~~~~~~~~~~~~~~~
prefetcher/pctp/pctp.cc: In member function ‘int pctp::issue_metatable(pctpMetaTable*, uint64_t, std::vector<long unsigned int>&)’:
prefetcher/pctp/pctp.cc:6:102: warning: declaration of ‘metaTable’ shadows a member of ‘pctp’ [-Wshadow]
 int pctp::issue_metatable(pctpMetaTable* metaTable, uint64_t lookup, std::vector<uint64_t>& addresses)
                                                                                                      ^
In file included from prefetcher/pctp/pctp.cc:1:
prefetcher/pctp/pctp.h:97:81: note: shadowed declaration is here
   pctpMetaTable* metaTable = new pctpMetaTable(META_TABLE_SIZE, META_TABLE_ASSOC);
                                                                                 ^
prefetcher/resize_pr/resize_pr.cc: In member function ‘uint32_t resize_pr::prefetcher_cache_operate(champsim::address, champsim::address, uint8_t, bool, access_type, uint32_t, std::__cxx11::string)’:
prefetcher/resize_pr/resize_pr.cc:154:18: warning: unused variable ‘victim_addr’ [-Wunused-variable]
         uint64_t victim_addr = last_meta->correlated_addr;
                  ^~~~~~~~~~~
prefetcher/resize_pr/resize_pr.cc:149:12: warning: variable ‘matched’ set but not used [-Wunused-but-set-variable]
       bool matched = false;
            ^~~~~~~
In file included from prefetcher/ptp/ptp.cc:1:
prefetcher/ptp/ptp.h: In member function ‘virtual int ptpMRBTable::select_victim(uint64_t)’:
prefetcher/ptp/ptp.h:194:26: warning: comparison of integer expressions of different signedness: ‘size_t’ {aka ‘long unsigned int’} and ‘int’ [-Wsign-compare]
     for (size_t i = 0; i < num_ways; i++) {
                        ~~^~~~~~~~~~
prefetcher/earlytp/earlytp.cc:250:21: warning: comparison of integer expressions of different signedness: ‘int’ and ‘std::vector<long unsigned int>::size_type’ {aka ‘long unsigned int’} [-Wsign-compare]
   for (int i = 0; i < pref_addr.size(); i++) {
                   ~~^~~~~~~~~~~~~~~~~~
prefetcher/shtp/shtp.cc:189:21: warning: comparison of integer expressions of different signedness: ‘int’ and ‘std::vector<long unsigned int>::size_type’ {aka ‘long unsigned int’} [-Wsign-compare]
   for (int i = 0; i < pref_addr.size(); i++) {
                   ~~^~~~~~~~~~~~~~~~~~
prefetcher/earlytp/earlytp.cc:251:82: warning: ‘bool champsim::modules::prefetcher::prefetch_line(uint64_t, bool, uint32_t) const’ is deprecated [-Wdeprecated-declarations]
     const bool success = prefetch_line({pref_addr[i] << LOG2_BLOCK_SIZE}, true, 0);
                                                                                  ^
In file included from /mnt/data/lyq/Kairos/inc/cache.h:45,
                 from prefetcher/earlytp/earlytp.h:17,
                 from prefetcher/earlytp/earlytp.cc:1:
/mnt/data/lyq/Kairos/inc/modules.h:105:23: note: declared here
   [[deprecated]] bool prefetch_line(uint64_t pf_addr, bool fill_this_level, uint32_t prefetch_metadata) const;
                       ^~~~~~~~~~~~~
prefetcher/shtp/shtp.cc:190:82: warning: ‘bool champsim::modules::prefetcher::prefetch_line(uint64_t, bool, uint32_t) const’ is deprecated [-Wdeprecated-declarations]
     const bool success = prefetch_line({pref_addr[i] << LOG2_BLOCK_SIZE}, true, 0);
                                                                                  ^
prefetcher/earlytp/earlytp.cc:251:16: warning: unused variable ‘success’ [-Wunused-variable]
     const bool success = prefetch_line({pref_addr[i] << LOG2_BLOCK_SIZE}, true, 0);
                ^~~~~~~
prefetcher/earlytp/earlytp.cc:114:7: warning: unused variable ‘issued_by_metatable’ [-Wunused-variable]
   int issued_by_metatable = issue_metatable(metaTable, lookup_key, pref_addr);
       ^~~~~~~~~~~~~~~~~~~
In file included from /mnt/data/lyq/Kairos/inc/cache.h:45,
                 from prefetcher/shtp/shtp.h:17,
                 from prefetcher/shtp/shtp.cc:1:
/mnt/data/lyq/Kairos/inc/modules.h:105:23: note: declared here
   [[deprecated]] bool prefetch_line(uint64_t pf_addr, bool fill_this_level, uint32_t prefetch_metadata) const;
                       ^~~~~~~~~~~~~
prefetcher/shtp/shtp.cc:190:16: warning: unused variable ‘success’ [-Wunused-variable]
     const bool success = prefetch_line({pref_addr[i] << LOG2_BLOCK_SIZE}, true, 0);
                ^~~~~~~
prefetcher/shtp/shtp.cc:121:7: warning: unused variable ‘issued_by_metatable’ [-Wunused-variable]
   int issued_by_metatable = issue_metatable(metaTable, lookup_key, pref_addr);
       ^~~~~~~~~~~~~~~~~~~
prefetcher/resize_pr/resize_pr.cc:196:21: warning: comparison of integer expressions of different signedness: ‘int’ and ‘std::vector<long unsigned int>::size_type’ {aka ‘long unsigned int’} [-Wsign-compare]
   for (int i = 0; i < pref_addr.size(); i++) {
                   ~~^~~~~~~~~~~~~~~~~~
prefetcher/resize_pr/resize_pr.cc:197:82: warning: ‘bool champsim::modules::prefetcher::prefetch_line(uint64_t, bool, uint32_t) const’ is deprecated [-Wdeprecated-declarations]
     const bool success = prefetch_line({pref_addr[i] << LOG2_BLOCK_SIZE}, true, 0);
                                                                                  ^
In file included from /mnt/data/lyq/Kairos/inc/cache.h:45,
                 from prefetcher/resize_pr/resize_pr.h:17,
                 from prefetcher/resize_pr/resize_pr.cc:1:
/mnt/data/lyq/Kairos/inc/modules.h:105:23: note: declared here
   [[deprecated]] bool prefetch_line(uint64_t pf_addr, bool fill_this_level, uint32_t prefetch_metadata) const;
                       ^~~~~~~~~~~~~
prefetcher/resize_pr/resize_pr.cc:197:16: warning: unused variable ‘success’ [-Wunused-variable]
     const bool success = prefetch_line({pref_addr[i] << LOG2_BLOCK_SIZE}, true, 0);
                ^~~~~~~
prefetcher/resize_pr/resize_pr.cc:128:7: warning: unused variable ‘issued_by_metatable’ [-Wunused-variable]
   int issued_by_metatable = issue_metatable(metaTable, pc, lookup_key, pref_addr);
       ^~~~~~~~~~~~~~~~~~~
prefetcher/lfutp/lfutp.cc:211:102: warning: conversion from ‘uint64_t’ {aka ‘long unsigned int’} to ‘double’ may change value [-Wconversion]
   cout << "MT_accuracy " << (meta_table_issued_prefetches ? (double)meta_table_accurate_prefetches / meta_table_issued_prefetches : 0) << endl;
                                                                                                      ^~~~~~~~~~~~~~~~~~~~~~~~~~~~
prefetcher/resize/resize.cc: In member function ‘void resize::prefetcher_final_stats()’:
prefetcher/resize/resize.cc:226:76: warning: conversion from ‘uint64_t’ {aka ‘long unsigned int’} to ‘double’ may change value [-Wconversion]
   cout << "MT_hitrate " << (meta_table_lookups ? (double)meta_table_hits / meta_table_lookups : 0) << endl;
                                                                            ^~~~~~~~~~~~~~~~~~
prefetcher/lfutp/lfutp.cc: In member function ‘bool lfutpMetaTable::insert(uint64_t, const lfutpMetaTableEntry&)’:
prefetcher/lfutp/lfutp.cc:235:12: warning: unused variable ‘index’ [-Wunused-variable]
   uint64_t index = key % this->num_sets;
            ^~~~~
prefetcher/lfutp/lfutp.cc:236:12: warning: unused variable ‘tag’ [-Wunused-variable]
   uint64_t tag = key / this->num_sets;
            ^~~
prefetcher/ptp/ptp.h:196:16: warning: conversion from ‘size_t’ {aka ‘long unsigned int’} to ‘int’ may change value [-Wconversion]
         return i;
                ^
prefetcher/ptp/ptp.h:199:24: warning: conversion from ‘size_t’ {aka ‘long unsigned int’} to ‘int’ may change value [-Wconversion]
         victim_index = i;
                        ^
prefetcher/ptp/ptp.h:203:26: warning: conversion from ‘size_t’ {aka ‘long unsigned int’} to ‘int’ may change value [-Wconversion]
           victim_index = i;
                          ^
prefetcher/resize/resize.cc:229:102: warning: conversion from ‘uint64_t’ {aka ‘long unsigned int’} to ‘double’ may change value [-Wconversion]
   cout << "MT_accuracy " << (meta_table_issued_prefetches ? (double)meta_table_accurate_prefetches / meta_table_issued_prefetches : 0) << endl;
                                                                                                      ^~~~~~~~~~~~~~~~~~~~~~~~~~~~
prefetcher/resize_pr/resize_pr.cc: In member function ‘void resize_pr::prefetcher_final_stats()’:
prefetcher/resize_pr/resize_pr.cc:215:76: warning: conversion from ‘uint64_t’ {aka ‘long unsigned int’} to ‘double’ may change value [-Wconversion]
   cout << "MT_hitrate " << (meta_table_lookups ? (double)meta_table_hits / meta_table_lookups : 0) << endl;
                                                                            ^~~~~~~~~~~~~~~~~~
prefetcher/shtp/shtp.cc: In member function ‘void shtp::prefetcher_final_stats()’:
prefetcher/shtp/shtp.cc:208:76: warning: conversion from ‘uint64_t’ {aka ‘long unsigned int’} to ‘double’ may change value [-Wconversion]
   cout << "MT_hitrate " << (meta_table_lookups ? (double)meta_table_hits / meta_table_lookups : 0) << endl;
                                                                            ^~~~~~~~~~~~~~~~~~
prefetcher/earlytp/earlytp.cc: In member function ‘void earlytp::prefetcher_final_stats()’:
prefetcher/earlytp/earlytp.cc:277:76: warning: conversion from ‘uint64_t’ {aka ‘long unsigned int’} to ‘double’ may change value [-Wconversion]
   cout << "MT_hitrate " << (meta_table_lookups ? (double)meta_table_hits / meta_table_lookups : 0) << endl;
                                                                            ^~~~~~~~~~~~~~~~~~
prefetcher/resize_pr/resize_pr.cc:218:102: warning: conversion from ‘uint64_t’ {aka ‘long unsigned int’} to ‘double’ may change value [-Wconversion]
   cout << "MT_accuracy " << (meta_table_issued_prefetches ? (double)meta_table_accurate_prefetches / meta_table_issued_prefetches : 0) << endl;
                                                                                                      ^~~~~~~~~~~~~~~~~~~~~~~~~~~~
prefetcher/shtp/shtp.cc:211:102: warning: conversion from ‘uint64_t’ {aka ‘long unsigned int’} to ‘double’ may change value [-Wconversion]
   cout << "MT_accuracy " << (meta_table_issued_prefetches ? (double)meta_table_accurate_prefetches / meta_table_issued_prefetches : 0) << endl;
                                                                                                      ^~~~~~~~~~~~~~~~~~~~~~~~~~~~
In file included from prefetcher/latetp/latetp.cc:1:
prefetcher/latetp/latetp.h: In constructor ‘latetpMetaTable::latetpMetaTable(int, int)’:
prefetcher/latetp/latetp.h:58:43: warning: declaration of ‘num_ways’ shadows a member of ‘latetpMetaTable’ [-Wshadow]
   latetpMetaTable(int size, int num_ways) : Super(size, num_ways), prefetcher(nullptr) {}
                                           ^
In file included from prefetcher/latetp/latetp.h:16,
                 from prefetcher/latetp/latetp.cc:1:
/mnt/data/lyq/Kairos/inc/bakshalipour_framework.h:280:7: note: shadowed declaration is here
   int num_ways;
       ^~~~~~~~
In file included from prefetcher/latetp/latetp.cc:1:
prefetcher/latetp/latetp.h:58:43: warning: declaration of ‘size’ shadows a member of ‘latetpMetaTable’ [-Wshadow]
   latetpMetaTable(int size, int num_ways) : Super(size, num_ways), prefetcher(nullptr) {}
                                           ^
In file included from prefetcher/latetp/latetp.h:16,
                 from prefetcher/latetp/latetp.cc:1:
/mnt/data/lyq/Kairos/inc/bakshalipour_framework.h:279:7: note: shadowed declaration is here
   int size;
       ^~~~
prefetcher/earlytp/earlytp.cc:280:102: warning: conversion from ‘uint64_t’ {aka ‘long unsigned int’} to ‘double’ may change value [-Wconversion]
   cout << "MT_accuracy " << (meta_table_issued_prefetches ? (double)meta_table_accurate_prefetches / meta_table_issued_prefetches : 0) << endl;
                                                                                                      ^~~~~~~~~~~~~~~~~~~~~~~~~~~~
prefetcher/resize/resize.cc: In member function ‘bool resizeMetaTable::insert(uint64_t, const resizeMetaTableEntry&)’:
prefetcher/resize/resize.cc:254:12: warning: unused variable ‘index’ [-Wunused-variable]
   uint64_t index = key % this->num_sets;
            ^~~~~
prefetcher/resize/resize.cc:255:12: warning: unused variable ‘tag’ [-Wunused-variable]
   uint64_t tag = key / this->num_sets;
            ^~~
prefetcher/shtp/shtp.cc: In member function ‘bool shtpMetaTable::insert(uint64_t, const shtpMetaTableEntry&, uint64_t)’:
prefetcher/shtp/shtp.cc:237:12: warning: unused variable ‘index’ [-Wunused-variable]
   uint64_t index = key % this->num_sets;
            ^~~~~
prefetcher/shtp/shtp.cc:238:12: warning: unused variable ‘tag’ [-Wunused-variable]
   uint64_t tag = key / this->num_sets;
            ^~~
prefetcher/resize/resize.cc: In member function ‘bool resizeMetaTable::insert(uint64_t, const resizeMetaTableEntry&, uint64_t)’:
prefetcher/resize/resize.cc:285:12: warning: unused variable ‘index’ [-Wunused-variable]
   uint64_t index = key % this->num_sets;
            ^~~~~
prefetcher/resize/resize.cc:286:12: warning: unused variable ‘tag’ [-Wunused-variable]
   uint64_t tag = key / this->num_sets;
            ^~~
In file included from prefetcher/rndtp/rndtp.cc:1:
prefetcher/rndtp/rndtp.h: In constructor ‘rndtpMetaTable::rndtpMetaTable(int, int)’:
prefetcher/rndtp/rndtp.h:49:42: warning: declaration of ‘num_ways’ shadows a member of ‘rndtpMetaTable’ [-Wshadow]
   rndtpMetaTable(int size, int num_ways) : Super(size, num_ways), prefetcher(nullptr) {}
                                          ^
In file included from prefetcher/rndtp/rndtp.h:16,
                 from prefetcher/rndtp/rndtp.cc:1:
/mnt/data/lyq/Kairos/inc/bakshalipour_framework.h:280:7: note: shadowed declaration is here
   int num_ways;
       ^~~~~~~~
In file included from prefetcher/rndtp/rndtp.cc:1:
prefetcher/rndtp/rndtp.h:49:42: warning: declaration of ‘size’ shadows a member of ‘rndtpMetaTable’ [-Wshadow]
   rndtpMetaTable(int size, int num_ways) : Super(size, num_ways), prefetcher(nullptr) {}
                                          ^
In file included from prefetcher/rndtp/rndtp.h:16,
                 from prefetcher/rndtp/rndtp.cc:1:
/mnt/data/lyq/Kairos/inc/bakshalipour_framework.h:279:7: note: shadowed declaration is here
   int size;
       ^~~~
prefetcher/earlytp/earlytp.cc:287:88: warning: conversion from ‘uint64_t’ {aka ‘long unsigned int’} to ‘double’ may change value [-Wconversion]
   cout << "PCM_accuracy " << (PCM_total_prefetches ? (double)PCM_accurate_prefetches / PCM_total_prefetches : 0) << endl;
                                                                                        ^~~~~~~~~~~~~~~~~~~~
In file included from prefetcher/latetp/latetp.cc:1:
prefetcher/latetp/latetp.h: In constructor ‘PF_Filter::PF_Filter(int, int)’:
prefetcher/latetp/latetp.h:86:34: warning: declaration of ‘width’ shadows a member of ‘PF_Filter’ [-Wshadow]
   PF_Filter(int size, int width) : size(size), width(width) { table.resize(size, 0); }
                                  ^
prefetcher/latetp/latetp.h:84:11: note: shadowed declaration is here
   uint8_t width;
           ^~~~~
prefetcher/latetp/latetp.h:86:34: warning: declaration of ‘size’ shadows a member of ‘PF_Filter’ [-Wshadow]
   PF_Filter(int size, int width) : size(size), width(width) { table.resize(size, 0); }
                                  ^
prefetcher/latetp/latetp.h:83:12: note: shadowed declaration is here
   uint64_t size;
            ^~~~
prefetcher/resize_pr/resize_pr.cc: In member function ‘bool resize_prMetaTable::insert(uint64_t, const resize_prMetaTableEntry&)’:
prefetcher/resize_pr/resize_pr.cc:243:12: warning: unused variable ‘index’ [-Wunused-variable]
   uint64_t index = key % this->num_sets;
            ^~~~~
prefetcher/resize_pr/resize_pr.cc:244:12: warning: unused variable ‘tag’ [-Wunused-variable]
   uint64_t tag = key / this->num_sets;
            ^~~
prefetcher/latetp/latetp.h:86:59: warning: conversion from ‘int’ to ‘uint8_t’ {aka ‘unsigned char’} may change value [-Wconversion]
   PF_Filter(int size, int width) : size(size), width(width) { table.resize(size, 0); }
                                                           ^
prefetcher/earlytp/earlytp.cc:288:87: warning: conversion from ‘uint64_t’ {aka ‘long unsigned int’} to ‘double’ may change value [-Wconversion]
   cout << "PCM_laterate " << (PCM_accurate_prefetches ? (double)PCM_late_prefetches / PCM_accurate_prefetches : 0) << endl;
                                                                                       ^~~~~~~~~~~~~~~~~~~~~~~
prefetcher/resize_pr/resize_pr.cc: In member function ‘bool resize_prMetaTable::insert(uint64_t, const resize_prMetaTableEntry&, uint64_t)’:
prefetcher/resize_pr/resize_pr.cc:274:12: warning: unused variable ‘index’ [-Wunused-variable]
   uint64_t index = key % this->num_sets;
            ^~~~~
prefetcher/resize_pr/resize_pr.cc:275:12: warning: unused variable ‘tag’ [-Wunused-variable]
   uint64_t tag = key / this->num_sets;
            ^~~
prefetcher/triangel/triangel.h: In instantiation of ‘AssociativeCache<T>::AssociativeCache(uint64_t, int, ReplacementPolicy, const string&) [with T = TrainingUnitEntry; uint64_t = long unsigned int; std::__cxx11::string = std::__cxx11::basic_string<char>]’:
prefetcher/triangel/triangel.h:897:136:   required from here
prefetcher/triangel/triangel.h:477:3: warning: declaration of ‘ways’ shadows a member of ‘AssociativeCache<TrainingUnitEntry>’ [-Wshadow]
   AssociativeCache(uint64_t sets, int ways, ReplacementPolicy policy, const std::string& owner = "unknown") : count(0), set_mask(sets - 1), ways(ways)
   ^~~~~~~~~~~~~~~~
prefetcher/triangel/triangel.h:474:12: note: shadowed declaration is here
   uint64_t ways;
            ^~~~
prefetcher/earlytp/earlytp.cc: In member function ‘bool earlytpMetaTable::insert(uint64_t, const earlytpMetaTableEntry&)’:
prefetcher/earlytp/earlytp.cc:306:12: warning: unused variable ‘index’ [-Wunused-variable]
   uint64_t index = key % this->num_sets;
            ^~~~~
prefetcher/earlytp/earlytp.cc:307:12: warning: unused variable ‘tag’ [-Wunused-variable]
   uint64_t tag = key / this->num_sets;
            ^~~
prefetcher/pctp/pctp.cc: In member function ‘uint32_t pctp::prefetcher_cache_operate(champsim::address, champsim::address, uint8_t, bool, access_type, uint32_t, std::__cxx11::string)’:
prefetcher/pctp/pctp.cc:126:18: warning: unused variable ‘victim_addr’ [-Wunused-variable]
         uint64_t victim_addr = last_meta->correlated_addr;
                  ^~~~~~~~~~~
prefetcher/pctp/pctp.cc:122:12: warning: variable ‘matched’ set but not used [-Wunused-but-set-variable]
       bool matched = false;
            ^~~~~~~
prefetcher/prism/prism.cc: In member function ‘uint32_t prism::prefetcher_cache_operate(champsim::address, champsim::address, uint8_t, bool, access_type, uint32_t, std::__cxx11::string)’:
prefetcher/prism/prism.cc:421:86: warning: ‘bool champsim::modules::prefetcher::prefetch_line(uint64_t, bool, uint32_t) const’ is deprecated [-Wdeprecated-declarations]
           prefetch_line({pc_meta_entry->data.target_addr << LOG2_BLOCK_SIZE}, true, 0);
                                                                                      ^
In file included from /mnt/data/lyq/Kairos/inc/cache.h:45,
                 from prefetcher/prism/prism.h:17,
                 from prefetcher/prism/prism.cc:1:
/mnt/data/lyq/Kairos/inc/modules.h:105:23: note: declared here
   [[deprecated]] bool prefetch_line(uint64_t pf_addr, bool fill_this_level, uint32_t prefetch_metadata) const;
                       ^~~~~~~~~~~~~
prefetcher/pctp/pctp.cc:221:21: warning: comparison of integer expressions of different signedness: ‘int’ and ‘std::vector<long unsigned int>::size_type’ {aka ‘long unsigned int’} [-Wsign-compare]
   for (int i = 0; i < pref_addr.size(); i++) {
                   ~~^~~~~~~~~~~~~~~~~~
prefetcher/pctp/pctp.cc:222:82: warning: ‘bool champsim::modules::prefetcher::prefetch_line(uint64_t, bool, uint32_t) const’ is deprecated [-Wdeprecated-declarations]
     const bool success = prefetch_line({pref_addr[i] << LOG2_BLOCK_SIZE}, true, 0);
                                                                                  ^
In file included from /mnt/data/lyq/Kairos/inc/cache.h:45,
                 from prefetcher/pctp/pctp.h:17,
                 from prefetcher/pctp/pctp.cc:1:
/mnt/data/lyq/Kairos/inc/modules.h:105:23: note: declared here
   [[deprecated]] bool prefetch_line(uint64_t pf_addr, bool fill_this_level, uint32_t prefetch_metadata) const;
                       ^~~~~~~~~~~~~
prefetcher/pctp/pctp.cc:222:16: warning: unused variable ‘success’ [-Wunused-variable]
     const bool success = prefetch_line({pref_addr[i] << LOG2_BLOCK_SIZE}, true, 0);
                ^~~~~~~
prefetcher/pctp/pctp.cc:112:7: warning: unused variable ‘issued_by_metatable’ [-Wunused-variable]
   int issued_by_metatable = issue_metatable(metaTable, lookup_key, pref_addr);
       ^~~~~~~~~~~~~~~~~~~
prefetcher/prism/prism.cc: In member function ‘void prism::prefetcher_final_stats()’:
prefetcher/prism/prism.cc:476:76: warning: conversion from ‘uint64_t’ {aka ‘long unsigned int’} to ‘double’ may change value [-Wconversion]
   cout << "MT_hitrate " << (main_table_lookups ? (double)main_table_hits / main_table_lookups : 0) << endl;
                                                                            ^~~~~~~~~~~~~~~~~~
In file included from prefetcher/latetp/latetp.cc:1:
prefetcher/latetp/latetp.h: In member function ‘void latetp::PCTableEntry::update_counter()’:
prefetcher/latetp/latetp.h:171:30: warning: conversion from ‘uint64_t’ {aka ‘long unsigned int’} to ‘double’ may change value [-Wconversion]
       float laterate = 1.0 * latePrefetchCount / (latePrefetchCount + usefulPrefetchCount);
                              ^~~~~~~~~~~~~~~~~
prefetcher/latetp/latetp.h:171:69: warning: conversion from ‘uint64_t’ {aka ‘long unsigned int’} to ‘double’ may change value [-Wconversion]
       float laterate = 1.0 * latePrefetchCount / (latePrefetchCount + usefulPrefetchCount);
                                                  ~~~~~~~~~~~~~~~~~~~^~~~~~~~~~~~~~~~~~~~~~
prefetcher/latetp/latetp.h:171:48: warning: conversion from ‘double’ to ‘float’ may change value [-Wfloat-conversion]
       float laterate = 1.0 * latePrefetchCount / (latePrefetchCount + usefulPrefetchCount);
                        ~~~~~~~~~~~~~~~~~~~~~~~~^~~~~~~~~~~~~~~~~~~~~~~~~~~~~~~~~~~~~~~~~~~
prefetcher/latetp/latetp.h:172:49: warning: conversion from ‘uint64_t’ {aka ‘long unsigned int’} to ‘double’ may change value [-Wconversion]
       float accuracy = 1.0 * (latePrefetchCount + usefulPrefetchCount) / (latePrefetchCount + filledPrefetchCount);
                              ~~~~~~~~~~~~~~~~~~~^~~~~~~~~~~~~~~~~~~~~~
prefetcher/latetp/latetp.h:172:93: warning: conversion from ‘uint64_t’ {aka ‘long unsigned int’} to ‘double’ may change value [-Wconversion]
       float accuracy = 1.0 * (latePrefetchCount + usefulPrefetchCount) / (latePrefetchCount + filledPrefetchCount);
                                                                          ~~~~~~~~~~~~~~~~~~~^~~~~~~~~~~~~~~~~~~~~~
prefetcher/latetp/latetp.h:172:72: warning: conversion from ‘double’ to ‘float’ may change value [-Wfloat-conversion]
       float accuracy = 1.0 * (latePrefetchCount + usefulPrefetchCount) / (latePrefetchCount + filledPrefetchCount);
                        ~~~~~~~~~~~~~~~~~~~~~~~~~~~~~~~~~~~~~~~~~~~~~~~~^~~~~~~~~~~~~~~~~~~~~~~~~~~~~~~~~~~~~~~~~~~
prefetcher/pctp/pctp.cc: In member function ‘void pctp::prefetcher_final_stats()’:
prefetcher/pctp/pctp.cc:248:76: warning: conversion from ‘uint64_t’ {aka ‘long unsigned int’} to ‘double’ may change value [-Wconversion]
   cout << "MT_hitrate " << (meta_table_lookups ? (double)meta_table_hits / meta_table_lookups : 0) << endl;
                                                                            ^~~~~~~~~~~~~~~~~~
prefetcher/prism/prism.cc:479:102: warning: conversion from ‘uint64_t’ {aka ‘long unsigned int’} to ‘double’ may change value [-Wconversion]
   cout << "MT_accuracy " << (main_table_issued_prefetches ? (double)main_table_accurate_prefetches / main_table_issued_prefetches : 0) << endl;
                                                                                                      ^~~~~~~~~~~~~~~~~~~~~~~~~~~~
prefetcher/pctp/pctp.cc:251:102: warning: conversion from ‘uint64_t’ {aka ‘long unsigned int’} to ‘double’ may change value [-Wconversion]
   cout << "MT_accuracy " << (meta_table_issued_prefetches ? (double)meta_table_accurate_prefetches / meta_table_issued_prefetches : 0) << endl;
                                                                                                      ^~~~~~~~~~~~~~~~~~~~~~~~~~~~
In file included from prefetcher/drtp/drtp.h:16,
                 from prefetcher/drtp/drtp.cc:1:
/mnt/data/lyq/Kairos/inc/bakshalipour_framework.h: In instantiation of ‘DRRIPSetAssociativeCache<T>::DRRIPSetAssociativeCache(int, int, int) [with T = drtpMetaTableEntry]’:
prefetcher/drtp/drtp.h:49:84:   required from here
/mnt/data/lyq/Kairos/inc/bakshalipour_framework.h:676:3: warning: declaration of ‘debug_level’ shadows a member of ‘DRRIPSetAssociativeCache<drtpMetaTableEntry>’ [-Wshadow]
   DRRIPSetAssociativeCache(int size, int num_ways, int debug_level = 0) : Super(size, num_ways, debug_level), rrpv(this->num_sets, vector<uint64_t>(num_ways))
   ^~~~~~~~~~~~~~~~~~~~~~~~
/mnt/data/lyq/Kairos/inc/bakshalipour_framework.h:285:21: note: shadowed declaration is here
   int debug_level = 0;
                     ^
/mnt/data/lyq/Kairos/inc/bakshalipour_framework.h:676:3: warning: declaration of ‘num_ways’ shadows a member of ‘DRRIPSetAssociativeCache<drtpMetaTableEntry>’ [-Wshadow]
   DRRIPSetAssociativeCache(int size, int num_ways, int debug_level = 0) : Super(size, num_ways, debug_level), rrpv(this->num_sets, vector<uint64_t>(num_ways))
   ^~~~~~~~~~~~~~~~~~~~~~~~
/mnt/data/lyq/Kairos/inc/bakshalipour_framework.h:280:7: note: shadowed declaration is here
   int num_ways;
       ^~~~~~~~
/mnt/data/lyq/Kairos/inc/bakshalipour_framework.h:676:3: warning: declaration of ‘size’ shadows a member of ‘DRRIPSetAssociativeCache<drtpMetaTableEntry>’ [-Wshadow]
   DRRIPSetAssociativeCache(int size, int num_ways, int debug_level = 0) : Super(size, num_ways, debug_level), rrpv(this->num_sets, vector<uint64_t>(num_ways))
   ^~~~~~~~~~~~~~~~~~~~~~~~
/mnt/data/lyq/Kairos/inc/bakshalipour_framework.h:279:7: note: shadowed declaration is here
   int size;
       ^~~~
prefetcher/prism/prism.cc:487:88: warning: conversion from ‘uint64_t’ {aka ‘long unsigned int’} to ‘double’ may change value [-Wconversion]
   cout << "PCM_accuracy " << (PCM_total_prefetches ? (double)PCM_accurate_prefetches / PCM_total_prefetches : 0) << endl;
                                                                                        ^~~~~~~~~~~~~~~~~~~~
prefetcher/prism/prism.cc:488:87: warning: conversion from ‘uint64_t’ {aka ‘long unsigned int’} to ‘double’ may change value [-Wconversion]
   cout << "PCM_laterate " << (PCM_accurate_prefetches ? (double)PCM_late_prefetches / PCM_accurate_prefetches : 0) << endl;
                                                                                       ^~~~~~~~~~~~~~~~~~~~~~~
prefetcher/pctp/pctp.cc:258:88: warning: conversion from ‘uint64_t’ {aka ‘long unsigned int’} to ‘double’ may change value [-Wconversion]
   cout << "PCM_accuracy " << (PCM_total_prefetches ? (double)PCM_accurate_prefetches / PCM_total_prefetches : 0) << endl;
                                                                                        ^~~~~~~~~~~~~~~~~~~~
prefetcher/pctp/pctp.cc:259:87: warning: conversion from ‘uint64_t’ {aka ‘long unsigned int’} to ‘double’ may change value [-Wconversion]
   cout << "PCM_laterate " << (PCM_accurate_prefetches ? (double)PCM_late_prefetches / PCM_accurate_prefetches : 0) << endl;
                                                                                       ^~~~~~~~~~~~~~~~~~~~~~~
prefetcher/prophet/prophet.h: In member function ‘void prophet::set_llc_reference(CACHE*)’:
prefetcher/prophet/prophet.h:364:71: warning: conversion from ‘long long unsigned int’ to ‘std::map<long unsigned int, int>::mapped_type’ {aka ‘int’} may change value [-Wconversion]
           profileReplTable[std::stoull(PC, nullptr, 16)] = std::stoull(priority);
                                                            ~~~~~~~~~~~^~~~~~~~~~
prefetcher/pctp/pctp.cc: In member function ‘bool pctpMetaTable::insert(uint64_t, const pctpMetaTableEntry&)’:
prefetcher/pctp/pctp.cc:277:12: warning: unused variable ‘index’ [-Wunused-variable]
   uint64_t index = key % this->num_sets;
            ^~~~~
prefetcher/pctp/pctp.cc:278:12: warning: unused variable ‘tag’ [-Wunused-variable]
   uint64_t tag = key / this->num_sets;
            ^~~
prefetcher/rndtp/rndtp.cc: In member function ‘int rndtp::issue_metatable(rndtpMetaTable*, uint64_t, std::vector<long unsigned int>&)’:
prefetcher/rndtp/rndtp.cc:6:104: warning: declaration of ‘metaTable’ shadows a member of ‘rndtp’ [-Wshadow]
 int rndtp::issue_metatable(rndtpMetaTable* metaTable, uint64_t lookup, std::vector<uint64_t>& addresses)
                                                                                                        ^
In file included from prefetcher/rndtp/rndtp.cc:1:
prefetcher/rndtp/rndtp.h:91:83: note: shadowed declaration is here
   rndtpMetaTable* metaTable = new rndtpMetaTable(META_TABLE_SIZE, META_TABLE_ASSOC);
                                                                                   ^
prefetcher/latetp/latetp.cc: In member function ‘int latetp::issue_metatable(latetpMetaTable*, uint64_t, uint64_t, std::vector<long unsigned int>&)’:
prefetcher/latetp/latetp.cc:6:123: warning: declaration of ‘metaTable’ shadows a member of ‘latetp’ [-Wshadow]
 int latetp::issue_metatable(latetpMetaTable* metaTable, uint64_t lookup, uint64_t degree, std::vector<uint64_t>& addresses)
                                                                                                                           ^
In file included from prefetcher/latetp/latetp.cc:1:
prefetcher/latetp/latetp.h:152:85: note: shadowed declaration is here
   latetpMetaTable* metaTable = new latetpMetaTable(META_TABLE_SIZE, META_TABLE_ASSOC);
                                                                                     ^
prefetcher/triangel/triangel.h: In instantiation of ‘AssociativeCache<T>::AssociativeCache(uint64_t, int, ReplacementPolicy, const string&) [with T = HistorySamplerEntry; uint64_t = long unsigned int; std::__cxx11::string = std::__cxx11::basic_string<char>]’:
prefetcher/triangel/triangel.h:898:140:   required from here
prefetcher/triangel/triangel.h:477:3: warning: declaration of ‘ways’ shadows a member of ‘AssociativeCache<HistorySamplerEntry>’ [-Wshadow]
   AssociativeCache(uint64_t sets, int ways, ReplacementPolicy policy, const std::string& owner = "unknown") : count(0), set_mask(sets - 1), ways(ways)
   ^~~~~~~~~~~~~~~~
prefetcher/latetp/latetp.cc:9:21: warning: comparison of integer expressions of different signedness: ‘int’ and ‘uint64_t’ {aka ‘long unsigned int’} [-Wsign-compare]
   for (int i = 0; i < degree; i++) {
                   ~~^~~~~~~~
prefetcher/triangel/triangel.h:474:12: note: shadowed declaration is here
   uint64_t ways;
            ^~~~
In file included from prefetcher/resize_tr/resize_tr.cc:1:
prefetcher/resize_tr/resize_tr.h: In constructor ‘resize_trMetaTable::resize_trMetaTable(int, int)’:
prefetcher/resize_tr/resize_tr.h:56:46: warning: declaration of ‘num_ways’ shadows a member of ‘resize_trMetaTable’ [-Wshadow]
   resize_trMetaTable(int size, int num_ways) : Super(size, num_ways), prefetcher(nullptr) {}
                                              ^
In file included from prefetcher/resize_tr/resize_tr.h:16,
                 from prefetcher/resize_tr/resize_tr.cc:1:
/mnt/data/lyq/Kairos/inc/bakshalipour_framework.h:280:7: note: shadowed declaration is here
   int num_ways;
       ^~~~~~~~
In file included from prefetcher/resize_tr/resize_tr.cc:1:
prefetcher/resize_tr/resize_tr.h:56:46: warning: declaration of ‘size’ shadows a member of ‘resize_trMetaTable’ [-Wshadow]
   resize_trMetaTable(int size, int num_ways) : Super(size, num_ways), prefetcher(nullptr) {}
                                              ^
In file included from prefetcher/resize_tr/resize_tr.h:16,
                 from prefetcher/resize_tr/resize_tr.cc:1:
/mnt/data/lyq/Kairos/inc/bakshalipour_framework.h:279:7: note: shadowed declaration is here
   int size;
       ^~~~
/mnt/data/lyq/Kairos/inc/bakshalipour_framework.h: In instantiation of ‘LRUSetAssociativeCache<T>::LRUSetAssociativeCache(int, int, int) [with T = std::deque<long unsigned int>]’:
prefetcher/drtp/drtp.h:93:137:   required from here
/mnt/data/lyq/Kairos/inc/bakshalipour_framework.h:382:3: warning: declaration of ‘debug_level’ shadows a member of ‘LRUSetAssociativeCache<std::deque<long unsigned int> >’ [-Wshadow]
   LRUSetAssociativeCache(int size, int num_ways, int debug_level = 0) : Super(size, num_ways, debug_level), lru(this->num_sets, vector<uint64_t>(num_ways)) {}
   ^~~~~~~~~~~~~~~~~~~~~~
/mnt/data/lyq/Kairos/inc/bakshalipour_framework.h:285:21: note: shadowed declaration is here
   int debug_level = 0;
                     ^
/mnt/data/lyq/Kairos/inc/bakshalipour_framework.h:382:3: warning: declaration of ‘num_ways’ shadows a member of ‘LRUSetAssociativeCache<std::deque<long unsigned int> >’ [-Wshadow]
   LRUSetAssociativeCache(int size, int num_ways, int debug_level = 0) : Super(size, num_ways, debug_level), lru(this->num_sets, vector<uint64_t>(num_ways)) {}
   ^~~~~~~~~~~~~~~~~~~~~~
/mnt/data/lyq/Kairos/inc/bakshalipour_framework.h:280:7: note: shadowed declaration is here
   int num_ways;
       ^~~~~~~~
/mnt/data/lyq/Kairos/inc/bakshalipour_framework.h:382:3: warning: declaration of ‘size’ shadows a member of ‘LRUSetAssociativeCache<std::deque<long unsigned int> >’ [-Wshadow]
   LRUSetAssociativeCache(int size, int num_ways, int debug_level = 0) : Super(size, num_ways, debug_level), lru(this->num_sets, vector<uint64_t>(num_ways)) {}
   ^~~~~~~~~~~~~~~~~~~~~~
/mnt/data/lyq/Kairos/inc/bakshalipour_framework.h:279:7: note: shadowed declaration is here
   int size;
       ^~~~
prefetcher/prophet/prophet.cc: In member function ‘void prophet::invoke_prefetcher(uint64_t, uint64_t, uint8_t, uint8_t, std::vector<long unsigned int>&)’:
prefetcher/prophet/prophet.cc:83:9: warning: unused variable ‘issued_by_reuse’ [-Wunused-variable]
     int issued_by_reuse = issue_mrbtable(mrbTable, lookup, ip, pref_addr);
         ^~~~~~~~~~~~~~~
prefetcher/prophet/prophet.cc:104:69: warning: conversion from ‘std::map<long unsigned int, int>::mapped_type’ {aka ‘int’} to ‘uint8_t’ {aka ‘unsigned char’} may change value [-Wconversion]
         metaTable->insert(lastAddr, temp_entry, profileReplTable[ip]);
                                                                     ^
In file included from prefetcher/resize_kr/resize_kr.h:16,
                 from prefetcher/resize_kr/resize_kr.cc:1:
/mnt/data/lyq/Kairos/inc/bakshalipour_framework.h: In instantiation of ‘SRRIPSetAssociativeCache<T>::SRRIPSetAssociativeCache(int, int, int) [with T = resize_krMetaTableEntry]’:
prefetcher/resize_kr/resize_kr.h:50:89:   required from here
/mnt/data/lyq/Kairos/inc/bakshalipour_framework.h:545:3: warning: declaration of ‘debug_level’ shadows a member of ‘SRRIPSetAssociativeCache<resize_krMetaTableEntry>’ [-Wshadow]
   SRRIPSetAssociativeCache(int size, int num_ways, int debug_level = 0) : Super(size, num_ways, debug_level), rrpv(this->num_sets, vector<uint64_t>(num_ways))
   ^~~~~~~~~~~~~~~~~~~~~~~~
/mnt/data/lyq/Kairos/inc/bakshalipour_framework.h:285:21: note: shadowed declaration is here
   int debug_level = 0;
                     ^
prefetcher/prophet/prophet.cc:111:55: warning: declaration of ‘temp_entry’ shadows a previous local [-Wshadow]
             ProphetMRBTableEntry temp_entry(victimAddr);
                                                       ^
prefetcher/prophet/prophet.cc:103:31: note: shadowed declaration is here
         ProphetMetaTableEntry temp_entry(block_addr);
                               ^~~~~~~~~~
/mnt/data/lyq/Kairos/inc/bakshalipour_framework.h:545:3: warning: declaration of ‘num_ways’ shadows a member of ‘SRRIPSetAssociativeCache<resize_krMetaTableEntry>’ [-Wshadow]
   SRRIPSetAssociativeCache(int size, int num_ways, int debug_level = 0) : Super(size, num_ways, debug_level), rrpv(this->num_sets, vector<uint64_t>(num_ways))
   ^~~~~~~~~~~~~~~~~~~~~~~~
/mnt/data/lyq/Kairos/inc/bakshalipour_framework.h:280:7: note: shadowed declaration is here
   int num_ways;
       ^~~~~~~~
/mnt/data/lyq/Kairos/inc/bakshalipour_framework.h:545:3: warning: declaration of ‘size’ shadows a member of ‘SRRIPSetAssociativeCache<resize_krMetaTableEntry>’ [-Wshadow]
   SRRIPSetAssociativeCache(int size, int num_ways, int debug_level = 0) : Super(size, num_ways, debug_level), rrpv(this->num_sets, vector<uint64_t>(num_ways))
   ^~~~~~~~~~~~~~~~~~~~~~~~
/mnt/data/lyq/Kairos/inc/bakshalipour_framework.h:279:7: note: shadowed declaration is here
   int size;
       ^~~~
prefetcher/prophet/prophet.cc:119:57: warning: declaration of ‘temp_entry’ shadows a previous local [-Wshadow]
               ProphetMRBTableEntry temp_entry(victimAddr);
                                                         ^
prefetcher/prophet/prophet.cc:103:31: note: shadowed declaration is here
         ProphetMetaTableEntry temp_entry(block_addr);
                               ^~~~~~~~~~
prefetcher/prophet/prophet.cc:129:71: warning: conversion from ‘std::map<long unsigned int, int>::mapped_type’ {aka ‘int’} to ‘uint8_t’ {aka ‘unsigned char’} may change value [-Wconversion]
           metaTable->insert(lastAddr, temp_entry, profileReplTable[ip]);
                                                                       ^
prefetcher/prophet/prophet.cc:81:7: warning: unused variable ‘issued_by_metatable’ [-Wunused-variable]
   int issued_by_metatable = issue_metatable(metaTable, lookup, ip, pref_addr);
       ^~~~~~~~~~~~~~~~~~~
prefetcher/prophet/prophet.cc: In member function ‘int prophet::issue_metatable(ProphetMetaTable*, uint64_t, uint64_t, std::vector<long unsigned int>&)’:
prefetcher/prophet/prophet.cc:147:121: warning: declaration of ‘metaTable’ shadows a member of ‘prophet’ [-Wshadow]
 int prophet::issue_metatable(ProphetMetaTable* metaTable, uint64_t lookup, uint64_t pc, std::vector<uint64_t>& addresses)
                                                                                                                         ^
In file included from prefetcher/prophet/prophet.cc:1:
prefetcher/prophet/prophet.h:243:21: note: shadowed declaration is here
   ProphetMetaTable* metaTable;
                     ^~~~~~~~~
In file included from prefetcher/resize_tr/resize_tr.cc:1:
prefetcher/resize_tr/resize_tr.h: In member function ‘void resize_tr::metadata_resize(int)’:
prefetcher/resize_tr/resize_tr.h:158:25: warning: comparison of integer expressions of different signedness: ‘int’ and ‘std::vector<SetAssociativeCache<resize_trMetaTableEntry>::Entry, std::allocator<SetAssociativeCache<resize_trMetaTableEntry>::Entry> >::size_type’ {aka ‘long unsigned int’} [-Wsign-compare]
       for (int j = 0; j < metaTable->entries[i].size(); j++) {
                       ~~^~~~~~~~~~~~~~~~~~~~~~~~~~~~~~
prefetcher/prophet/prophet.cc: In member function ‘int prophet::issue_mrbtable(ProphetMRBTable*, uint64_t, uint64_t, std::vector<long unsigned int>&)’:
prefetcher/prophet/prophet.cc:178:118: warning: declaration of ‘mrbTable’ shadows a member of ‘prophet’ [-Wshadow]
 int prophet::issue_mrbtable(ProphetMRBTable* mrbTable, uint64_t lookup, uint64_t pc, std::vector<uint64_t>& addresses)
                                                                                                                      ^
In file included from prefetcher/prophet/prophet.cc:1:
prefetcher/prophet/prophet.h:245:82: note: shadowed declaration is here
   ProphetMRBTable* mrbTable = new ProphetMRBTable(MRB_TABLE_SIZE, MRB_TABLE_ASSOC);
                                                                                  ^
prefetcher/resize_tr/resize_tr.h:163:12: warning: deleting object of polymorphic class type ‘resize_trMetaTable’ which has non-virtual destructor might cause undefined behavior [-Wdelete-non-virtual-dtor]
     delete metaTable;
            ^~~~~~~~~
/mnt/data/lyq/Kairos/inc/bakshalipour_framework.h: In instantiation of ‘LRUSetAssociativeCache<T>::LRUSetAssociativeCache(int, int, int) [with T = std::deque<long unsigned int>]’:
prefetcher/resize_kr/resize_kr.h:95:137:   required from here
/mnt/data/lyq/Kairos/inc/bakshalipour_framework.h:382:3: warning: declaration of ‘debug_level’ shadows a member of ‘LRUSetAssociativeCache<std::deque<long unsigned int> >’ [-Wshadow]
   LRUSetAssociativeCache(int size, int num_ways, int debug_level = 0) : Super(size, num_ways, debug_level), lru(this->num_sets, vector<uint64_t>(num_ways)) {}
   ^~~~~~~~~~~~~~~~~~~~~~
/mnt/data/lyq/Kairos/inc/bakshalipour_framework.h:285:21: note: shadowed declaration is here
   int debug_level = 0;
                     ^
/mnt/data/lyq/Kairos/inc/bakshalipour_framework.h:382:3: warning: declaration of ‘num_ways’ shadows a member of ‘LRUSetAssociativeCache<std::deque<long unsigned int> >’ [-Wshadow]
   LRUSetAssociativeCache(int size, int num_ways, int debug_level = 0) : Super(size, num_ways, debug_level), lru(this->num_sets, vector<uint64_t>(num_ways)) {}
   ^~~~~~~~~~~~~~~~~~~~~~
/mnt/data/lyq/Kairos/inc/bakshalipour_framework.h:280:7: note: shadowed declaration is here
   int num_ways;
       ^~~~~~~~
/mnt/data/lyq/Kairos/inc/bakshalipour_framework.h:382:3: warning: declaration of ‘size’ shadows a member of ‘LRUSetAssociativeCache<std::deque<long unsigned int> >’ [-Wshadow]
   LRUSetAssociativeCache(int size, int num_ways, int debug_level = 0) : Super(size, num_ways, debug_level), lru(this->num_sets, vector<uint64_t>(num_ways)) {}
   ^~~~~~~~~~~~~~~~~~~~~~
/mnt/data/lyq/Kairos/inc/bakshalipour_framework.h:279:7: note: shadowed declaration is here
   int size;
       ^~~~
prefetcher/prophet/prophet.cc: In member function ‘uint32_t prophet::prefetcher_cache_operate(champsim::address, champsim::address, uint8_t, bool, access_type, uint32_t, std::__cxx11::string)’:
prefetcher/prophet/prophet.cc:254:21: warning: comparison of integer expressions of different signedness: ‘int’ and ‘std::vector<long unsigned int>::size_type’ {aka ‘long unsigned int’} [-Wsign-compare]
   for (int i = 0; i < prefetch_candidate.size(); i++) {
                   ~~^~~~~~~~~~~~~~~~~~~~~~~~~~~
prefetcher/prophet/prophet.cc:260:16: warning: unused variable ‘success’ [-Wunused-variable]
     const bool success = prefetch_line(prefetch_addr, true, 0);
                ^~~~~~~
In file included from prefetcher/brtp/brtp.cc:1:
prefetcher/brtp/brtp.h: In constructor ‘brtpMetaTable::brtpMetaTable(int, int)’:
prefetcher/brtp/brtp.h:49:41: warning: declaration of ‘num_ways’ shadows a member of ‘brtpMetaTable’ [-Wshadow]
   brtpMetaTable(int size, int num_ways) : Super(size, num_ways), prefetcher(nullptr) {}
                                         ^
In file included from prefetcher/brtp/brtp.h:16,
                 from prefetcher/brtp/brtp.cc:1:
/mnt/data/lyq/Kairos/inc/bakshalipour_framework.h:280:7: note: shadowed declaration is here
   int num_ways;
       ^~~~~~~~
In file included from prefetcher/brtp/brtp.cc:1:
prefetcher/brtp/brtp.h:49:41: warning: declaration of ‘size’ shadows a member of ‘brtpMetaTable’ [-Wshadow]
   brtpMetaTable(int size, int num_ways) : Super(size, num_ways), prefetcher(nullptr) {}
                                         ^
In file included from prefetcher/brtp/brtp.h:16,
                 from prefetcher/brtp/brtp.cc:1:
/mnt/data/lyq/Kairos/inc/bakshalipour_framework.h:279:7: note: shadowed declaration is here
   int size;
       ^~~~
prefetcher/triangel/triangel.h: In instantiation of ‘AssociativeCache<T>::AssociativeCache(uint64_t, int, ReplacementPolicy, const string&) [with T = SecondChanceSamplerEntry; uint64_t = long unsigned int; std::__cxx11::string = std::__cxx11::basic_string<char>]’:
prefetcher/triangel/triangel.h:899:151:   required from here
prefetcher/triangel/triangel.h:477:3: warning: declaration of ‘ways’ shadows a member of ‘AssociativeCache<SecondChanceSamplerEntry>’ [-Wshadow]
   AssociativeCache(uint64_t sets, int ways, ReplacementPolicy policy, const std::string& owner = "unknown") : count(0), set_mask(sets - 1), ways(ways)
   ^~~~~~~~~~~~~~~~
prefetcher/triangel/triangel.h:474:12: note: shadowed declaration is here
   uint64_t ways;
            ^~~~
prefetcher/prophet/prophet.cc: In member function ‘void prophet::prefetcher_final_stats()’:
prefetcher/prophet/prophet.cc:291:44: warning: conversion from ‘double’ to ‘float’ may change value [-Wfloat-conversion]
         accuracy = 1.0 * it->second.solved / it->second.issued;
                    ~~~~~~~~~~~~~~~~~~~~~~~~^~~~~~~~~~~~~~~~~~~
prefetcher/resize_tr/resize_tr.cc: In member function ‘int resize_tr::issue_metatable(resize_trMetaTable*, uint64_t, uint64_t, std::vector<long unsigned int>&)’:
prefetcher/resize_tr/resize_tr.cc:6:125: warning: declaration of ‘metaTable’ shadows a member of ‘resize_tr’ [-Wshadow]
 int resize_tr::issue_metatable(resize_trMetaTable* metaTable, uint64_t pc, uint64_t lookup, std::vector<uint64_t>& addresses)
                                                                                                                             ^
In file included from prefetcher/resize_tr/resize_tr.cc:1:
prefetcher/resize_tr/resize_tr.h:104:91: note: shadowed declaration is here
   resize_trMetaTable* metaTable = new resize_trMetaTable(META_TABLE_SIZE, META_TABLE_ASSOC);
                                                                                           ^
prefetcher/resize_tr/resize_tr.cc: In member function ‘uint32_t resize_tr::prefetcher_cache_operate(champsim::address, champsim::address, uint8_t, bool, access_type, uint32_t, std::__cxx11::string)’:
prefetcher/resize_tr/resize_tr.cc:161:18: warning: unused variable ‘victim_addr’ [-Wunused-variable]
         uint64_t victim_addr = last_meta->correlated_addr;
                  ^~~~~~~~~~~
prefetcher/resize_tr/resize_tr.cc:156:12: warning: variable ‘matched’ set but not used [-Wunused-but-set-variable]
       bool matched = false;
            ^~~~~~~
prefetcher/resize_tr/resize_tr.cc:195:78: warning: conversion from ‘uint64_t’ {aka ‘long unsigned int’} to ‘double’ may change value [-Wconversion]
     if (target_size != (current_partition) && target_score > current_score * 1.25) {
                                                                              ^~~~
prefetcher/resize_tr/resize_tr.cc:195:78: warning: conversion from ‘uint64_t’ {aka ‘long unsigned int’} to ‘double’ may change value [-Wconversion]
prefetcher/resize_tr/resize_tr.cc:225:21: warning: comparison of integer expressions of different signedness: ‘int’ and ‘std::vector<long unsigned int>::size_type’ {aka ‘long unsigned int’} [-Wsign-compare]
   for (int i = 0; i < pref_addr.size(); i++) {
                   ~~^~~~~~~~~~~~~~~~~~
prefetcher/resize_tr/resize_tr.cc:226:82: warning: ‘bool champsim::modules::prefetcher::prefetch_line(uint64_t, bool, uint32_t) const’ is deprecated [-Wdeprecated-declarations]
     const bool success = prefetch_line({pref_addr[i] << LOG2_BLOCK_SIZE}, true, 0);
                                                                                  ^
In file included from /mnt/data/lyq/Kairos/inc/cache.h:45,
                 from prefetcher/resize_tr/resize_tr.h:17,
                 from prefetcher/resize_tr/resize_tr.cc:1:
/mnt/data/lyq/Kairos/inc/modules.h:105:23: note: declared here
   [[deprecated]] bool prefetch_line(uint64_t pf_addr, bool fill_this_level, uint32_t prefetch_metadata) const;
                       ^~~~~~~~~~~~~
prefetcher/resize_tr/resize_tr.cc:226:16: warning: unused variable ‘success’ [-Wunused-variable]
     const bool success = prefetch_line({pref_addr[i] << LOG2_BLOCK_SIZE}, true, 0);
                ^~~~~~~
prefetcher/resize_tr/resize_tr.cc:135:7: warning: unused variable ‘issued_by_metatable’ [-Wunused-variable]
   int issued_by_metatable = issue_metatable(metaTable, pc, lookup_key, pref_addr);
       ^~~~~~~~~~~~~~~~~~~
prefetcher/resize_tr/resize_tr.cc: In member function ‘void resize_tr::prefetcher_final_stats()’:
prefetcher/resize_tr/resize_tr.cc:244:76: warning: conversion from ‘uint64_t’ {aka ‘long unsigned int’} to ‘double’ may change value [-Wconversion]
   cout << "MT_hitrate " << (meta_table_lookups ? (double)meta_table_hits / meta_table_lookups : 0) << endl;
                                                                            ^~~~~~~~~~~~~~~~~~
prefetcher/resize_tr/resize_tr.cc:247:102: warning: conversion from ‘uint64_t’ {aka ‘long unsigned int’} to ‘double’ may change value [-Wconversion]
   cout << "MT_accuracy " << (meta_table_issued_prefetches ? (double)meta_table_accurate_prefetches / meta_table_issued_prefetches : 0) << endl;
                                                                                                      ^~~~~~~~~~~~~~~~~~~~~~~~~~~~
prefetcher/latetp/latetp.cc: In member function ‘uint32_t latetp::prefetcher_cache_operate(champsim::address, champsim::address, uint8_t, bool, access_type, uint32_t, std::__cxx11::string)’:
prefetcher/latetp/latetp.cc:102:51: warning: comparison of integer expressions of different signedness: ‘std::deque<long unsigned int>::size_type’ {aka ‘long unsigned int’} and ‘int’ [-Wsign-compare]
     last_addr = pc_entry->data.addrHistory.size() > pc_entry->data.lookahead ? pc_entry->data.addrHistory[pc_entry->data.lookahead] : 0;
                 ~~~~~~~~~~~~~~~~~~~~~~~~~~~~~~~~~~^~~~~~~~~~~~~~~~~~~~~~~~~~
prefetcher/resize_tr/resize_tr.cc: In member function ‘bool resize_trMetaTable::insert(uint64_t, const resize_trMetaTableEntry&)’:
prefetcher/resize_tr/resize_tr.cc:272:12: warning: unused variable ‘index’ [-Wunused-variable]
   uint64_t index = key % this->num_sets;
            ^~~~~
prefetcher/resize_tr/resize_tr.cc:273:12: warning: unused variable ‘tag’ [-Wunused-variable]
   uint64_t tag = key / this->num_sets;
            ^~~
prefetcher/resize_tr/resize_tr.cc: In member function ‘bool resize_trMetaTable::insert(uint64_t, const resize_trMetaTableEntry&, uint64_t)’:
prefetcher/resize_tr/resize_tr.cc:303:12: warning: unused variable ‘index’ [-Wunused-variable]
   uint64_t index = key % this->num_sets;
            ^~~~~
prefetcher/resize_tr/resize_tr.cc:304:12: warning: unused variable ‘tag’ [-Wunused-variable]
   uint64_t tag = key / this->num_sets;
            ^~~
prefetcher/rndtp/rndtp.cc: In member function ‘uint32_t rndtp::prefetcher_cache_operate(champsim::address, champsim::address, uint8_t, bool, access_type, uint32_t, std::__cxx11::string)’:
prefetcher/rndtp/rndtp.cc:146:18: warning: unused variable ‘victim_addr’ [-Wunused-variable]
         uint64_t victim_addr = last_meta->correlated_addr;
                  ^~~~~~~~~~~
prefetcher/rndtp/rndtp.cc:142:12: warning: variable ‘matched’ set but not used [-Wunused-but-set-variable]
       bool matched = false;
            ^~~~~~~
prefetcher/ptp/ptp.h: In member function ‘void ptp::set_llc_reference(CACHE*)’:
prefetcher/ptp/ptp.h:376:71: warning: conversion from ‘long long unsigned int’ to ‘std::map<long unsigned int, int>::mapped_type’ {aka ‘int’} may change value [-Wconversion]
           profileReplTable[std::stoull(PC, nullptr, 16)] = std::stoull(priority);
                                                            ~~~~~~~~~~~^~~~~~~~~~
prefetcher/latetp/latetp.cc:161:18: warning: unused variable ‘victim_addr’ [-Wunused-variable]
         uint64_t victim_addr = last_meta->correlated_addr;
                  ^~~~~~~~~~~
prefetcher/latetp/latetp.cc:157:12: warning: variable ‘matched’ set but not used [-Wunused-but-set-variable]
       bool matched = false;
            ^~~~~~~
prefetcher/latetp/latetp.cc:184:43: warning: comparison of integer expressions of different signedness: ‘std::deque<long unsigned int>::size_type’ {aka ‘long unsigned int’} and ‘int’ [-Wsign-compare]
     if (pc_entry->data.addrHistory.size() > pc_entry->data.lookahead + 1)
         ~~~~~~~~~~~~~~~~~~~~~~~~~~~~~~~~~~^~~~~~~~~~~~~~~~~~~~~~~~~~~~~~
prefetcher/latetp/latetp.cc:188:21: warning: comparison of integer expressions of different signedness: ‘int’ and ‘std::vector<long unsigned int>::size_type’ {aka ‘long unsigned int’} [-Wsign-compare]
   for (int i = 0; i < pref_addr.size(); i++) {
                   ~~^~~~~~~~~~~~~~~~~~
prefetcher/latetp/latetp.cc:197:82: warning: ‘bool champsim::modules::prefetcher::prefetch_line(uint64_t, bool, uint32_t) const’ is deprecated [-Wdeprecated-declarations]
     const bool success = prefetch_line({pref_addr[i] << LOG2_BLOCK_SIZE}, true, 0);
                                                                                  ^
In file included from /mnt/data/lyq/Kairos/inc/cache.h:45,
                 from prefetcher/latetp/latetp.h:17,
                 from prefetcher/latetp/latetp.cc:1:
/mnt/data/lyq/Kairos/inc/modules.h:105:23: note: declared here
   [[deprecated]] bool prefetch_line(uint64_t pf_addr, bool fill_this_level, uint32_t prefetch_metadata) const;
                       ^~~~~~~~~~~~~
prefetcher/rndtp/rndtp.cc:188:21: warning: comparison of integer expressions of different signedness: ‘int’ and ‘std::vector<long unsigned int>::size_type’ {aka ‘long unsigned int’} [-Wsign-compare]
   for (int i = 0; i < pref_addr.size(); i++) {
                   ~~^~~~~~~~~~~~~~~~~~
prefetcher/rndtp/rndtp.cc:189:82: warning: ‘bool champsim::modules::prefetcher::prefetch_line(uint64_t, bool, uint32_t) const’ is deprecated [-Wdeprecated-declarations]
     const bool success = prefetch_line({pref_addr[i] << LOG2_BLOCK_SIZE}, true, 0);
                                                                                  ^
In file included from /mnt/data/lyq/Kairos/inc/cache.h:45,
                 from prefetcher/rndtp/rndtp.h:17,
                 from prefetcher/rndtp/rndtp.cc:1:
/mnt/data/lyq/Kairos/inc/modules.h:105:23: note: declared here
   [[deprecated]] bool prefetch_line(uint64_t pf_addr, bool fill_this_level, uint32_t prefetch_metadata) const;
                       ^~~~~~~~~~~~~
prefetcher/rndtp/rndtp.cc:189:16: warning: unused variable ‘success’ [-Wunused-variable]
     const bool success = prefetch_line({pref_addr[i] << LOG2_BLOCK_SIZE}, true, 0);
                ^~~~~~~
prefetcher/rndtp/rndtp.cc:121:7: warning: unused variable ‘issued_by_metatable’ [-Wunused-variable]
   int issued_by_metatable = issue_metatable(metaTable, lookup_key, pref_addr);
       ^~~~~~~~~~~~~~~~~~~
prefetcher/triangel/triangel.h: In instantiation of ‘AssociativeCache<T>::AssociativeCache(uint64_t, int, ReplacementPolicy, const string&) [with T = MetadataEntry; uint64_t = long unsigned int; std::__cxx11::string = std::__cxx11::basic_string<char>]’:
prefetcher/triangel/triangel.h:900:129:   required from here
prefetcher/triangel/triangel.h:477:3: warning: declaration of ‘ways’ shadows a member of ‘AssociativeCache<MetadataEntry>’ [-Wshadow]
   AssociativeCache(uint64_t sets, int ways, ReplacementPolicy policy, const std::string& owner = "unknown") : count(0), set_mask(sets - 1), ways(ways)
   ^~~~~~~~~~~~~~~~
prefetcher/triangel/triangel.h:474:12: note: shadowed declaration is here
   uint64_t ways;
            ^~~~
prefetcher/brtp/brtp.cc: In member function ‘int brtp::issue_metatable(brtpMetaTable*, uint64_t, std::vector<long unsigned int>&)’:
prefetcher/brtp/brtp.cc:6:102: warning: declaration of ‘metaTable’ shadows a member of ‘brtp’ [-Wshadow]
 int brtp::issue_metatable(brtpMetaTable* metaTable, uint64_t lookup, std::vector<uint64_t>& addresses)
                                                                                                      ^
In file included from prefetcher/brtp/brtp.cc:1:
prefetcher/brtp/brtp.h:91:81: note: shadowed declaration is here
   brtpMetaTable* metaTable = new brtpMetaTable(META_TABLE_SIZE, META_TABLE_ASSOC);
                                                                                 ^
prefetcher/rndtp/rndtp.cc: In member function ‘void rndtp::prefetcher_final_stats()’:
prefetcher/rndtp/rndtp.cc:207:76: warning: conversion from ‘uint64_t’ {aka ‘long unsigned int’} to ‘double’ may change value [-Wconversion]
   cout << "MT_hitrate " << (meta_table_lookups ? (double)meta_table_hits / meta_table_lookups : 0) << endl;
                                                                            ^~~~~~~~~~~~~~~~~~
prefetcher/latetp/latetp.cc: In member function ‘void latetp::prefetcher_final_stats()’:
prefetcher/latetp/latetp.cc:240:76: warning: conversion from ‘uint64_t’ {aka ‘long unsigned int’} to ‘double’ may change value [-Wconversion]
   cout << "MT_hitrate " << (meta_table_lookups ? (double)meta_table_hits / meta_table_lookups : 0) << endl;
                                                                            ^~~~~~~~~~~~~~~~~~
prefetcher/rndtp/rndtp.cc:210:102: warning: conversion from ‘uint64_t’ {aka ‘long unsigned int’} to ‘double’ may change value [-Wconversion]
   cout << "MT_accuracy " << (meta_table_issued_prefetches ? (double)meta_table_accurate_prefetches / meta_table_issued_prefetches : 0) << endl;
                                                                                                      ^~~~~~~~~~~~~~~~~~~~~~~~~~~~
prefetcher/latetp/latetp.cc:243:102: warning: conversion from ‘uint64_t’ {aka ‘long unsigned int’} to ‘double’ may change value [-Wconversion]
   cout << "MT_accuracy " << (meta_table_issued_prefetches ? (double)meta_table_accurate_prefetches / meta_table_issued_prefetches : 0) << endl;
                                                                                                      ^~~~~~~~~~~~~~~~~~~~~~~~~~~~
prefetcher/rndtp/rndtp.cc: In member function ‘bool rndtpMetaTable::insert(uint64_t, const rndtpMetaTableEntry&)’:
prefetcher/rndtp/rndtp.cc:228:12: warning: unused variable ‘index’ [-Wunused-variable]
   uint64_t index = key % this->num_sets;
            ^~~~~
prefetcher/rndtp/rndtp.cc:229:12: warning: unused variable ‘tag’ [-Wunused-variable]
   uint64_t tag = key / this->num_sets;
            ^~~
prefetcher/latetp/latetp.cc: In member function ‘bool latetpMetaTable::insert(uint64_t, const latetpMetaTableEntry&)’:
prefetcher/latetp/latetp.cc:267:12: warning: unused variable ‘index’ [-Wunused-variable]
   uint64_t index = key % this->num_sets;
            ^~~~~
prefetcher/latetp/latetp.cc:268:12: warning: unused variable ‘tag’ [-Wunused-variable]
   uint64_t tag = key / this->num_sets;
            ^~~
In file included from prefetcher/filtetp/filtetp.h:16,
                 from prefetcher/filtetp/filtetp.cc:1:
/mnt/data/lyq/Kairos/inc/bakshalipour_framework.h: In instantiation of ‘LRUSetAssociativeCache<T>::LRUSetAssociativeCache(int, int, int) [with T = filtetpMetaTableEntry]’:
prefetcher/filtetp/filtetp.h:48:87:   required from here
/mnt/data/lyq/Kairos/inc/bakshalipour_framework.h:382:3: warning: declaration of ‘debug_level’ shadows a member of ‘LRUSetAssociativeCache<filtetpMetaTableEntry>’ [-Wshadow]
   LRUSetAssociativeCache(int size, int num_ways, int debug_level = 0) : Super(size, num_ways, debug_level), lru(this->num_sets, vector<uint64_t>(num_ways)) {}
   ^~~~~~~~~~~~~~~~~~~~~~
/mnt/data/lyq/Kairos/inc/bakshalipour_framework.h:285:21: note: shadowed declaration is here
   int debug_level = 0;
                     ^
/mnt/data/lyq/Kairos/inc/bakshalipour_framework.h:382:3: warning: declaration of ‘num_ways’ shadows a member of ‘LRUSetAssociativeCache<filtetpMetaTableEntry>’ [-Wshadow]
   LRUSetAssociativeCache(int size, int num_ways, int debug_level = 0) : Super(size, num_ways, debug_level), lru(this->num_sets, vector<uint64_t>(num_ways)) {}
   ^~~~~~~~~~~~~~~~~~~~~~
/mnt/data/lyq/Kairos/inc/bakshalipour_framework.h:280:7: note: shadowed declaration is here
   int num_ways;
       ^~~~~~~~
/mnt/data/lyq/Kairos/inc/bakshalipour_framework.h:382:3: warning: declaration of ‘size’ shadows a member of ‘LRUSetAssociativeCache<filtetpMetaTableEntry>’ [-Wshadow]
   LRUSetAssociativeCache(int size, int num_ways, int debug_level = 0) : Super(size, num_ways, debug_level), lru(this->num_sets, vector<uint64_t>(num_ways)) {}
   ^~~~~~~~~~~~~~~~~~~~~~
/mnt/data/lyq/Kairos/inc/bakshalipour_framework.h:279:7: note: shadowed declaration is here
   int size;
       ^~~~
prefetcher/ptp/ptp.cc: In member function ‘void ptp::invoke_prefetcher(uint64_t, uint64_t, uint8_t, uint8_t, std::vector<long unsigned int>&)’:
prefetcher/ptp/ptp.cc:74:11: warning: unused variable ‘issued_by_reuse’ [-Wunused-variable]
       int issued_by_reuse = issue_mrbtable(mrbTable, lookup, ip, pref_addr);
           ^~~~~~~~~~~~~~~
prefetcher/ptp/ptp.cc:100:53: warning: declaration of ‘temp_entry’ shadows a previous local [-Wshadow]
               ptpMRBTableEntry temp_entry(victimAddr);
                                                     ^
prefetcher/ptp/ptp.cc:93:29: note: shadowed declaration is here
           ptpMetaTableEntry temp_entry(block_addr);
                             ^~~~~~~~~~
prefetcher/ptp/ptp.cc:108:55: warning: declaration of ‘temp_entry’ shadows a previous local [-Wshadow]
                 ptpMRBTableEntry temp_entry(victimAddr);
                                                       ^
prefetcher/ptp/ptp.cc:93:29: note: shadowed declaration is here
           ptpMetaTableEntry temp_entry(block_addr);
                             ^~~~~~~~~~
In file included from prefetcher/conftp/conftp.h:16,
                 from prefetcher/conftp/conftp.cc:1:
/mnt/data/lyq/Kairos/inc/bakshalipour_framework.h: In instantiation of ‘LRUSetAssociativeCache<T>::LRUSetAssociativeCache(int, int, int) [with T = conftpMetaTableEntry]’:
prefetcher/conftp/conftp.h:50:86:   required from here
/mnt/data/lyq/Kairos/inc/bakshalipour_framework.h:382:3: warning: declaration of ‘debug_level’ shadows a member of ‘LRUSetAssociativeCache<conftpMetaTableEntry>’ [-Wshadow]
   LRUSetAssociativeCache(int size, int num_ways, int debug_level = 0) : Super(size, num_ways, debug_level), lru(this->num_sets, vector<uint64_t>(num_ways)) {}
   ^~~~~~~~~~~~~~~~~~~~~~
/mnt/data/lyq/Kairos/inc/bakshalipour_framework.h:285:21: note: shadowed declaration is here
   int debug_level = 0;
                     ^
/mnt/data/lyq/Kairos/inc/bakshalipour_framework.h:382:3: warning: declaration of ‘num_ways’ shadows a member of ‘LRUSetAssociativeCache<conftpMetaTableEntry>’ [-Wshadow]
   LRUSetAssociativeCache(int size, int num_ways, int debug_level = 0) : Super(size, num_ways, debug_level), lru(this->num_sets, vector<uint64_t>(num_ways)) {}
   ^~~~~~~~~~~~~~~~~~~~~~
/mnt/data/lyq/Kairos/inc/bakshalipour_framework.h:280:7: note: shadowed declaration is here
   int num_ways;
       ^~~~~~~~
/mnt/data/lyq/Kairos/inc/bakshalipour_framework.h:382:3: warning: declaration of ‘size’ shadows a member of ‘LRUSetAssociativeCache<conftpMetaTableEntry>’ [-Wshadow]
   LRUSetAssociativeCache(int size, int num_ways, int debug_level = 0) : Super(size, num_ways, debug_level), lru(this->num_sets, vector<uint64_t>(num_ways)) {}
   ^~~~~~~~~~~~~~~~~~~~~~
/mnt/data/lyq/Kairos/inc/bakshalipour_framework.h:279:7: note: shadowed declaration is here
   int size;
       ^~~~
prefetcher/ptp/ptp.cc:118:73: warning: conversion from ‘std::map<long unsigned int, int>::mapped_type’ {aka ‘int’} to ‘uint8_t’ {aka ‘unsigned char’} may change value [-Wconversion]
             metaTable->insert(lastAddr, temp_entry, profileReplTable[ip]);
                                                                         ^
prefetcher/ptp/ptp.cc:72:9: warning: unused variable ‘issued_by_metatable’ [-Wunused-variable]
     int issued_by_metatable = issue_metatable(metaTable, lookup, ip, pref_addr);
         ^~~~~~~~~~~~~~~~~~~
In file included from prefetcher/infpctable/infpctable.h:16,
                 from prefetcher/infpctable/infpctable.cc:1:
/mnt/data/lyq/Kairos/inc/bakshalipour_framework.h: In instantiation of ‘LRUSetAssociativeCache<T>::LRUSetAssociativeCache(int, int, int) [with T = infpctableMetaTableEntry]’:
prefetcher/infpctable/infpctable.h:49:90:   required from here
/mnt/data/lyq/Kairos/inc/bakshalipour_framework.h:382:3: warning: declaration of ‘debug_level’ shadows a member of ‘LRUSetAssociativeCache<infpctableMetaTableEntry>’ [-Wshadow]
   LRUSetAssociativeCache(int size, int num_ways, int debug_level = 0) : Super(size, num_ways, debug_level), lru(this->num_sets, vector<uint64_t>(num_ways)) {}
   ^~~~~~~~~~~~~~~~~~~~~~
/mnt/data/lyq/Kairos/inc/bakshalipour_framework.h:285:21: note: shadowed declaration is here
   int debug_level = 0;
                     ^
/mnt/data/lyq/Kairos/inc/bakshalipour_framework.h:382:3: warning: declaration of ‘num_ways’ shadows a member of ‘LRUSetAssociativeCache<infpctableMetaTableEntry>’ [-Wshadow]
   LRUSetAssociativeCache(int size, int num_ways, int debug_level = 0) : Super(size, num_ways, debug_level), lru(this->num_sets, vector<uint64_t>(num_ways)) {}
   ^~~~~~~~~~~~~~~~~~~~~~
/mnt/data/lyq/Kairos/inc/bakshalipour_framework.h:280:7: note: shadowed declaration is here
   int num_ways;
       ^~~~~~~~
/mnt/data/lyq/Kairos/inc/bakshalipour_framework.h:382:3: warning: declaration of ‘size’ shadows a member of ‘LRUSetAssociativeCache<infpctableMetaTableEntry>’ [-Wshadow]
   LRUSetAssociativeCache(int size, int num_ways, int debug_level = 0) : Super(size, num_ways, debug_level), lru(this->num_sets, vector<uint64_t>(num_ways)) {}
   ^~~~~~~~~~~~~~~~~~~~~~
/mnt/data/lyq/Kairos/inc/bakshalipour_framework.h:279:7: note: shadowed declaration is here
   int size;
       ^~~~
prefetcher/ptp/ptp.cc:197:54: warning: ‘uint64_t champsim::operable::current_cycle() const’ is deprecated [-Wdeprecated-declarations]
         GPQ.push_front({ip, llc_cache->current_cycle()});
                                                      ^
In file included from /mnt/data/lyq/Kairos/inc/cache.h:46,
                 from prefetcher/ptp/ptp.h:18,
                 from prefetcher/ptp/ptp.cc:1:
/mnt/data/lyq/Kairos/inc/operable.h:44:27: note: declared here
   [[deprecated]] uint64_t current_cycle() const;
                           ^~~~~~~~~~~~~
prefetcher/ptp/ptp.cc:200:54: warning: ‘uint64_t champsim::operable::current_cycle() const’ is deprecated [-Wdeprecated-declarations]
         GPQ.push_front({ip, llc_cache->current_cycle()});
                                                      ^
In file included from /mnt/data/lyq/Kairos/inc/cache.h:46,
                 from prefetcher/ptp/ptp.h:18,
                 from prefetcher/ptp/ptp.cc:1:
/mnt/data/lyq/Kairos/inc/operable.h:44:27: note: declared here
   [[deprecated]] uint64_t current_cycle() const;
                           ^~~~~~~~~~~~~
/mnt/data/lyq/Kairos/inc/bakshalipour_framework.h: In instantiation of ‘LRUSetAssociativeCache<T>::LRUSetAssociativeCache(int, int, int) [with T = filtetp::PCTableEntry]’:
prefetcher/filtetp/filtetp.h:99:121:   required from here
/mnt/data/lyq/Kairos/inc/bakshalipour_framework.h:382:3: warning: declaration of ‘debug_level’ shadows a member of ‘LRUSetAssociativeCache<filtetp::PCTableEntry>’ [-Wshadow]
   LRUSetAssociativeCache(int size, int num_ways, int debug_level = 0) : Super(size, num_ways, debug_level), lru(this->num_sets, vector<uint64_t>(num_ways)) {}
   ^~~~~~~~~~~~~~~~~~~~~~
/mnt/data/lyq/Kairos/inc/bakshalipour_framework.h:285:21: note: shadowed declaration is here
   int debug_level = 0;
                     ^
/mnt/data/lyq/Kairos/inc/bakshalipour_framework.h:382:3: warning: declaration of ‘num_ways’ shadows a member of ‘LRUSetAssociativeCache<filtetp::PCTableEntry>’ [-Wshadow]
   LRUSetAssociativeCache(int size, int num_ways, int debug_level = 0) : Super(size, num_ways, debug_level), lru(this->num_sets, vector<uint64_t>(num_ways)) {}
   ^~~~~~~~~~~~~~~~~~~~~~
/mnt/data/lyq/Kairos/inc/bakshalipour_framework.h:280:7: note: shadowed declaration is here
   int num_ways;
       ^~~~~~~~
/mnt/data/lyq/Kairos/inc/bakshalipour_framework.h:382:3: warning: declaration of ‘size’ shadows a member of ‘LRUSetAssociativeCache<filtetp::PCTableEntry>’ [-Wshadow]
   LRUSetAssociativeCache(int size, int num_ways, int debug_level = 0) : Super(size, num_ways, debug_level), lru(this->num_sets, vector<uint64_t>(num_ways)) {}
   ^~~~~~~~~~~~~~~~~~~~~~
/mnt/data/lyq/Kairos/inc/bakshalipour_framework.h:279:7: note: shadowed declaration is here
   int size;
       ^~~~
prefetcher/ptp/ptp.cc: In member function ‘int ptp::issue_metatable(ptpMetaTable*, uint64_t, uint64_t, std::vector<long unsigned int>&)’:
prefetcher/ptp/ptp.cc:206:113: warning: declaration of ‘metaTable’ shadows a member of ‘ptp’ [-Wshadow]
 int ptp::issue_metatable(ptpMetaTable* metaTable, uint64_t lookup, uint64_t pc, std::vector<uint64_t>& addresses)
                                                                                                                 ^
In file included from prefetcher/ptp/ptp.cc:1:
prefetcher/ptp/ptp.h:250:17: note: shadowed declaration is here
   ptpMetaTable* metaTable;
                 ^~~~~~~~~
prefetcher/ptp/ptp.cc: In member function ‘int ptp::issue_mrbtable(ptpMRBTable*, uint64_t, uint64_t, std::vector<long unsigned int>&)’:
prefetcher/ptp/ptp.cc:230:110: warning: declaration of ‘mrbTable’ shadows a member of ‘ptp’ [-Wshadow]
 int ptp::issue_mrbtable(ptpMRBTable* mrbTable, uint64_t lookup, uint64_t pc, std::vector<uint64_t>& addresses)
                                                                                                              ^
In file included from prefetcher/ptp/ptp.cc:1:
prefetcher/ptp/ptp.h:252:74: note: shadowed declaration is here
   ptpMRBTable* mrbTable = new ptpMRBTable(MRB_TABLE_SIZE, MRB_TABLE_ASSOC);
                                                                          ^
prefetcher/ptp/ptp.cc: In member function ‘uint32_t ptp::prefetcher_cache_operate(champsim::address, champsim::address, uint8_t, bool, access_type, uint32_t, std::__cxx11::string)’:
prefetcher/ptp/ptp.cc:308:21: warning: comparison of integer expressions of different signedness: ‘int’ and ‘std::vector<long unsigned int>::size_type’ {aka ‘long unsigned int’} [-Wsign-compare]
   for (int i = 0; i < prefetch_candidate.size(); i++) {
                   ~~^~~~~~~~~~~~~~~~~~~~~~~~~~~
prefetcher/ptp/ptp.cc:314:16: warning: unused variable ‘success’ [-Wunused-variable]
     const bool success = prefetch_line(prefetch_addr, true, 0);
                ^~~~~~~
/mnt/data/lyq/Kairos/inc/bakshalipour_framework.h: In instantiation of ‘LRUSetAssociativeCache<T>::LRUSetAssociativeCache(int, int, int) [with T = std::deque<long unsigned int>]’:
prefetcher/conftp/conftp.h:94:137:   required from here
/mnt/data/lyq/Kairos/inc/bakshalipour_framework.h:382:3: warning: declaration of ‘debug_level’ shadows a member of ‘LRUSetAssociativeCache<std::deque<long unsigned int> >’ [-Wshadow]
   LRUSetAssociativeCache(int size, int num_ways, int debug_level = 0) : Super(size, num_ways, debug_level), lru(this->num_sets, vector<uint64_t>(num_ways)) {}
   ^~~~~~~~~~~~~~~~~~~~~~
/mnt/data/lyq/Kairos/inc/bakshalipour_framework.h:285:21: note: shadowed declaration is here
   int debug_level = 0;
                     ^
/mnt/data/lyq/Kairos/inc/bakshalipour_framework.h:382:3: warning: declaration of ‘num_ways’ shadows a member of ‘LRUSetAssociativeCache<std::deque<long unsigned int> >’ [-Wshadow]
   LRUSetAssociativeCache(int size, int num_ways, int debug_level = 0) : Super(size, num_ways, debug_level), lru(this->num_sets, vector<uint64_t>(num_ways)) {}
   ^~~~~~~~~~~~~~~~~~~~~~
/mnt/data/lyq/Kairos/inc/bakshalipour_framework.h:280:7: note: shadowed declaration is here
   int num_ways;
       ^~~~~~~~
/mnt/data/lyq/Kairos/inc/bakshalipour_framework.h:382:3: warning: declaration of ‘size’ shadows a member of ‘LRUSetAssociativeCache<std::deque<long unsigned int> >’ [-Wshadow]
   LRUSetAssociativeCache(int size, int num_ways, int debug_level = 0) : Super(size, num_ways, debug_level), lru(this->num_sets, vector<uint64_t>(num_ways)) {}
   ^~~~~~~~~~~~~~~~~~~~~~
/mnt/data/lyq/Kairos/inc/bakshalipour_framework.h:279:7: note: shadowed declaration is here
   int size;
       ^~~~
In file included from prefetcher/baseline/baseline.h:16,
                 from prefetcher/baseline/baseline.cc:1:
/mnt/data/lyq/Kairos/inc/bakshalipour_framework.h: In instantiation of ‘LRUSetAssociativeCache<T>::LRUSetAssociativeCache(int, int, int) [with T = baselineMetaTableEntry]’:
prefetcher/baseline/baseline.h:49:88:   required from here
/mnt/data/lyq/Kairos/inc/bakshalipour_framework.h:382:3: warning: declaration of ‘debug_level’ shadows a member of ‘LRUSetAssociativeCache<baselineMetaTableEntry>’ [-Wshadow]
   LRUSetAssociativeCache(int size, int num_ways, int debug_level = 0) : Super(size, num_ways, debug_level), lru(this->num_sets, vector<uint64_t>(num_ways)) {}
   ^~~~~~~~~~~~~~~~~~~~~~
/mnt/data/lyq/Kairos/inc/bakshalipour_framework.h:285:21: note: shadowed declaration is here
   int debug_level = 0;
                     ^
/mnt/data/lyq/Kairos/inc/bakshalipour_framework.h:382:3: warning: declaration of ‘num_ways’ shadows a member of ‘LRUSetAssociativeCache<baselineMetaTableEntry>’ [-Wshadow]
   LRUSetAssociativeCache(int size, int num_ways, int debug_level = 0) : Super(size, num_ways, debug_level), lru(this->num_sets, vector<uint64_t>(num_ways)) {}
   ^~~~~~~~~~~~~~~~~~~~~~
/mnt/data/lyq/Kairos/inc/bakshalipour_framework.h:280:7: note: shadowed declaration is here
   int num_ways;
       ^~~~~~~~
/mnt/data/lyq/Kairos/inc/bakshalipour_framework.h:382:3: warning: declaration of ‘size’ shadows a member of ‘LRUSetAssociativeCache<baselineMetaTableEntry>’ [-Wshadow]
   LRUSetAssociativeCache(int size, int num_ways, int debug_level = 0) : Super(size, num_ways, debug_level), lru(this->num_sets, vector<uint64_t>(num_ways)) {}
   ^~~~~~~~~~~~~~~~~~~~~~
/mnt/data/lyq/Kairos/inc/bakshalipour_framework.h:279:7: note: shadowed declaration is here
   int size;
       ^~~~
/mnt/data/lyq/Kairos/inc/bakshalipour_framework.h: In instantiation of ‘SRRIPSetAssociativeCache<T>::SRRIPSetAssociativeCache(int, int, int) [with T = long unsigned int]’:
prefetcher/conftp/conftp.h:99:135:   required from here
/mnt/data/lyq/Kairos/inc/bakshalipour_framework.h:545:3: warning: declaration of ‘debug_level’ shadows a member of ‘SRRIPSetAssociativeCache<long unsigned int>’ [-Wshadow]
   SRRIPSetAssociativeCache(int size, int num_ways, int debug_level = 0) : Super(size, num_ways, debug_level), rrpv(this->num_sets, vector<uint64_t>(num_ways))
   ^~~~~~~~~~~~~~~~~~~~~~~~
/mnt/data/lyq/Kairos/inc/bakshalipour_framework.h:285:21: note: shadowed declaration is here
   int debug_level = 0;
                     ^
/mnt/data/lyq/Kairos/inc/bakshalipour_framework.h:545:3: warning: declaration of ‘num_ways’ shadows a member of ‘SRRIPSetAssociativeCache<long unsigned int>’ [-Wshadow]
   SRRIPSetAssociativeCache(int size, int num_ways, int debug_level = 0) : Super(size, num_ways, debug_level), rrpv(this->num_sets, vector<uint64_t>(num_ways))
   ^~~~~~~~~~~~~~~~~~~~~~~~
/mnt/data/lyq/Kairos/inc/bakshalipour_framework.h:280:7: note: shadowed declaration is here
   int num_ways;
       ^~~~~~~~
/mnt/data/lyq/Kairos/inc/bakshalipour_framework.h:545:3: warning: declaration of ‘size’ shadows a member of ‘SRRIPSetAssociativeCache<long unsigned int>’ [-Wshadow]
   SRRIPSetAssociativeCache(int size, int num_ways, int debug_level = 0) : Super(size, num_ways, debug_level), rrpv(this->num_sets, vector<uint64_t>(num_ways))
   ^~~~~~~~~~~~~~~~~~~~~~~~
/mnt/data/lyq/Kairos/inc/bakshalipour_framework.h:279:7: note: shadowed declaration is here
   int size;
       ^~~~
prefetcher/ptp/ptp.cc: In member function ‘void ptp::prefetcher_final_stats()’:
prefetcher/ptp/ptp.cc:347:88: warning: conversion from ‘uint64_t’ {aka ‘long unsigned int’} to ‘double’ may change value [-Wconversion]
   cout << "GPM_accuracy " << (GPM_total_prefetches ? (double)GPM_accurate_prefetches / GPM_total_prefetches : 0) << endl;
                                                                                        ^~~~~~~~~~~~~~~~~~~~
prefetcher/ptp/ptp.cc:348:87: warning: conversion from ‘uint64_t’ {aka ‘long unsigned int’} to ‘double’ may change value [-Wconversion]
   cout << "GPM_laterate " << (GPM_accurate_prefetches ? (double)GPM_late_prefetches / GPM_accurate_prefetches : 0) << endl;
                                                                                       ^~~~~~~~~~~~~~~~~~~~~~~
In file included from prefetcher/srtp/srtp.h:16,
                 from prefetcher/srtp/srtp.cc:1:
/mnt/data/lyq/Kairos/inc/bakshalipour_framework.h: In instantiation of ‘SRRIPSetAssociativeCache<T>::SRRIPSetAssociativeCache(int, int, int) [with T = srtpMetaTableEntry]’:
prefetcher/srtp/srtp.h:49:84:   required from here
/mnt/data/lyq/Kairos/inc/bakshalipour_framework.h:545:3: warning: declaration of ‘debug_level’ shadows a member of ‘SRRIPSetAssociativeCache<srtpMetaTableEntry>’ [-Wshadow]
   SRRIPSetAssociativeCache(int size, int num_ways, int debug_level = 0) : Super(size, num_ways, debug_level), rrpv(this->num_sets, vector<uint64_t>(num_ways))
   ^~~~~~~~~~~~~~~~~~~~~~~~
/mnt/data/lyq/Kairos/inc/bakshalipour_framework.h:285:21: note: shadowed declaration is here
   int debug_level = 0;
                     ^
/mnt/data/lyq/Kairos/inc/bakshalipour_framework.h:545:3: warning: declaration of ‘num_ways’ shadows a member of ‘SRRIPSetAssociativeCache<srtpMetaTableEntry>’ [-Wshadow]
   SRRIPSetAssociativeCache(int size, int num_ways, int debug_level = 0) : Super(size, num_ways, debug_level), rrpv(this->num_sets, vector<uint64_t>(num_ways))
   ^~~~~~~~~~~~~~~~~~~~~~~~
/mnt/data/lyq/Kairos/inc/bakshalipour_framework.h:280:7: note: shadowed declaration is here
   int num_ways;
       ^~~~~~~~
/mnt/data/lyq/Kairos/inc/bakshalipour_framework.h:545:3: warning: declaration of ‘size’ shadows a member of ‘SRRIPSetAssociativeCache<srtpMetaTableEntry>’ [-Wshadow]
   SRRIPSetAssociativeCache(int size, int num_ways, int debug_level = 0) : Super(size, num_ways, debug_level), rrpv(this->num_sets, vector<uint64_t>(num_ways))
   ^~~~~~~~~~~~~~~~~~~~~~~~
/mnt/data/lyq/Kairos/inc/bakshalipour_framework.h:279:7: note: shadowed declaration is here
   int size;
       ^~~~
/mnt/data/lyq/Kairos/inc/bakshalipour_framework.h: In instantiation of ‘LRUSetAssociativeCache<T>::LRUSetAssociativeCache(int, int, int) [with T = std::deque<long unsigned int>]’:
prefetcher/baseline/baseline.h:93:137:   required from here
/mnt/data/lyq/Kairos/inc/bakshalipour_framework.h:382:3: warning: declaration of ‘debug_level’ shadows a member of ‘LRUSetAssociativeCache<std::deque<long unsigned int> >’ [-Wshadow]
   LRUSetAssociativeCache(int size, int num_ways, int debug_level = 0) : Super(size, num_ways, debug_level), lru(this->num_sets, vector<uint64_t>(num_ways)) {}
   ^~~~~~~~~~~~~~~~~~~~~~
/mnt/data/lyq/Kairos/inc/bakshalipour_framework.h:285:21: note: shadowed declaration is here
   int debug_level = 0;
                     ^
/mnt/data/lyq/Kairos/inc/bakshalipour_framework.h:382:3: warning: declaration of ‘num_ways’ shadows a member of ‘LRUSetAssociativeCache<std::deque<long unsigned int> >’ [-Wshadow]
   LRUSetAssociativeCache(int size, int num_ways, int debug_level = 0) : Super(size, num_ways, debug_level), lru(this->num_sets, vector<uint64_t>(num_ways)) {}
   ^~~~~~~~~~~~~~~~~~~~~~
/mnt/data/lyq/Kairos/inc/bakshalipour_framework.h:280:7: note: shadowed declaration is here
   int num_ways;
       ^~~~~~~~
/mnt/data/lyq/Kairos/inc/bakshalipour_framework.h:382:3: warning: declaration of ‘size’ shadows a member of ‘LRUSetAssociativeCache<std::deque<long unsigned int> >’ [-Wshadow]
   LRUSetAssociativeCache(int size, int num_ways, int debug_level = 0) : Super(size, num_ways, debug_level), lru(this->num_sets, vector<uint64_t>(num_ways)) {}
   ^~~~~~~~~~~~~~~~~~~~~~
/mnt/data/lyq/Kairos/inc/bakshalipour_framework.h:279:7: note: shadowed declaration is here
   int size;
       ^~~~
In file included from prefetcher/resize/resize.h:16,
                 from prefetcher/resize/resize.cc:1:
/mnt/data/lyq/Kairos/inc/bakshalipour_framework.h: In instantiation of ‘SRRIPSetAssociativeCache<T>::SRRIPSetAssociativeCache(int, int, int) [with T = resizeMetaTableEntry]’:
prefetcher/resize/resize.h:55:86:   required from here
/mnt/data/lyq/Kairos/inc/bakshalipour_framework.h:545:3: warning: declaration of ‘debug_level’ shadows a member of ‘SRRIPSetAssociativeCache<resizeMetaTableEntry>’ [-Wshadow]
   SRRIPSetAssociativeCache(int size, int num_ways, int debug_level = 0) : Super(size, num_ways, debug_level), rrpv(this->num_sets, vector<uint64_t>(num_ways))
   ^~~~~~~~~~~~~~~~~~~~~~~~
/mnt/data/lyq/Kairos/inc/bakshalipour_framework.h:285:21: note: shadowed declaration is here
   int debug_level = 0;
                     ^
/mnt/data/lyq/Kairos/inc/bakshalipour_framework.h:545:3: warning: declaration of ‘num_ways’ shadows a member of ‘SRRIPSetAssociativeCache<resizeMetaTableEntry>’ [-Wshadow]
   SRRIPSetAssociativeCache(int size, int num_ways, int debug_level = 0) : Super(size, num_ways, debug_level), rrpv(this->num_sets, vector<uint64_t>(num_ways))
   ^~~~~~~~~~~~~~~~~~~~~~~~
/mnt/data/lyq/Kairos/inc/bakshalipour_framework.h:280:7: note: shadowed declaration is here
   int num_ways;
       ^~~~~~~~
/mnt/data/lyq/Kairos/inc/bakshalipour_framework.h:545:3: warning: declaration of ‘size’ shadows a member of ‘SRRIPSetAssociativeCache<resizeMetaTableEntry>’ [-Wshadow]
   SRRIPSetAssociativeCache(int size, int num_ways, int debug_level = 0) : Super(size, num_ways, debug_level), rrpv(this->num_sets, vector<uint64_t>(num_ways))
   ^~~~~~~~~~~~~~~~~~~~~~~~
/mnt/data/lyq/Kairos/inc/bakshalipour_framework.h:279:7: note: shadowed declaration is here
   int size;
       ^~~~
make: *** [Makefile:257: .csconfig/modules/prefetcher/ipcp/ipcp.o] Error 1
make: *** Waiting for unfinished jobs....
In file included from prefetcher/lfutp/lfutp.h:16,
                 from prefetcher/lfutp/lfutp.cc:1:
/mnt/data/lyq/Kairos/inc/bakshalipour_framework.h: In instantiation of ‘LFUSetAssociativeCache<T>::LFUSetAssociativeCache(int, int, int) [with T = lfutpMetaTableEntry]’:
prefetcher/lfutp/lfutp.h:49:85:   required from here
/mnt/data/lyq/Kairos/inc/bakshalipour_framework.h:313:3: warning: declaration of ‘debug_level’ shadows a member of ‘LFUSetAssociativeCache<lfutpMetaTableEntry>’ [-Wshadow]
   LFUSetAssociativeCache(int size, int num_ways, int debug_level = 0)
   ^~~~~~~~~~~~~~~~~~~~~~
/mnt/data/lyq/Kairos/inc/bakshalipour_framework.h:285:21: note: shadowed declaration is here
   int debug_level = 0;
                     ^
/mnt/data/lyq/Kairos/inc/bakshalipour_framework.h:313:3: warning: declaration of ‘num_ways’ shadows a member of ‘LFUSetAssociativeCache<lfutpMetaTableEntry>’ [-Wshadow]
   LFUSetAssociativeCache(int size, int num_ways, int debug_level = 0)
   ^~~~~~~~~~~~~~~~~~~~~~
/mnt/data/lyq/Kairos/inc/bakshalipour_framework.h:280:7: note: shadowed declaration is here
   int num_ways;
       ^~~~~~~~
/mnt/data/lyq/Kairos/inc/bakshalipour_framework.h:313:3: warning: declaration of ‘size’ shadows a member of ‘LFUSetAssociativeCache<lfutpMetaTableEntry>’ [-Wshadow]
   LFUSetAssociativeCache(int size, int num_ways, int debug_level = 0)
   ^~~~~~~~~~~~~~~~~~~~~~
/mnt/data/lyq/Kairos/inc/bakshalipour_framework.h:279:7: note: shadowed declaration is here
   int size;
       ^~~~
/mnt/data/lyq/Kairos/inc/bakshalipour_framework.h: In instantiation of ‘LRUSetAssociativeCache<T>::LRUSetAssociativeCache(int, int, int) [with T = std::deque<long unsigned int>]’:
prefetcher/resize/resize.h:100:137:   required from here
/mnt/data/lyq/Kairos/inc/bakshalipour_framework.h:382:3: warning: declaration of ‘debug_level’ shadows a member of ‘LRUSetAssociativeCache<std::deque<long unsigned int> >’ [-Wshadow]
   LRUSetAssociativeCache(int size, int num_ways, int debug_level = 0) : Super(size, num_ways, debug_level), lru(this->num_sets, vector<uint64_t>(num_ways)) {}
   ^~~~~~~~~~~~~~~~~~~~~~
/mnt/data/lyq/Kairos/inc/bakshalipour_framework.h:285:21: note: shadowed declaration is here
   int debug_level = 0;
                     ^
/mnt/data/lyq/Kairos/inc/bakshalipour_framework.h:382:3: warning: declaration of ‘num_ways’ shadows a member of ‘LRUSetAssociativeCache<std::deque<long unsigned int> >’ [-Wshadow]
   LRUSetAssociativeCache(int size, int num_ways, int debug_level = 0) : Super(size, num_ways, debug_level), lru(this->num_sets, vector<uint64_t>(num_ways)) {}
   ^~~~~~~~~~~~~~~~~~~~~~
/mnt/data/lyq/Kairos/inc/bakshalipour_framework.h:280:7: note: shadowed declaration is here
   int num_ways;
       ^~~~~~~~
/mnt/data/lyq/Kairos/inc/bakshalipour_framework.h:382:3: warning: declaration of ‘size’ shadows a member of ‘LRUSetAssociativeCache<std::deque<long unsigned int> >’ [-Wshadow]
   LRUSetAssociativeCache(int size, int num_ways, int debug_level = 0) : Super(size, num_ways, debug_level), lru(this->num_sets, vector<uint64_t>(num_ways)) {}
   ^~~~~~~~~~~~~~~~~~~~~~
/mnt/data/lyq/Kairos/inc/bakshalipour_framework.h:279:7: note: shadowed declaration is here
   int size;
       ^~~~
In file included from prefetcher/shtp/shtp.h:16,
                 from prefetcher/shtp/shtp.cc:1:
/mnt/data/lyq/Kairos/inc/bakshalipour_framework.h: In instantiation of ‘SHIPSetAssociativeCache<T>::SHIPSetAssociativeCache(int, int, int) [with T = shtpMetaTableEntry]’:
prefetcher/shtp/shtp.h:49:84:   required from here
/mnt/data/lyq/Kairos/inc/bakshalipour_framework.h:415:3: warning: declaration of ‘debug_level’ shadows a member of ‘SHIPSetAssociativeCache<shtpMetaTableEntry>’ [-Wshadow]
   SHIPSetAssociativeCache(int size, int num_ways, int debug_level = 0)
   ^~~~~~~~~~~~~~~~~~~~~~~
/mnt/data/lyq/Kairos/inc/bakshalipour_framework.h:285:21: note: shadowed declaration is here
   int debug_level = 0;
                     ^
/mnt/data/lyq/Kairos/inc/bakshalipour_framework.h:415:3: warning: declaration of ‘num_ways’ shadows a member of ‘SHIPSetAssociativeCache<shtpMetaTableEntry>’ [-Wshadow]
   SHIPSetAssociativeCache(int size, int num_ways, int debug_level = 0)
   ^~~~~~~~~~~~~~~~~~~~~~~
/mnt/data/lyq/Kairos/inc/bakshalipour_framework.h:280:7: note: shadowed declaration is here
   int num_ways;
       ^~~~~~~~
/mnt/data/lyq/Kairos/inc/bakshalipour_framework.h:415:3: warning: declaration of ‘size’ shadows a member of ‘SHIPSetAssociativeCache<shtpMetaTableEntry>’ [-Wshadow]
   SHIPSetAssociativeCache(int size, int num_ways, int debug_level = 0)
   ^~~~~~~~~~~~~~~~~~~~~~~
/mnt/data/lyq/Kairos/inc/bakshalipour_framework.h:279:7: note: shadowed declaration is here
   int size;
       ^~~~
In file included from prefetcher/earlytp/earlytp.h:16,
                 from prefetcher/earlytp/earlytp.cc:1:
/mnt/data/lyq/Kairos/inc/bakshalipour_framework.h: In instantiation of ‘LRUSetAssociativeCache<T>::LRUSetAssociativeCache(int, int, int) [with T = earlytpMetaTableEntry]’:
prefetcher/earlytp/earlytp.h:54:87:   required from here
/mnt/data/lyq/Kairos/inc/bakshalipour_framework.h:382:3: warning: declaration of ‘debug_level’ shadows a member of ‘LRUSetAssociativeCache<earlytpMetaTableEntry>’ [-Wshadow]
   LRUSetAssociativeCache(int size, int num_ways, int debug_level = 0) : Super(size, num_ways, debug_level), lru(this->num_sets, vector<uint64_t>(num_ways)) {}
   ^~~~~~~~~~~~~~~~~~~~~~
/mnt/data/lyq/Kairos/inc/bakshalipour_framework.h:285:21: note: shadowed declaration is here
   int debug_level = 0;
                     ^
/mnt/data/lyq/Kairos/inc/bakshalipour_framework.h:382:3: warning: declaration of ‘num_ways’ shadows a member of ‘LRUSetAssociativeCache<earlytpMetaTableEntry>’ [-Wshadow]
   LRUSetAssociativeCache(int size, int num_ways, int debug_level = 0) : Super(size, num_ways, debug_level), lru(this->num_sets, vector<uint64_t>(num_ways)) {}
   ^~~~~~~~~~~~~~~~~~~~~~
/mnt/data/lyq/Kairos/inc/bakshalipour_framework.h:280:7: note: shadowed declaration is here
   int num_ways;
       ^~~~~~~~
/mnt/data/lyq/Kairos/inc/bakshalipour_framework.h:382:3: warning: declaration of ‘size’ shadows a member of ‘LRUSetAssociativeCache<earlytpMetaTableEntry>’ [-Wshadow]
   LRUSetAssociativeCache(int size, int num_ways, int debug_level = 0) : Super(size, num_ways, debug_level), lru(this->num_sets, vector<uint64_t>(num_ways)) {}
   ^~~~~~~~~~~~~~~~~~~~~~
/mnt/data/lyq/Kairos/inc/bakshalipour_framework.h:279:7: note: shadowed declaration is here
   int size;
       ^~~~
/mnt/data/lyq/Kairos/inc/bakshalipour_framework.h: In instantiation of ‘LRUSetAssociativeCache<T>::LRUSetAssociativeCache(int, int, int) [with T = std::deque<long unsigned int>]’:
prefetcher/srtp/srtp.h:93:137:   required from here
/mnt/data/lyq/Kairos/inc/bakshalipour_framework.h:382:3: warning: declaration of ‘debug_level’ shadows a member of ‘LRUSetAssociativeCache<std::deque<long unsigned int> >’ [-Wshadow]
   LRUSetAssociativeCache(int size, int num_ways, int debug_level = 0) : Super(size, num_ways, debug_level), lru(this->num_sets, vector<uint64_t>(num_ways)) {}
   ^~~~~~~~~~~~~~~~~~~~~~
/mnt/data/lyq/Kairos/inc/bakshalipour_framework.h:285:21: note: shadowed declaration is here
   int debug_level = 0;
                     ^
/mnt/data/lyq/Kairos/inc/bakshalipour_framework.h:382:3: warning: declaration of ‘num_ways’ shadows a member of ‘LRUSetAssociativeCache<std::deque<long unsigned int> >’ [-Wshadow]
   LRUSetAssociativeCache(int size, int num_ways, int debug_level = 0) : Super(size, num_ways, debug_level), lru(this->num_sets, vector<uint64_t>(num_ways)) {}
   ^~~~~~~~~~~~~~~~~~~~~~
/mnt/data/lyq/Kairos/inc/bakshalipour_framework.h:280:7: note: shadowed declaration is here
   int num_ways;
       ^~~~~~~~
/mnt/data/lyq/Kairos/inc/bakshalipour_framework.h:382:3: warning: declaration of ‘size’ shadows a member of ‘LRUSetAssociativeCache<std::deque<long unsigned int> >’ [-Wshadow]
   LRUSetAssociativeCache(int size, int num_ways, int debug_level = 0) : Super(size, num_ways, debug_level), lru(this->num_sets, vector<uint64_t>(num_ways)) {}
   ^~~~~~~~~~~~~~~~~~~~~~
/mnt/data/lyq/Kairos/inc/bakshalipour_framework.h:279:7: note: shadowed declaration is here
   int size;
       ^~~~
In file included from prefetcher/resize_pr/resize_pr.h:16,
                 from prefetcher/resize_pr/resize_pr.cc:1:
/mnt/data/lyq/Kairos/inc/bakshalipour_framework.h: In instantiation of ‘SRRIPSetAssociativeCache<T>::SRRIPSetAssociativeCache(int, int, int) [with T = resize_prMetaTableEntry]’:
prefetcher/resize_pr/resize_pr.h:50:89:   required from here
/mnt/data/lyq/Kairos/inc/bakshalipour_framework.h:545:3: warning: declaration of ‘debug_level’ shadows a member of ‘SRRIPSetAssociativeCache<resize_prMetaTableEntry>’ [-Wshadow]
   SRRIPSetAssociativeCache(int size, int num_ways, int debug_level = 0) : Super(size, num_ways, debug_level), rrpv(this->num_sets, vector<uint64_t>(num_ways))
   ^~~~~~~~~~~~~~~~~~~~~~~~
/mnt/data/lyq/Kairos/inc/bakshalipour_framework.h:285:21: note: shadowed declaration is here
   int debug_level = 0;
                     ^
/mnt/data/lyq/Kairos/inc/bakshalipour_framework.h:545:3: warning: declaration of ‘num_ways’ shadows a member of ‘SRRIPSetAssociativeCache<resize_prMetaTableEntry>’ [-Wshadow]
   SRRIPSetAssociativeCache(int size, int num_ways, int debug_level = 0) : Super(size, num_ways, debug_level), rrpv(this->num_sets, vector<uint64_t>(num_ways))
   ^~~~~~~~~~~~~~~~~~~~~~~~
/mnt/data/lyq/Kairos/inc/bakshalipour_framework.h:280:7: note: shadowed declaration is here
   int num_ways;
       ^~~~~~~~
/mnt/data/lyq/Kairos/inc/bakshalipour_framework.h:545:3: warning: declaration of ‘size’ shadows a member of ‘SRRIPSetAssociativeCache<resize_prMetaTableEntry>’ [-Wshadow]
   SRRIPSetAssociativeCache(int size, int num_ways, int debug_level = 0) : Super(size, num_ways, debug_level), rrpv(this->num_sets, vector<uint64_t>(num_ways))
   ^~~~~~~~~~~~~~~~~~~~~~~~
/mnt/data/lyq/Kairos/inc/bakshalipour_framework.h:279:7: note: shadowed declaration is here
   int size;
       ^~~~
prefetcher/brtp/brtp.cc: In member function ‘uint32_t brtp::prefetcher_cache_operate(champsim::address, champsim::address, uint8_t, bool, access_type, uint32_t, std::__cxx11::string)’:
prefetcher/brtp/brtp.cc:147:18: warning: unused variable ‘victim_addr’ [-Wunused-variable]
         uint64_t victim_addr = last_meta->correlated_addr;
                  ^~~~~~~~~~~
prefetcher/brtp/brtp.cc:142:12: warning: variable ‘matched’ set but not used [-Wunused-but-set-variable]
       bool matched = false;
            ^~~~~~~
/mnt/data/lyq/Kairos/inc/bakshalipour_framework.h: In instantiation of ‘LRUSetAssociativeCache<T>::LRUSetAssociativeCache(int, int, int) [with T = std::deque<long unsigned int>]’:
prefetcher/lfutp/lfutp.h:93:137:   required from here
/mnt/data/lyq/Kairos/inc/bakshalipour_framework.h:382:3: warning: declaration of ‘debug_level’ shadows a member of ‘LRUSetAssociativeCache<std::deque<long unsigned int> >’ [-Wshadow]
   LRUSetAssociativeCache(int size, int num_ways, int debug_level = 0) : Super(size, num_ways, debug_level), lru(this->num_sets, vector<uint64_t>(num_ways)) {}
   ^~~~~~~~~~~~~~~~~~~~~~
/mnt/data/lyq/Kairos/inc/bakshalipour_framework.h:285:21: note: shadowed declaration is here
   int debug_level = 0;
                     ^
/mnt/data/lyq/Kairos/inc/bakshalipour_framework.h:382:3: warning: declaration of ‘num_ways’ shadows a member of ‘LRUSetAssociativeCache<std::deque<long unsigned int> >’ [-Wshadow]
   LRUSetAssociativeCache(int size, int num_ways, int debug_level = 0) : Super(size, num_ways, debug_level), lru(this->num_sets, vector<uint64_t>(num_ways)) {}
   ^~~~~~~~~~~~~~~~~~~~~~
/mnt/data/lyq/Kairos/inc/bakshalipour_framework.h:280:7: note: shadowed declaration is here
   int num_ways;
       ^~~~~~~~
/mnt/data/lyq/Kairos/inc/bakshalipour_framework.h:382:3: warning: declaration of ‘size’ shadows a member of ‘LRUSetAssociativeCache<std::deque<long unsigned int> >’ [-Wshadow]
   LRUSetAssociativeCache(int size, int num_ways, int debug_level = 0) : Super(size, num_ways, debug_level), lru(this->num_sets, vector<uint64_t>(num_ways)) {}
   ^~~~~~~~~~~~~~~~~~~~~~
/mnt/data/lyq/Kairos/inc/bakshalipour_framework.h:279:7: note: shadowed declaration is here
   int size;
       ^~~~
prefetcher/brtp/brtp.cc:189:21: warning: comparison of integer expressions of different signedness: ‘int’ and ‘std::vector<long unsigned int>::size_type’ {aka ‘long unsigned int’} [-Wsign-compare]
   for (int i = 0; i < pref_addr.size(); i++) {
                   ~~^~~~~~~~~~~~~~~~~~
prefetcher/brtp/brtp.cc:190:82: warning: ‘bool champsim::modules::prefetcher::prefetch_line(uint64_t, bool, uint32_t) const’ is deprecated [-Wdeprecated-declarations]
     const bool success = prefetch_line({pref_addr[i] << LOG2_BLOCK_SIZE}, true, 0);
                                                                                  ^
In file included from /mnt/data/lyq/Kairos/inc/cache.h:45,
                 from prefetcher/brtp/brtp.h:17,
                 from prefetcher/brtp/brtp.cc:1:
/mnt/data/lyq/Kairos/inc/modules.h:105:23: note: declared here
   [[deprecated]] bool prefetch_line(uint64_t pf_addr, bool fill_this_level, uint32_t prefetch_metadata) const;
                       ^~~~~~~~~~~~~
prefetcher/brtp/brtp.cc:190:16: warning: unused variable ‘success’ [-Wunused-variable]
     const bool success = prefetch_line({pref_addr[i] << LOG2_BLOCK_SIZE}, true, 0);
                ^~~~~~~
prefetcher/brtp/brtp.cc:121:7: warning: unused variable ‘issued_by_metatable’ [-Wunused-variable]
   int issued_by_metatable = issue_metatable(metaTable, lookup_key, pref_addr);
       ^~~~~~~~~~~~~~~~~~~
/mnt/data/lyq/Kairos/inc/bakshalipour_framework.h: In instantiation of ‘LRUSetAssociativeCache<T>::LRUSetAssociativeCache(int, int, int) [with T = earlytp::PCTableEntry]’:
prefetcher/earlytp/earlytp.h:105:121:   required from here
/mnt/data/lyq/Kairos/inc/bakshalipour_framework.h:382:3: warning: declaration of ‘debug_level’ shadows a member of ‘LRUSetAssociativeCache<earlytp::PCTableEntry>’ [-Wshadow]
   LRUSetAssociativeCache(int size, int num_ways, int debug_level = 0) : Super(size, num_ways, debug_level), lru(this->num_sets, vector<uint64_t>(num_ways)) {}
   ^~~~~~~~~~~~~~~~~~~~~~
/mnt/data/lyq/Kairos/inc/bakshalipour_framework.h:285:21: note: shadowed declaration is here
   int debug_level = 0;
                     ^
/mnt/data/lyq/Kairos/inc/bakshalipour_framework.h:382:3: warning: declaration of ‘num_ways’ shadows a member of ‘LRUSetAssociativeCache<earlytp::PCTableEntry>’ [-Wshadow]
   LRUSetAssociativeCache(int size, int num_ways, int debug_level = 0) : Super(size, num_ways, debug_level), lru(this->num_sets, vector<uint64_t>(num_ways)) {}
   ^~~~~~~~~~~~~~~~~~~~~~
/mnt/data/lyq/Kairos/inc/bakshalipour_framework.h:280:7: note: shadowed declaration is here
   int num_ways;
       ^~~~~~~~
/mnt/data/lyq/Kairos/inc/bakshalipour_framework.h:382:3: warning: declaration of ‘size’ shadows a member of ‘LRUSetAssociativeCache<earlytp::PCTableEntry>’ [-Wshadow]
   LRUSetAssociativeCache(int size, int num_ways, int debug_level = 0) : Super(size, num_ways, debug_level), lru(this->num_sets, vector<uint64_t>(num_ways)) {}
   ^~~~~~~~~~~~~~~~~~~~~~
/mnt/data/lyq/Kairos/inc/bakshalipour_framework.h:279:7: note: shadowed declaration is here
   int size;
       ^~~~
prefetcher/brtp/brtp.cc: In member function ‘void brtp::prefetcher_final_stats()’:
prefetcher/brtp/brtp.cc:208:76: warning: conversion from ‘uint64_t’ {aka ‘long unsigned int’} to ‘double’ may change value [-Wconversion]
   cout << "MT_hitrate " << (meta_table_lookups ? (double)meta_table_hits / meta_table_lookups : 0) << endl;
                                                                            ^~~~~~~~~~~~~~~~~~
/mnt/data/lyq/Kairos/inc/bakshalipour_framework.h: In instantiation of ‘LRUSetAssociativeCache<T>::LRUSetAssociativeCache(int, int, int) [with T = std::deque<long unsigned int>]’:
prefetcher/resize_pr/resize_pr.h:95:137:   required from here
/mnt/data/lyq/Kairos/inc/bakshalipour_framework.h:382:3: warning: declaration of ‘debug_level’ shadows a member of ‘LRUSetAssociativeCache<std::deque<long unsigned int> >’ [-Wshadow]
   LRUSetAssociativeCache(int size, int num_ways, int debug_level = 0) : Super(size, num_ways, debug_level), lru(this->num_sets, vector<uint64_t>(num_ways)) {}
   ^~~~~~~~~~~~~~~~~~~~~~
/mnt/data/lyq/Kairos/inc/bakshalipour_framework.h:285:21: note: shadowed declaration is here
   int debug_level = 0;
                     ^
/mnt/data/lyq/Kairos/inc/bakshalipour_framework.h:382:3: warning: declaration of ‘num_ways’ shadows a member of ‘LRUSetAssociativeCache<std::deque<long unsigned int> >’ [-Wshadow]
   LRUSetAssociativeCache(int size, int num_ways, int debug_level = 0) : Super(size, num_ways, debug_level), lru(this->num_sets, vector<uint64_t>(num_ways)) {}
   ^~~~~~~~~~~~~~~~~~~~~~
/mnt/data/lyq/Kairos/inc/bakshalipour_framework.h:280:7: note: shadowed declaration is here
   int num_ways;
       ^~~~~~~~
/mnt/data/lyq/Kairos/inc/bakshalipour_framework.h:382:3: warning: declaration of ‘size’ shadows a member of ‘LRUSetAssociativeCache<std::deque<long unsigned int> >’ [-Wshadow]
   LRUSetAssociativeCache(int size, int num_ways, int debug_level = 0) : Super(size, num_ways, debug_level), lru(this->num_sets, vector<uint64_t>(num_ways)) {}
   ^~~~~~~~~~~~~~~~~~~~~~
/mnt/data/lyq/Kairos/inc/bakshalipour_framework.h:279:7: note: shadowed declaration is here
   int size;
       ^~~~
/mnt/data/lyq/Kairos/inc/bakshalipour_framework.h: In instantiation of ‘LRUSetAssociativeCache<T>::LRUSetAssociativeCache(int, int, int) [with T = std::deque<long unsigned int>]’:
prefetcher/shtp/shtp.h:93:137:   required from here
/mnt/data/lyq/Kairos/inc/bakshalipour_framework.h:382:3: warning: declaration of ‘debug_level’ shadows a member of ‘LRUSetAssociativeCache<std::deque<long unsigned int> >’ [-Wshadow]
   LRUSetAssociativeCache(int size, int num_ways, int debug_level = 0) : Super(size, num_ways, debug_level), lru(this->num_sets, vector<uint64_t>(num_ways)) {}
   ^~~~~~~~~~~~~~~~~~~~~~
/mnt/data/lyq/Kairos/inc/bakshalipour_framework.h:285:21: note: shadowed declaration is here
   int debug_level = 0;
                     ^
/mnt/data/lyq/Kairos/inc/bakshalipour_framework.h:382:3: warning: declaration of ‘num_ways’ shadows a member of ‘LRUSetAssociativeCache<std::deque<long unsigned int> >’ [-Wshadow]
   LRUSetAssociativeCache(int size, int num_ways, int debug_level = 0) : Super(size, num_ways, debug_level), lru(this->num_sets, vector<uint64_t>(num_ways)) {}
   ^~~~~~~~~~~~~~~~~~~~~~
/mnt/data/lyq/Kairos/inc/bakshalipour_framework.h:280:7: note: shadowed declaration is here
   int num_ways;
       ^~~~~~~~
/mnt/data/lyq/Kairos/inc/bakshalipour_framework.h:382:3: warning: declaration of ‘size’ shadows a member of ‘LRUSetAssociativeCache<std::deque<long unsigned int> >’ [-Wshadow]
   LRUSetAssociativeCache(int size, int num_ways, int debug_level = 0) : Super(size, num_ways, debug_level), lru(this->num_sets, vector<uint64_t>(num_ways)) {}
   ^~~~~~~~~~~~~~~~~~~~~~
/mnt/data/lyq/Kairos/inc/bakshalipour_framework.h:279:7: note: shadowed declaration is here
   int size;
       ^~~~
prefetcher/brtp/brtp.cc:211:102: warning: conversion from ‘uint64_t’ {aka ‘long unsigned int’} to ‘double’ may change value [-Wconversion]
   cout << "MT_accuracy " << (meta_table_issued_prefetches ? (double)meta_table_accurate_prefetches / meta_table_issued_prefetches : 0) << endl;
                                                                                                      ^~~~~~~~~~~~~~~~~~~~~~~~~~~~
prefetcher/brtp/brtp.cc: In member function ‘bool brtpMetaTable::insert(uint64_t, const brtpMetaTableEntry&)’:
prefetcher/brtp/brtp.cc:237:12: warning: unused variable ‘index’ [-Wunused-variable]
   uint64_t index = key % this->num_sets;
            ^~~~~
prefetcher/brtp/brtp.cc:238:12: warning: unused variable ‘tag’ [-Wunused-variable]
   uint64_t tag = key / this->num_sets;
            ^~~
In file included from prefetcher/drtp/drtp.h:16,
                 from prefetcher/drtp/drtp.cc:1:
/mnt/data/lyq/Kairos/inc/bakshalipour_framework.h: In instantiation of ‘SetAssociativeCache<T>::SetAssociativeCache(int, int, int) [with T = drtpMetaTableEntry]’:
/mnt/data/lyq/Kairos/inc/bakshalipour_framework.h:676:158:   required from ‘DRRIPSetAssociativeCache<T>::DRRIPSetAssociativeCache(int, int, int) [with T = drtpMetaTableEntry]’
prefetcher/drtp/drtp.h:49:84:   required from here
/mnt/data/lyq/Kairos/inc/bakshalipour_framework.h:147:3: warning: declaration of ‘debug_level’ shadows a member of ‘SetAssociativeCache<drtpMetaTableEntry>’ [-Wshadow]
   SetAssociativeCache(int size, int num_ways, int debug_level = 0)
   ^~~~~~~~~~~~~~~~~~~
In file included from prefetcher/drtp/drtp.h:16,
                 from prefetcher/drtp/drtp.cc:1:
/mnt/data/lyq/Kairos/inc/bakshalipour_framework.h:285:21: note: shadowed declaration is here
   int debug_level = 0;
                     ^
In file included from prefetcher/drtp/drtp.h:16,
                 from prefetcher/drtp/drtp.cc:1:
/mnt/data/lyq/Kairos/inc/bakshalipour_framework.h:147:3: warning: declaration of ‘num_ways’ shadows a member of ‘SetAssociativeCache<drtpMetaTableEntry>’ [-Wshadow]
   SetAssociativeCache(int size, int num_ways, int debug_level = 0)
   ^~~~~~~~~~~~~~~~~~~
In file included from prefetcher/drtp/drtp.h:16,
                 from prefetcher/drtp/drtp.cc:1:
/mnt/data/lyq/Kairos/inc/bakshalipour_framework.h:280:7: note: shadowed declaration is here
   int num_ways;
       ^~~~~~~~
In file included from prefetcher/drtp/drtp.h:16,
                 from prefetcher/drtp/drtp.cc:1:
/mnt/data/lyq/Kairos/inc/bakshalipour_framework.h:147:3: warning: declaration of ‘size’ shadows a member of ‘SetAssociativeCache<drtpMetaTableEntry>’ [-Wshadow]
   SetAssociativeCache(int size, int num_ways, int debug_level = 0)
   ^~~~~~~~~~~~~~~~~~~
In file included from prefetcher/drtp/drtp.h:16,
                 from prefetcher/drtp/drtp.cc:1:
/mnt/data/lyq/Kairos/inc/bakshalipour_framework.h:279:7: note: shadowed declaration is here
   int size;
       ^~~~
In file included from prefetcher/pctp/pctp.h:16,
                 from prefetcher/pctp/pctp.cc:1:
/mnt/data/lyq/Kairos/inc/bakshalipour_framework.h: In instantiation of ‘LRUSetAssociativeCache<T>::LRUSetAssociativeCache(int, int, int) [with T = pctpMetaTableEntry]’:
prefetcher/pctp/pctp.h:55:84:   required from here
/mnt/data/lyq/Kairos/inc/bakshalipour_framework.h:382:3: warning: declaration of ‘debug_level’ shadows a member of ‘LRUSetAssociativeCache<pctpMetaTableEntry>’ [-Wshadow]
   LRUSetAssociativeCache(int size, int num_ways, int debug_level = 0) : Super(size, num_ways, debug_level), lru(this->num_sets, vector<uint64_t>(num_ways)) {}
   ^~~~~~~~~~~~~~~~~~~~~~
/mnt/data/lyq/Kairos/inc/bakshalipour_framework.h:285:21: note: shadowed declaration is here
   int debug_level = 0;
                     ^
/mnt/data/lyq/Kairos/inc/bakshalipour_framework.h:382:3: warning: declaration of ‘num_ways’ shadows a member of ‘LRUSetAssociativeCache<pctpMetaTableEntry>’ [-Wshadow]
   LRUSetAssociativeCache(int size, int num_ways, int debug_level = 0) : Super(size, num_ways, debug_level), lru(this->num_sets, vector<uint64_t>(num_ways)) {}
   ^~~~~~~~~~~~~~~~~~~~~~
/mnt/data/lyq/Kairos/inc/bakshalipour_framework.h:280:7: note: shadowed declaration is here
   int num_ways;
       ^~~~~~~~
/mnt/data/lyq/Kairos/inc/bakshalipour_framework.h:382:3: warning: declaration of ‘size’ shadows a member of ‘LRUSetAssociativeCache<pctpMetaTableEntry>’ [-Wshadow]
   LRUSetAssociativeCache(int size, int num_ways, int debug_level = 0) : Super(size, num_ways, debug_level), lru(this->num_sets, vector<uint64_t>(num_ways)) {}
   ^~~~~~~~~~~~~~~~~~~~~~
/mnt/data/lyq/Kairos/inc/bakshalipour_framework.h:279:7: note: shadowed declaration is here
   int size;
       ^~~~
In file included from prefetcher/drtp/drtp.h:16,
                 from prefetcher/drtp/drtp.cc:1:
/mnt/data/lyq/Kairos/inc/bakshalipour_framework.h: In instantiation of ‘SetAssociativeCache<T>::SetAssociativeCache(int, int, int) [with T = std::deque<long unsigned int>]’:
/mnt/data/lyq/Kairos/inc/bakshalipour_framework.h:382:155:   required from ‘LRUSetAssociativeCache<T>::LRUSetAssociativeCache(int, int, int) [with T = std::deque<long unsigned int>]’
prefetcher/drtp/drtp.h:93:137:   required from here
/mnt/data/lyq/Kairos/inc/bakshalipour_framework.h:147:3: warning: declaration of ‘debug_level’ shadows a member of ‘SetAssociativeCache<std::deque<long unsigned int> >’ [-Wshadow]
   SetAssociativeCache(int size, int num_ways, int debug_level = 0)
   ^~~~~~~~~~~~~~~~~~~
In file included from prefetcher/drtp/drtp.h:16,
                 from prefetcher/drtp/drtp.cc:1:
/mnt/data/lyq/Kairos/inc/bakshalipour_framework.h:285:21: note: shadowed declaration is here
   int debug_level = 0;
                     ^
In file included from prefetcher/drtp/drtp.h:16,
                 from prefetcher/drtp/drtp.cc:1:
/mnt/data/lyq/Kairos/inc/bakshalipour_framework.h:147:3: warning: declaration of ‘num_ways’ shadows a member of ‘SetAssociativeCache<std::deque<long unsigned int> >’ [-Wshadow]
   SetAssociativeCache(int size, int num_ways, int debug_level = 0)
   ^~~~~~~~~~~~~~~~~~~
In file included from prefetcher/drtp/drtp.h:16,
                 from prefetcher/drtp/drtp.cc:1:
/mnt/data/lyq/Kairos/inc/bakshalipour_framework.h:280:7: note: shadowed declaration is here
   int num_ways;
       ^~~~~~~~
In file included from prefetcher/drtp/drtp.h:16,
                 from prefetcher/drtp/drtp.cc:1:
/mnt/data/lyq/Kairos/inc/bakshalipour_framework.h:147:3: warning: declaration of ‘size’ shadows a member of ‘SetAssociativeCache<std::deque<long unsigned int> >’ [-Wshadow]
   SetAssociativeCache(int size, int num_ways, int debug_level = 0)
   ^~~~~~~~~~~~~~~~~~~
In file included from prefetcher/drtp/drtp.h:16,
                 from prefetcher/drtp/drtp.cc:1:
/mnt/data/lyq/Kairos/inc/bakshalipour_framework.h:279:7: note: shadowed declaration is here
   int size;
       ^~~~
In file included from prefetcher/prism/prism.h:16,
                 from prefetcher/prism/prism.cc:1:
/mnt/data/lyq/Kairos/inc/bakshalipour_framework.h: In instantiation of ‘SHIPSetAssociativeCache<T>::SHIPSetAssociativeCache(int, int, int) [with T = MetaTableEntry]’:
prefetcher/prism/prism.h:77:64:   required from here
/mnt/data/lyq/Kairos/inc/bakshalipour_framework.h:415:3: warning: declaration of ‘debug_level’ shadows a member of ‘SHIPSetAssociativeCache<MetaTableEntry>’ [-Wshadow]
   SHIPSetAssociativeCache(int size, int num_ways, int debug_level = 0)
   ^~~~~~~~~~~~~~~~~~~~~~~
/mnt/data/lyq/Kairos/inc/bakshalipour_framework.h:285:21: note: shadowed declaration is here
   int debug_level = 0;
                     ^
/mnt/data/lyq/Kairos/inc/bakshalipour_framework.h:415:3: warning: declaration of ‘num_ways’ shadows a member of ‘SHIPSetAssociativeCache<MetaTableEntry>’ [-Wshadow]
   SHIPSetAssociativeCache(int size, int num_ways, int debug_level = 0)
   ^~~~~~~~~~~~~~~~~~~~~~~
/mnt/data/lyq/Kairos/inc/bakshalipour_framework.h:280:7: note: shadowed declaration is here
   int num_ways;
       ^~~~~~~~
/mnt/data/lyq/Kairos/inc/bakshalipour_framework.h:415:3: warning: declaration of ‘size’ shadows a member of ‘SHIPSetAssociativeCache<MetaTableEntry>’ [-Wshadow]
   SHIPSetAssociativeCache(int size, int num_ways, int debug_level = 0)
   ^~~~~~~~~~~~~~~~~~~~~~~
/mnt/data/lyq/Kairos/inc/bakshalipour_framework.h:279:7: note: shadowed declaration is here
   int size;
       ^~~~
/mnt/data/lyq/Kairos/inc/bakshalipour_framework.h: In instantiation of ‘LRUSetAssociativeCache<T>::LRUSetAssociativeCache(int, int, int) [with T = std::deque<long unsigned int>]’:
prefetcher/pctp/pctp.h:99:137:   required from here
/mnt/data/lyq/Kairos/inc/bakshalipour_framework.h:382:3: warning: declaration of ‘debug_level’ shadows a member of ‘LRUSetAssociativeCache<std::deque<long unsigned int> >’ [-Wshadow]
   LRUSetAssociativeCache(int size, int num_ways, int debug_level = 0) : Super(size, num_ways, debug_level), lru(this->num_sets, vector<uint64_t>(num_ways)) {}
   ^~~~~~~~~~~~~~~~~~~~~~
/mnt/data/lyq/Kairos/inc/bakshalipour_framework.h:285:21: note: shadowed declaration is here
   int debug_level = 0;
                     ^
/mnt/data/lyq/Kairos/inc/bakshalipour_framework.h:382:3: warning: declaration of ‘num_ways’ shadows a member of ‘LRUSetAssociativeCache<std::deque<long unsigned int> >’ [-Wshadow]
   LRUSetAssociativeCache(int size, int num_ways, int debug_level = 0) : Super(size, num_ways, debug_level), lru(this->num_sets, vector<uint64_t>(num_ways)) {}
   ^~~~~~~~~~~~~~~~~~~~~~
/mnt/data/lyq/Kairos/inc/bakshalipour_framework.h:280:7: note: shadowed declaration is here
   int num_ways;
       ^~~~~~~~
/mnt/data/lyq/Kairos/inc/bakshalipour_framework.h:382:3: warning: declaration of ‘size’ shadows a member of ‘LRUSetAssociativeCache<std::deque<long unsigned int> >’ [-Wshadow]
   LRUSetAssociativeCache(int size, int num_ways, int debug_level = 0) : Super(size, num_ways, debug_level), lru(this->num_sets, vector<uint64_t>(num_ways)) {}
   ^~~~~~~~~~~~~~~~~~~~~~
/mnt/data/lyq/Kairos/inc/bakshalipour_framework.h:279:7: note: shadowed declaration is here
   int size;
       ^~~~
/mnt/data/lyq/Kairos/inc/bakshalipour_framework.h: In instantiation of ‘FIFOSetAssociativeCache<T>::FIFOSetAssociativeCache(int, int, int) [with T = pf_filter_entry]’:
prefetcher/prism/prism.h:110:107:   required from here
/mnt/data/lyq/Kairos/inc/bakshalipour_framework.h:294:3: warning: declaration of ‘debug_level’ shadows a member of ‘FIFOSetAssociativeCache<pf_filter_entry>’ [-Wshadow]
   FIFOSetAssociativeCache(int size, int num_ways, int debug_level = 0) : Super(size, num_ways, debug_level), fifo_ptr(this->num_sets, 0) {}
   ^~~~~~~~~~~~~~~~~~~~~~~
/mnt/data/lyq/Kairos/inc/bakshalipour_framework.h:285:21: note: shadowed declaration is here
   int debug_level = 0;
                     ^
/mnt/data/lyq/Kairos/inc/bakshalipour_framework.h:294:3: warning: declaration of ‘num_ways’ shadows a member of ‘FIFOSetAssociativeCache<pf_filter_entry>’ [-Wshadow]
   FIFOSetAssociativeCache(int size, int num_ways, int debug_level = 0) : Super(size, num_ways, debug_level), fifo_ptr(this->num_sets, 0) {}
   ^~~~~~~~~~~~~~~~~~~~~~~
/mnt/data/lyq/Kairos/inc/bakshalipour_framework.h:280:7: note: shadowed declaration is here
   int num_ways;
       ^~~~~~~~
/mnt/data/lyq/Kairos/inc/bakshalipour_framework.h:294:3: warning: declaration of ‘size’ shadows a member of ‘FIFOSetAssociativeCache<pf_filter_entry>’ [-Wshadow]
   FIFOSetAssociativeCache(int size, int num_ways, int debug_level = 0) : Super(size, num_ways, debug_level), fifo_ptr(this->num_sets, 0) {}
   ^~~~~~~~~~~~~~~~~~~~~~~
/mnt/data/lyq/Kairos/inc/bakshalipour_framework.h:279:7: note: shadowed declaration is here
   int size;
       ^~~~
In file included from prefetcher/resize_kr/resize_kr.h:16,
                 from prefetcher/resize_kr/resize_kr.cc:1:
/mnt/data/lyq/Kairos/inc/bakshalipour_framework.h: In instantiation of ‘SetAssociativeCache<T>::SetAssociativeCache(int, int, int) [with T = resize_krMetaTableEntry]’:
/mnt/data/lyq/Kairos/inc/bakshalipour_framework.h:545:158:   required from ‘SRRIPSetAssociativeCache<T>::SRRIPSetAssociativeCache(int, int, int) [with T = resize_krMetaTableEntry]’
prefetcher/resize_kr/resize_kr.h:50:89:   required from here
/mnt/data/lyq/Kairos/inc/bakshalipour_framework.h:147:3: warning: declaration of ‘debug_level’ shadows a member of ‘SetAssociativeCache<resize_krMetaTableEntry>’ [-Wshadow]
   SetAssociativeCache(int size, int num_ways, int debug_level = 0)
   ^~~~~~~~~~~~~~~~~~~
In file included from prefetcher/resize_kr/resize_kr.h:16,
                 from prefetcher/resize_kr/resize_kr.cc:1:
/mnt/data/lyq/Kairos/inc/bakshalipour_framework.h:285:21: note: shadowed declaration is here
   int debug_level = 0;
                     ^
In file included from prefetcher/resize_kr/resize_kr.h:16,
                 from prefetcher/resize_kr/resize_kr.cc:1:
/mnt/data/lyq/Kairos/inc/bakshalipour_framework.h:147:3: warning: declaration of ‘num_ways’ shadows a member of ‘SetAssociativeCache<resize_krMetaTableEntry>’ [-Wshadow]
   SetAssociativeCache(int size, int num_ways, int debug_level = 0)
   ^~~~~~~~~~~~~~~~~~~
In file included from prefetcher/resize_kr/resize_kr.h:16,
                 from prefetcher/resize_kr/resize_kr.cc:1:
/mnt/data/lyq/Kairos/inc/bakshalipour_framework.h:280:7: note: shadowed declaration is here
   int num_ways;
       ^~~~~~~~
In file included from prefetcher/resize_kr/resize_kr.h:16,
                 from prefetcher/resize_kr/resize_kr.cc:1:
/mnt/data/lyq/Kairos/inc/bakshalipour_framework.h:147:3: warning: declaration of ‘size’ shadows a member of ‘SetAssociativeCache<resize_krMetaTableEntry>’ [-Wshadow]
   SetAssociativeCache(int size, int num_ways, int debug_level = 0)
   ^~~~~~~~~~~~~~~~~~~
In file included from prefetcher/resize_kr/resize_kr.h:16,
                 from prefetcher/resize_kr/resize_kr.cc:1:
/mnt/data/lyq/Kairos/inc/bakshalipour_framework.h:279:7: note: shadowed declaration is here
   int size;
       ^~~~
In file included from prefetcher/resize_kr/resize_kr.h:16,
                 from prefetcher/resize_kr/resize_kr.cc:1:
/mnt/data/lyq/Kairos/inc/bakshalipour_framework.h: In instantiation of ‘SetAssociativeCache<T>::SetAssociativeCache(int, int, int) [with T = std::deque<long unsigned int>]’:
/mnt/data/lyq/Kairos/inc/bakshalipour_framework.h:382:155:   required from ‘LRUSetAssociativeCache<T>::LRUSetAssociativeCache(int, int, int) [with T = std::deque<long unsigned int>]’
prefetcher/resize_kr/resize_kr.h:95:137:   required from here
/mnt/data/lyq/Kairos/inc/bakshalipour_framework.h:147:3: warning: declaration of ‘debug_level’ shadows a member of ‘SetAssociativeCache<std::deque<long unsigned int> >’ [-Wshadow]
   SetAssociativeCache(int size, int num_ways, int debug_level = 0)
   ^~~~~~~~~~~~~~~~~~~
/mnt/data/lyq/Kairos/inc/bakshalipour_framework.h: In instantiation of ‘LRUSetAssociativeCache<T>::LRUSetAssociativeCache(int, int, int) [with T = prism::PCTableEntry]’:
prefetcher/prism/prism.h:224:121:   required from here
/mnt/data/lyq/Kairos/inc/bakshalipour_framework.h:382:3: warning: declaration of ‘debug_level’ shadows a member of ‘LRUSetAssociativeCache<prism::PCTableEntry>’ [-Wshadow]
   LRUSetAssociativeCache(int size, int num_ways, int debug_level = 0) : Super(size, num_ways, debug_level), lru(this->num_sets, vector<uint64_t>(num_ways)) {}
   ^~~~~~~~~~~~~~~~~~~~~~
In file included from prefetcher/resize_kr/resize_kr.h:16,
                 from prefetcher/resize_kr/resize_kr.cc:1:
/mnt/data/lyq/Kairos/inc/bakshalipour_framework.h:285:21: note: shadowed declaration is here
   int debug_level = 0;
                     ^
/mnt/data/lyq/Kairos/inc/bakshalipour_framework.h:285:21: note: shadowed declaration is here
   int debug_level = 0;
                     ^
In file included from prefetcher/resize_kr/resize_kr.h:16,
                 from prefetcher/resize_kr/resize_kr.cc:1:
/mnt/data/lyq/Kairos/inc/bakshalipour_framework.h:147:3: warning: declaration of ‘num_ways’ shadows a member of ‘SetAssociativeCache<std::deque<long unsigned int> >’ [-Wshadow]
   SetAssociativeCache(int size, int num_ways, int debug_level = 0)
   ^~~~~~~~~~~~~~~~~~~
/mnt/data/lyq/Kairos/inc/bakshalipour_framework.h:382:3: warning: declaration of ‘num_ways’ shadows a member of ‘LRUSetAssociativeCache<prism::PCTableEntry>’ [-Wshadow]
   LRUSetAssociativeCache(int size, int num_ways, int debug_level = 0) : Super(size, num_ways, debug_level), lru(this->num_sets, vector<uint64_t>(num_ways)) {}
   ^~~~~~~~~~~~~~~~~~~~~~
/mnt/data/lyq/Kairos/inc/bakshalipour_framework.h:280:7: note: shadowed declaration is here
   int num_ways;
       ^~~~~~~~
In file included from prefetcher/resize_kr/resize_kr.h:16,
                 from prefetcher/resize_kr/resize_kr.cc:1:
/mnt/data/lyq/Kairos/inc/bakshalipour_framework.h:280:7: note: shadowed declaration is here
   int num_ways;
       ^~~~~~~~
/mnt/data/lyq/Kairos/inc/bakshalipour_framework.h:382:3: warning: declaration of ‘size’ shadows a member of ‘LRUSetAssociativeCache<prism::PCTableEntry>’ [-Wshadow]
   LRUSetAssociativeCache(int size, int num_ways, int debug_level = 0) : Super(size, num_ways, debug_level), lru(this->num_sets, vector<uint64_t>(num_ways)) {}
   ^~~~~~~~~~~~~~~~~~~~~~
In file included from prefetcher/resize_kr/resize_kr.h:16,
                 from prefetcher/resize_kr/resize_kr.cc:1:
/mnt/data/lyq/Kairos/inc/bakshalipour_framework.h:147:3: warning: declaration of ‘size’ shadows a member of ‘SetAssociativeCache<std::deque<long unsigned int> >’ [-Wshadow]
   SetAssociativeCache(int size, int num_ways, int debug_level = 0)
   ^~~~~~~~~~~~~~~~~~~
/mnt/data/lyq/Kairos/inc/bakshalipour_framework.h:279:7: note: shadowed declaration is here
   int size;
       ^~~~
In file included from prefetcher/resize_kr/resize_kr.h:16,
                 from prefetcher/resize_kr/resize_kr.cc:1:
/mnt/data/lyq/Kairos/inc/bakshalipour_framework.h:279:7: note: shadowed declaration is here
   int size;
       ^~~~
/mnt/data/lyq/Kairos/inc/bakshalipour_framework.h: In instantiation of ‘SRRIPSetAssociativeCache<T>::SRRIPSetAssociativeCache(int, int, int) [with T = MetaTableEntry]’:
prefetcher/prism/prism.h:280:103:   required from here
/mnt/data/lyq/Kairos/inc/bakshalipour_framework.h:545:3: warning: declaration of ‘debug_level’ shadows a member of ‘SRRIPSetAssociativeCache<MetaTableEntry>’ [-Wshadow]
   SRRIPSetAssociativeCache(int size, int num_ways, int debug_level = 0) : Super(size, num_ways, debug_level), rrpv(this->num_sets, vector<uint64_t>(num_ways))
   ^~~~~~~~~~~~~~~~~~~~~~~~
/mnt/data/lyq/Kairos/inc/bakshalipour_framework.h:285:21: note: shadowed declaration is here
   int debug_level = 0;
                     ^
/mnt/data/lyq/Kairos/inc/bakshalipour_framework.h:545:3: warning: declaration of ‘num_ways’ shadows a member of ‘SRRIPSetAssociativeCache<MetaTableEntry>’ [-Wshadow]
   SRRIPSetAssociativeCache(int size, int num_ways, int debug_level = 0) : Super(size, num_ways, debug_level), rrpv(this->num_sets, vector<uint64_t>(num_ways))
   ^~~~~~~~~~~~~~~~~~~~~~~~
/mnt/data/lyq/Kairos/inc/bakshalipour_framework.h:280:7: note: shadowed declaration is here
   int num_ways;
       ^~~~~~~~
/mnt/data/lyq/Kairos/inc/bakshalipour_framework.h:545:3: warning: declaration of ‘size’ shadows a member of ‘SRRIPSetAssociativeCache<MetaTableEntry>’ [-Wshadow]
   SRRIPSetAssociativeCache(int size, int num_ways, int debug_level = 0) : Super(size, num_ways, debug_level), rrpv(this->num_sets, vector<uint64_t>(num_ways))
   ^~~~~~~~~~~~~~~~~~~~~~~~
/mnt/data/lyq/Kairos/inc/bakshalipour_framework.h:279:7: note: shadowed declaration is here
   int size;
       ^~~~
In file included from prefetcher/prophet/prophet.h:16,
                 from prefetcher/prophet/prophet.cc:1:
/mnt/data/lyq/Kairos/inc/bakshalipour_framework.h: In instantiation of ‘GenericSatCounter<T>::GenericSatCounter(unsigned int, T) [with T = unsigned char]’:
prefetcher/prophet/prophet.h:39:67:   required from here
/mnt/data/lyq/Kairos/inc/bakshalipour_framework.h:1335:113: warning: conversion from ‘long long unsigned int’ to ‘unsigned char’ may change value [-Wconversion]
   explicit GenericSatCounter(unsigned bits, T initial_val = 0) : initialVal(initial_val), maxVal((1ULL << bits) - 1), counter(initial_val)
                                                                                                  ~~~~~~~~~~~~~~~^~~
/mnt/data/lyq/Kairos/inc/bakshalipour_framework.h: In instantiation of ‘LRUSetAssociativeCache<T>::LRUSetAssociativeCache(int, int, int) [with T = ProphetMetaTableEntry]’:
prefetcher/prophet/prophet.h:99:120:   required from here
/mnt/data/lyq/Kairos/inc/bakshalipour_framework.h:382:3: warning: declaration of ‘debug_level’ shadows a member of ‘LRUSetAssociativeCache<ProphetMetaTableEntry>’ [-Wshadow]
   LRUSetAssociativeCache(int size, int num_ways, int debug_level = 0) : Super(size, num_ways, debug_level), lru(this->num_sets, vector<uint64_t>(num_ways)) {}
   ^~~~~~~~~~~~~~~~~~~~~~
/mnt/data/lyq/Kairos/inc/bakshalipour_framework.h:285:21: note: shadowed declaration is here
   int debug_level = 0;
                     ^
/mnt/data/lyq/Kairos/inc/bakshalipour_framework.h:382:3: warning: declaration of ‘num_ways’ shadows a member of ‘LRUSetAssociativeCache<ProphetMetaTableEntry>’ [-Wshadow]
   LRUSetAssociativeCache(int size, int num_ways, int debug_level = 0) : Super(size, num_ways, debug_level), lru(this->num_sets, vector<uint64_t>(num_ways)) {}
   ^~~~~~~~~~~~~~~~~~~~~~
/mnt/data/lyq/Kairos/inc/bakshalipour_framework.h:280:7: note: shadowed declaration is here
   int num_ways;
       ^~~~~~~~
/mnt/data/lyq/Kairos/inc/bakshalipour_framework.h:382:3: warning: declaration of ‘size’ shadows a member of ‘LRUSetAssociativeCache<ProphetMetaTableEntry>’ [-Wshadow]
   LRUSetAssociativeCache(int size, int num_ways, int debug_level = 0) : Super(size, num_ways, debug_level), lru(this->num_sets, vector<uint64_t>(num_ways)) {}
   ^~~~~~~~~~~~~~~~~~~~~~
/mnt/data/lyq/Kairos/inc/bakshalipour_framework.h:279:7: note: shadowed declaration is here
   int size;
       ^~~~
/mnt/data/lyq/Kairos/inc/bakshalipour_framework.h: In instantiation of ‘LRUSetAssociativeCache<T>::LRUSetAssociativeCache(int, int, int) [with T = ProphetMRBTableEntry]’:
prefetcher/prophet/prophet.h:158:65:   required from here
/mnt/data/lyq/Kairos/inc/bakshalipour_framework.h:382:3: warning: declaration of ‘debug_level’ shadows a member of ‘LRUSetAssociativeCache<ProphetMRBTableEntry>’ [-Wshadow]
   LRUSetAssociativeCache(int size, int num_ways, int debug_level = 0) : Super(size, num_ways, debug_level), lru(this->num_sets, vector<uint64_t>(num_ways)) {}
   ^~~~~~~~~~~~~~~~~~~~~~
/mnt/data/lyq/Kairos/inc/bakshalipour_framework.h:285:21: note: shadowed declaration is here
   int debug_level = 0;
                     ^
/mnt/data/lyq/Kairos/inc/bakshalipour_framework.h:382:3: warning: declaration of ‘num_ways’ shadows a member of ‘LRUSetAssociativeCache<ProphetMRBTableEntry>’ [-Wshadow]
   LRUSetAssociativeCache(int size, int num_ways, int debug_level = 0) : Super(size, num_ways, debug_level), lru(this->num_sets, vector<uint64_t>(num_ways)) {}
   ^~~~~~~~~~~~~~~~~~~~~~
/mnt/data/lyq/Kairos/inc/bakshalipour_framework.h:280:7: note: shadowed declaration is here
   int num_ways;
       ^~~~~~~~
/mnt/data/lyq/Kairos/inc/bakshalipour_framework.h:382:3: warning: declaration of ‘size’ shadows a member of ‘LRUSetAssociativeCache<ProphetMRBTableEntry>’ [-Wshadow]
   LRUSetAssociativeCache(int size, int num_ways, int debug_level = 0) : Super(size, num_ways, debug_level), lru(this->num_sets, vector<uint64_t>(num_ways)) {}
   ^~~~~~~~~~~~~~~~~~~~~~
/mnt/data/lyq/Kairos/inc/bakshalipour_framework.h:279:7: note: shadowed declaration is here
   int size;
       ^~~~
In file included from prefetcher/resize_tr/resize_tr.h:20,
                 from prefetcher/resize_tr/resize_tr.cc:1:
prefetcher/resize_tr/../triangel/triangel.h: In instantiation of ‘Cacheway<T>::Cacheway(int, ReplacementPolicy, const string&) [with T = long unsigned int; std::__cxx11::string = std::__cxx11::basic_string<char>]’:
prefetcher/resize_tr/../triangel/triangel.h:676:53:   required from here
prefetcher/resize_tr/../triangel/triangel.h:127:3: warning: declaration of ‘owner’ shadows a member of ‘Cacheway<long unsigned int>’ [-Wshadow]
   Cacheway(int capacity, ReplacementPolicy policy = LRU, const std::string& owner = "unknown") : count(0), capacity(capacity), policy(policy), owner(owner)
   ^~~~~~~~
prefetcher/resize_tr/../triangel/triangel.h:120:15: note: shadowed declaration is here
   std::string owner;
               ^~~~~
prefetcher/resize_tr/../triangel/triangel.h:127:3: warning: declaration of ‘policy’ shadows a member of ‘Cacheway<long unsigned int>’ [-Wshadow]
   Cacheway(int capacity, ReplacementPolicy policy = LRU, const std::string& owner = "unknown") : count(0), capacity(capacity), policy(policy), owner(owner)
   ^~~~~~~~
prefetcher/resize_tr/../triangel/triangel.h:118:21: note: shadowed declaration is here
   ReplacementPolicy policy;
                     ^~~~~~
prefetcher/resize_tr/../triangel/triangel.h:127:3: warning: declaration of ‘capacity’ shadows a member of ‘Cacheway<long unsigned int>’ [-Wshadow]
   Cacheway(int capacity, ReplacementPolicy policy = LRU, const std::string& owner = "unknown") : count(0), capacity(capacity), policy(policy), owner(owner)
   ^~~~~~~~
prefetcher/resize_tr/../triangel/triangel.h:116:7: note: shadowed declaration is here
   int capacity;
       ^~~~~~~~
/mnt/data/lyq/Kairos/inc/bakshalipour_framework.h: In instantiation of ‘LRUSetAssociativeCache<T>::LRUSetAssociativeCache(int, int, int) [with T = long unsigned int]’:
prefetcher/prophet/prophet.h:247:113:   required from here
/mnt/data/lyq/Kairos/inc/bakshalipour_framework.h:382:3: warning: declaration of ‘debug_level’ shadows a member of ‘LRUSetAssociativeCache<long unsigned int>’ [-Wshadow]
   LRUSetAssociativeCache(int size, int num_ways, int debug_level = 0) : Super(size, num_ways, debug_level), lru(this->num_sets, vector<uint64_t>(num_ways)) {}
   ^~~~~~~~~~~~~~~~~~~~~~
/mnt/data/lyq/Kairos/inc/bakshalipour_framework.h:285:21: note: shadowed declaration is here
   int debug_level = 0;
                     ^
/mnt/data/lyq/Kairos/inc/bakshalipour_framework.h:382:3: warning: declaration of ‘num_ways’ shadows a member of ‘LRUSetAssociativeCache<long unsigned int>’ [-Wshadow]
   LRUSetAssociativeCache(int size, int num_ways, int debug_level = 0) : Super(size, num_ways, debug_level), lru(this->num_sets, vector<uint64_t>(num_ways)) {}
   ^~~~~~~~~~~~~~~~~~~~~~
/mnt/data/lyq/Kairos/inc/bakshalipour_framework.h:280:7: note: shadowed declaration is here
   int num_ways;
       ^~~~~~~~
/mnt/data/lyq/Kairos/inc/bakshalipour_framework.h:382:3: warning: declaration of ‘size’ shadows a member of ‘LRUSetAssociativeCache<long unsigned int>’ [-Wshadow]
   LRUSetAssociativeCache(int size, int num_ways, int debug_level = 0) : Super(size, num_ways, debug_level), lru(this->num_sets, vector<uint64_t>(num_ways)) {}
   ^~~~~~~~~~~~~~~~~~~~~~
/mnt/data/lyq/Kairos/inc/bakshalipour_framework.h:279:7: note: shadowed declaration is here
   int size;
       ^~~~
In file included from prefetcher/resize_tr/resize_tr.h:20,
                 from prefetcher/resize_tr/resize_tr.cc:1:
prefetcher/resize_tr/../triangel/triangel.h: In instantiation of ‘RRIPCacheway<T>::RRIPCacheway(int, const string&) [with T = MetadataEntry; std::__cxx11::string = std::__cxx11::basic_string<char>]’:
prefetcher/resize_tr/../triangel/triangel.h:799:65:   required from here
prefetcher/resize_tr/../triangel/triangel.h:352:3: warning: declaration of ‘owner’ shadows a member of ‘RRIPCacheway<MetadataEntry>’ [-Wshadow]
   RRIPCacheway(int capacity, const std::string& owner = "unknown"):capacity(capacity), owner(owner), count(0) {}
   ^~~~~~~~~~~~
prefetcher/resize_tr/../triangel/triangel.h:343:15: note: shadowed declaration is here
   std::string owner;
               ^~~~~
prefetcher/resize_tr/../triangel/triangel.h:352:3: warning: declaration of ‘capacity’ shadows a member of ‘RRIPCacheway<MetadataEntry>’ [-Wshadow]
   RRIPCacheway(int capacity, const std::string& owner = "unknown"):capacity(capacity), owner(owner), count(0) {}
   ^~~~~~~~~~~~
prefetcher/resize_tr/../triangel/triangel.h:344:7: note: shadowed declaration is here
   int capacity;
       ^~~~~~~~
prefetcher/resize_tr/../triangel/triangel.h:344:7: warning: ‘RRIPCacheway<MetadataEntry>::capacity’ will be initialized after [-Wreorder]
prefetcher/resize_tr/../triangel/triangel.h:343:15: warning:   ‘std::__cxx11::string RRIPCacheway<MetadataEntry>::owner’ [-Wreorder]
   std::string owner;
               ^~~~~
prefetcher/resize_tr/../triangel/triangel.h:352:3: warning:   when initialized here [-Wreorder]
   RRIPCacheway(int capacity, const std::string& owner = "unknown"):capacity(capacity), owner(owner), count(0) {}
   ^~~~~~~~~~~~
In file included from prefetcher/rndtp/rndtp.h:16,
                 from prefetcher/rndtp/rndtp.cc:1:
/mnt/data/lyq/Kairos/inc/bakshalipour_framework.h: In instantiation of ‘RandomSetAssociativeCache<T>::RandomSetAssociativeCache(int, int, int) [with T = rndtpMetaTableEntry]’:
prefetcher/rndtp/rndtp.h:49:85:   required from here
/mnt/data/lyq/Kairos/inc/bakshalipour_framework.h:364:3: warning: declaration of ‘debug_level’ shadows a member of ‘RandomSetAssociativeCache<rndtpMetaTableEntry>’ [-Wshadow]
   RandomSetAssociativeCache(int size, int num_ways, int debug_level = 0) : Super(size, num_ways, debug_level), rng(std::random_device{}()) {}
   ^~~~~~~~~~~~~~~~~~~~~~~~~
/mnt/data/lyq/Kairos/inc/bakshalipour_framework.h:285:21: note: shadowed declaration is here
   int debug_level = 0;
                     ^
/mnt/data/lyq/Kairos/inc/bakshalipour_framework.h:364:3: warning: declaration of ‘num_ways’ shadows a member of ‘RandomSetAssociativeCache<rndtpMetaTableEntry>’ [-Wshadow]
   RandomSetAssociativeCache(int size, int num_ways, int debug_level = 0) : Super(size, num_ways, debug_level), rng(std::random_device{}()) {}
   ^~~~~~~~~~~~~~~~~~~~~~~~~
/mnt/data/lyq/Kairos/inc/bakshalipour_framework.h:280:7: note: shadowed declaration is here
   int num_ways;
       ^~~~~~~~
/mnt/data/lyq/Kairos/inc/bakshalipour_framework.h:364:3: warning: declaration of ‘size’ shadows a member of ‘RandomSetAssociativeCache<rndtpMetaTableEntry>’ [-Wshadow]
   RandomSetAssociativeCache(int size, int num_ways, int debug_level = 0) : Super(size, num_ways, debug_level), rng(std::random_device{}()) {}
   ^~~~~~~~~~~~~~~~~~~~~~~~~
/mnt/data/lyq/Kairos/inc/bakshalipour_framework.h:279:7: note: shadowed declaration is here
   int size;
       ^~~~
In file included from prefetcher/latetp/latetp.h:16,
                 from prefetcher/latetp/latetp.cc:1:
/mnt/data/lyq/Kairos/inc/bakshalipour_framework.h: In instantiation of ‘LRUSetAssociativeCache<T>::LRUSetAssociativeCache(int, int, int) [with T = latetpMetaTableEntry]’:
prefetcher/latetp/latetp.h:58:86:   required from here
/mnt/data/lyq/Kairos/inc/bakshalipour_framework.h:382:3: warning: declaration of ‘debug_level’ shadows a member of ‘LRUSetAssociativeCache<latetpMetaTableEntry>’ [-Wshadow]
   LRUSetAssociativeCache(int size, int num_ways, int debug_level = 0) : Super(size, num_ways, debug_level), lru(this->num_sets, vector<uint64_t>(num_ways)) {}
   ^~~~~~~~~~~~~~~~~~~~~~
/mnt/data/lyq/Kairos/inc/bakshalipour_framework.h:285:21: note: shadowed declaration is here
   int debug_level = 0;
                     ^
/mnt/data/lyq/Kairos/inc/bakshalipour_framework.h:382:3: warning: declaration of ‘num_ways’ shadows a member of ‘LRUSetAssociativeCache<latetpMetaTableEntry>’ [-Wshadow]
   LRUSetAssociativeCache(int size, int num_ways, int debug_level = 0) : Super(size, num_ways, debug_level), lru(this->num_sets, vector<uint64_t>(num_ways)) {}
   ^~~~~~~~~~~~~~~~~~~~~~
/mnt/data/lyq/Kairos/inc/bakshalipour_framework.h:280:7: note: shadowed declaration is here
   int num_ways;
       ^~~~~~~~
/mnt/data/lyq/Kairos/inc/bakshalipour_framework.h:382:3: warning: declaration of ‘size’ shadows a member of ‘LRUSetAssociativeCache<latetpMetaTableEntry>’ [-Wshadow]
   LRUSetAssociativeCache(int size, int num_ways, int debug_level = 0) : Super(size, num_ways, debug_level), lru(this->num_sets, vector<uint64_t>(num_ways)) {}
   ^~~~~~~~~~~~~~~~~~~~~~
/mnt/data/lyq/Kairos/inc/bakshalipour_framework.h:279:7: note: shadowed declaration is here
   int size;
       ^~~~
In file included from prefetcher/baseline/baseline.h:16,
                 from prefetcher/baseline/baseline.cc:1:
/mnt/data/lyq/Kairos/inc/bakshalipour_framework.h: In instantiation of ‘SetAssociativeCache<T>::SetAssociativeCache(int, int, int) [with T = baselineMetaTableEntry]’:
/mnt/data/lyq/Kairos/inc/bakshalipour_framework.h:382:155:   required from ‘LRUSetAssociativeCache<T>::LRUSetAssociativeCache(int, int, int) [with T = baselineMetaTableEntry]’
prefetcher/baseline/baseline.h:49:88:   required from here
/mnt/data/lyq/Kairos/inc/bakshalipour_framework.h:147:3: warning: declaration of ‘debug_level’ shadows a member of ‘SetAssociativeCache<baselineMetaTableEntry>’ [-Wshadow]
   SetAssociativeCache(int size, int num_ways, int debug_level = 0)
   ^~~~~~~~~~~~~~~~~~~
In file included from prefetcher/baseline/baseline.h:16,
                 from prefetcher/baseline/baseline.cc:1:
/mnt/data/lyq/Kairos/inc/bakshalipour_framework.h:285:21: note: shadowed declaration is here
   int debug_level = 0;
                     ^
In file included from prefetcher/baseline/baseline.h:16,
                 from prefetcher/baseline/baseline.cc:1:
/mnt/data/lyq/Kairos/inc/bakshalipour_framework.h:147:3: warning: declaration of ‘num_ways’ shadows a member of ‘SetAssociativeCache<baselineMetaTableEntry>’ [-Wshadow]
   SetAssociativeCache(int size, int num_ways, int debug_level = 0)
   ^~~~~~~~~~~~~~~~~~~
In file included from prefetcher/baseline/baseline.h:16,
                 from prefetcher/baseline/baseline.cc:1:
/mnt/data/lyq/Kairos/inc/bakshalipour_framework.h:280:7: note: shadowed declaration is here
   int num_ways;
       ^~~~~~~~
In file included from prefetcher/baseline/baseline.h:16,
                 from prefetcher/baseline/baseline.cc:1:
/mnt/data/lyq/Kairos/inc/bakshalipour_framework.h:147:3: warning: declaration of ‘size’ shadows a member of ‘SetAssociativeCache<baselineMetaTableEntry>’ [-Wshadow]
   SetAssociativeCache(int size, int num_ways, int debug_level = 0)
   ^~~~~~~~~~~~~~~~~~~
In file included from prefetcher/baseline/baseline.h:16,
                 from prefetcher/baseline/baseline.cc:1:
/mnt/data/lyq/Kairos/inc/bakshalipour_framework.h:279:7: note: shadowed declaration is here
   int size;
       ^~~~
In file included from prefetcher/filtetp/filtetp.h:16,
                 from prefetcher/filtetp/filtetp.cc:1:
/mnt/data/lyq/Kairos/inc/bakshalipour_framework.h: In instantiation of ‘SetAssociativeCache<T>::SetAssociativeCache(int, int, int) [with T = filtetpMetaTableEntry]’:
/mnt/data/lyq/Kairos/inc/bakshalipour_framework.h:382:155:   required from ‘LRUSetAssociativeCache<T>::LRUSetAssociativeCache(int, int, int) [with T = filtetpMetaTableEntry]’
prefetcher/filtetp/filtetp.h:48:87:   required from here
/mnt/data/lyq/Kairos/inc/bakshalipour_framework.h:147:3: warning: declaration of ‘debug_level’ shadows a member of ‘SetAssociativeCache<filtetpMetaTableEntry>’ [-Wshadow]
   SetAssociativeCache(int size, int num_ways, int debug_level = 0)
   ^~~~~~~~~~~~~~~~~~~
In file included from prefetcher/filtetp/filtetp.h:16,
                 from prefetcher/filtetp/filtetp.cc:1:
/mnt/data/lyq/Kairos/inc/bakshalipour_framework.h:285:21: note: shadowed declaration is here
   int debug_level = 0;
                     ^
In file included from prefetcher/filtetp/filtetp.h:16,
                 from prefetcher/filtetp/filtetp.cc:1:
/mnt/data/lyq/Kairos/inc/bakshalipour_framework.h:147:3: warning: declaration of ‘num_ways’ shadows a member of ‘SetAssociativeCache<filtetpMetaTableEntry>’ [-Wshadow]
   SetAssociativeCache(int size, int num_ways, int debug_level = 0)
   ^~~~~~~~~~~~~~~~~~~
In file included from prefetcher/filtetp/filtetp.h:16,
                 from prefetcher/filtetp/filtetp.cc:1:
/mnt/data/lyq/Kairos/inc/bakshalipour_framework.h:280:7: note: shadowed declaration is here
   int num_ways;
       ^~~~~~~~
In file included from prefetcher/filtetp/filtetp.h:16,
                 from prefetcher/filtetp/filtetp.cc:1:
/mnt/data/lyq/Kairos/inc/bakshalipour_framework.h:147:3: warning: declaration of ‘size’ shadows a member of ‘SetAssociativeCache<filtetpMetaTableEntry>’ [-Wshadow]
   SetAssociativeCache(int size, int num_ways, int debug_level = 0)
   ^~~~~~~~~~~~~~~~~~~
In file included from prefetcher/filtetp/filtetp.h:16,
                 from prefetcher/filtetp/filtetp.cc:1:
/mnt/data/lyq/Kairos/inc/bakshalipour_framework.h:279:7: note: shadowed declaration is here
   int size;
       ^~~~
/mnt/data/lyq/Kairos/inc/bakshalipour_framework.h: In instantiation of ‘LRUSetAssociativeCache<T>::LRUSetAssociativeCache(int, int, int) [with T = std::deque<long unsigned int>]’:
prefetcher/rndtp/rndtp.h:93:137:   required from here
/mnt/data/lyq/Kairos/inc/bakshalipour_framework.h:382:3: warning: declaration of ‘debug_level’ shadows a member of ‘LRUSetAssociativeCache<std::deque<long unsigned int> >’ [-Wshadow]
   LRUSetAssociativeCache(int size, int num_ways, int debug_level = 0) : Super(size, num_ways, debug_level), lru(this->num_sets, vector<uint64_t>(num_ways)) {}
   ^~~~~~~~~~~~~~~~~~~~~~
/mnt/data/lyq/Kairos/inc/bakshalipour_framework.h:285:21: note: shadowed declaration is here
   int debug_level = 0;
                     ^
/mnt/data/lyq/Kairos/inc/bakshalipour_framework.h:382:3: warning: declaration of ‘num_ways’ shadows a member of ‘LRUSetAssociativeCache<std::deque<long unsigned int> >’ [-Wshadow]
   LRUSetAssociativeCache(int size, int num_ways, int debug_level = 0) : Super(size, num_ways, debug_level), lru(this->num_sets, vector<uint64_t>(num_ways)) {}
   ^~~~~~~~~~~~~~~~~~~~~~
/mnt/data/lyq/Kairos/inc/bakshalipour_framework.h:280:7: note: shadowed declaration is here
   int num_ways;
       ^~~~~~~~
/mnt/data/lyq/Kairos/inc/bakshalipour_framework.h:382:3: warning: declaration of ‘size’ shadows a member of ‘LRUSetAssociativeCache<std::deque<long unsigned int> >’ [-Wshadow]
   LRUSetAssociativeCache(int size, int num_ways, int debug_level = 0) : Super(size, num_ways, debug_level), lru(this->num_sets, vector<uint64_t>(num_ways)) {}
   ^~~~~~~~~~~~~~~~~~~~~~
/mnt/data/lyq/Kairos/inc/bakshalipour_framework.h:279:7: note: shadowed declaration is here
   int size;
       ^~~~
In file included from prefetcher/conftp/conftp.h:16,
                 from prefetcher/conftp/conftp.cc:1:
/mnt/data/lyq/Kairos/inc/bakshalipour_framework.h: In instantiation of ‘SetAssociativeCache<T>::SetAssociativeCache(int, int, int) [with T = conftpMetaTableEntry]’:
/mnt/data/lyq/Kairos/inc/bakshalipour_framework.h:382:155:   required from ‘LRUSetAssociativeCache<T>::LRUSetAssociativeCache(int, int, int) [with T = conftpMetaTableEntry]’
prefetcher/conftp/conftp.h:50:86:   required from here
/mnt/data/lyq/Kairos/inc/bakshalipour_framework.h:147:3: warning: declaration of ‘debug_level’ shadows a member of ‘SetAssociativeCache<conftpMetaTableEntry>’ [-Wshadow]
   SetAssociativeCache(int size, int num_ways, int debug_level = 0)
   ^~~~~~~~~~~~~~~~~~~
In file included from prefetcher/conftp/conftp.h:16,
                 from prefetcher/conftp/conftp.cc:1:
/mnt/data/lyq/Kairos/inc/bakshalipour_framework.h:285:21: note: shadowed declaration is here
   int debug_level = 0;
                     ^
In file included from prefetcher/conftp/conftp.h:16,
                 from prefetcher/conftp/conftp.cc:1:
/mnt/data/lyq/Kairos/inc/bakshalipour_framework.h:147:3: warning: declaration of ‘num_ways’ shadows a member of ‘SetAssociativeCache<conftpMetaTableEntry>’ [-Wshadow]
   SetAssociativeCache(int size, int num_ways, int debug_level = 0)
   ^~~~~~~~~~~~~~~~~~~
In file included from prefetcher/conftp/conftp.h:16,
                 from prefetcher/conftp/conftp.cc:1:
/mnt/data/lyq/Kairos/inc/bakshalipour_framework.h:280:7: note: shadowed declaration is here
   int num_ways;
       ^~~~~~~~
In file included from prefetcher/conftp/conftp.h:16,
                 from prefetcher/conftp/conftp.cc:1:
/mnt/data/lyq/Kairos/inc/bakshalipour_framework.h:147:3: warning: declaration of ‘size’ shadows a member of ‘SetAssociativeCache<conftpMetaTableEntry>’ [-Wshadow]
   SetAssociativeCache(int size, int num_ways, int debug_level = 0)
   ^~~~~~~~~~~~~~~~~~~
In file included from prefetcher/conftp/conftp.h:16,
                 from prefetcher/conftp/conftp.cc:1:
/mnt/data/lyq/Kairos/inc/bakshalipour_framework.h:279:7: note: shadowed declaration is here
   int size;
       ^~~~
prefetcher/resize_tr/../triangel/triangel.h: In instantiation of ‘AssociativeCache<T>::AssociativeCache(uint64_t, int, ReplacementPolicy, const string&) [with T = TrainingUnitEntry; uint64_t = long unsigned int; std::__cxx11::string = std::__cxx11::basic_string<char>]’:
prefetcher/resize_tr/../triangel/triangel.h:897:136:   required from here
prefetcher/resize_tr/../triangel/triangel.h:477:3: warning: declaration of ‘ways’ shadows a member of ‘AssociativeCache<TrainingUnitEntry>’ [-Wshadow]
   AssociativeCache(uint64_t sets, int ways, ReplacementPolicy policy, const std::string& owner = "unknown") : count(0), set_mask(sets - 1), ways(ways)
   ^~~~~~~~~~~~~~~~
prefetcher/resize_tr/../triangel/triangel.h:474:12: note: shadowed declaration is here
   uint64_t ways;
            ^~~~
In file included from prefetcher/resize/resize.h:16,
                 from prefetcher/resize/resize.cc:1:
/mnt/data/lyq/Kairos/inc/bakshalipour_framework.h: In instantiation of ‘SetAssociativeCache<T>::SetAssociativeCache(int, int, int) [with T = resizeMetaTableEntry]’:
/mnt/data/lyq/Kairos/inc/bakshalipour_framework.h:545:158:   required from ‘SRRIPSetAssociativeCache<T>::SRRIPSetAssociativeCache(int, int, int) [with T = resizeMetaTableEntry]’
prefetcher/resize/resize.h:55:86:   required from here
/mnt/data/lyq/Kairos/inc/bakshalipour_framework.h:147:3: warning: declaration of ‘debug_level’ shadows a member of ‘SetAssociativeCache<resizeMetaTableEntry>’ [-Wshadow]
   SetAssociativeCache(int size, int num_ways, int debug_level = 0)
   ^~~~~~~~~~~~~~~~~~~
In file included from prefetcher/baseline/baseline.h:16,
                 from prefetcher/baseline/baseline.cc:1:
/mnt/data/lyq/Kairos/inc/bakshalipour_framework.h: In instantiation of ‘SetAssociativeCache<T>::SetAssociativeCache(int, int, int) [with T = std::deque<long unsigned int>]’:
/mnt/data/lyq/Kairos/inc/bakshalipour_framework.h:382:155:   required from ‘LRUSetAssociativeCache<T>::LRUSetAssociativeCache(int, int, int) [with T = std::deque<long unsigned int>]’
prefetcher/baseline/baseline.h:93:137:   required from here
/mnt/data/lyq/Kairos/inc/bakshalipour_framework.h:147:3: warning: declaration of ‘debug_level’ shadows a member of ‘SetAssociativeCache<std::deque<long unsigned int> >’ [-Wshadow]
   SetAssociativeCache(int size, int num_ways, int debug_level = 0)
   ^~~~~~~~~~~~~~~~~~~
In file included from prefetcher/baseline/baseline.h:16,
                 from prefetcher/baseline/baseline.cc:1:
/mnt/data/lyq/Kairos/inc/bakshalipour_framework.h:285:21: note: shadowed declaration is here
   int debug_level = 0;
                     ^
In file included from prefetcher/resize/resize.h:16,
                 from prefetcher/resize/resize.cc:1:
/mnt/data/lyq/Kairos/inc/bakshalipour_framework.h:285:21: note: shadowed declaration is here
   int debug_level = 0;
                     ^
In file included from prefetcher/baseline/baseline.h:16,
                 from prefetcher/baseline/baseline.cc:1:
/mnt/data/lyq/Kairos/inc/bakshalipour_framework.h:147:3: warning: declaration of ‘num_ways’ shadows a member of ‘SetAssociativeCache<std::deque<long unsigned int> >’ [-Wshadow]
   SetAssociativeCache(int size, int num_ways, int debug_level = 0)
   ^~~~~~~~~~~~~~~~~~~
In file included from prefetcher/resize/resize.h:16,
                 from prefetcher/resize/resize.cc:1:
/mnt/data/lyq/Kairos/inc/bakshalipour_framework.h:147:3: warning: declaration of ‘num_ways’ shadows a member of ‘SetAssociativeCache<resizeMetaTableEntry>’ [-Wshadow]
   SetAssociativeCache(int size, int num_ways, int debug_level = 0)
   ^~~~~~~~~~~~~~~~~~~
In file included from prefetcher/baseline/baseline.h:16,
                 from prefetcher/baseline/baseline.cc:1:
/mnt/data/lyq/Kairos/inc/bakshalipour_framework.h:280:7: note: shadowed declaration is here
   int num_ways;
       ^~~~~~~~
In file included from prefetcher/resize/resize.h:16,
                 from prefetcher/resize/resize.cc:1:
/mnt/data/lyq/Kairos/inc/bakshalipour_framework.h:280:7: note: shadowed declaration is here
   int num_ways;
       ^~~~~~~~
In file included from prefetcher/baseline/baseline.h:16,
                 from prefetcher/baseline/baseline.cc:1:
/mnt/data/lyq/Kairos/inc/bakshalipour_framework.h:147:3: warning: declaration of ‘size’ shadows a member of ‘SetAssociativeCache<std::deque<long unsigned int> >’ [-Wshadow]
   SetAssociativeCache(int size, int num_ways, int debug_level = 0)
   ^~~~~~~~~~~~~~~~~~~
In file included from prefetcher/resize/resize.h:16,
                 from prefetcher/resize/resize.cc:1:
/mnt/data/lyq/Kairos/inc/bakshalipour_framework.h:147:3: warning: declaration of ‘size’ shadows a member of ‘SetAssociativeCache<resizeMetaTableEntry>’ [-Wshadow]
   SetAssociativeCache(int size, int num_ways, int debug_level = 0)
   ^~~~~~~~~~~~~~~~~~~
In file included from prefetcher/baseline/baseline.h:16,
                 from prefetcher/baseline/baseline.cc:1:
/mnt/data/lyq/Kairos/inc/bakshalipour_framework.h:279:7: note: shadowed declaration is here
   int size;
       ^~~~
In file included from prefetcher/resize/resize.h:16,
                 from prefetcher/resize/resize.cc:1:
/mnt/data/lyq/Kairos/inc/bakshalipour_framework.h:279:7: note: shadowed declaration is here
   int size;
       ^~~~
/mnt/data/lyq/Kairos/inc/bakshalipour_framework.h: In instantiation of ‘LRUSetAssociativeCache<T>::LRUSetAssociativeCache(int, int, int) [with T = latetp::PCTableEntry]’:
prefetcher/latetp/latetp.h:202:121:   required from here
/mnt/data/lyq/Kairos/inc/bakshalipour_framework.h:382:3: warning: declaration of ‘debug_level’ shadows a member of ‘LRUSetAssociativeCache<latetp::PCTableEntry>’ [-Wshadow]
   LRUSetAssociativeCache(int size, int num_ways, int debug_level = 0) : Super(size, num_ways, debug_level), lru(this->num_sets, vector<uint64_t>(num_ways)) {}
   ^~~~~~~~~~~~~~~~~~~~~~
/mnt/data/lyq/Kairos/inc/bakshalipour_framework.h:285:21: note: shadowed declaration is here
   int debug_level = 0;
                     ^
/mnt/data/lyq/Kairos/inc/bakshalipour_framework.h:382:3: warning: declaration of ‘num_ways’ shadows a member of ‘LRUSetAssociativeCache<latetp::PCTableEntry>’ [-Wshadow]
   LRUSetAssociativeCache(int size, int num_ways, int debug_level = 0) : Super(size, num_ways, debug_level), lru(this->num_sets, vector<uint64_t>(num_ways)) {}
   ^~~~~~~~~~~~~~~~~~~~~~
/mnt/data/lyq/Kairos/inc/bakshalipour_framework.h:280:7: note: shadowed declaration is here
   int num_ways;
       ^~~~~~~~
/mnt/data/lyq/Kairos/inc/bakshalipour_framework.h:382:3: warning: declaration of ‘size’ shadows a member of ‘LRUSetAssociativeCache<latetp::PCTableEntry>’ [-Wshadow]
   LRUSetAssociativeCache(int size, int num_ways, int debug_level = 0) : Super(size, num_ways, debug_level), lru(this->num_sets, vector<uint64_t>(num_ways)) {}
   ^~~~~~~~~~~~~~~~~~~~~~
/mnt/data/lyq/Kairos/inc/bakshalipour_framework.h:279:7: note: shadowed declaration is here
   int size;
       ^~~~
In file included from prefetcher/filtetp/filtetp.h:16,
                 from prefetcher/filtetp/filtetp.cc:1:
/mnt/data/lyq/Kairos/inc/bakshalipour_framework.h: In instantiation of ‘SetAssociativeCache<T>::SetAssociativeCache(int, int, int) [with T = filtetp::PCTableEntry]’:
/mnt/data/lyq/Kairos/inc/bakshalipour_framework.h:382:155:   required from ‘LRUSetAssociativeCache<T>::LRUSetAssociativeCache(int, int, int) [with T = filtetp::PCTableEntry]’
prefetcher/filtetp/filtetp.h:99:121:   required from here
/mnt/data/lyq/Kairos/inc/bakshalipour_framework.h:147:3: warning: declaration of ‘debug_level’ shadows a member of ‘SetAssociativeCache<filtetp::PCTableEntry>’ [-Wshadow]
   SetAssociativeCache(int size, int num_ways, int debug_level = 0)
   ^~~~~~~~~~~~~~~~~~~
In file included from prefetcher/filtetp/filtetp.h:16,
                 from prefetcher/filtetp/filtetp.cc:1:
/mnt/data/lyq/Kairos/inc/bakshalipour_framework.h:285:21: note: shadowed declaration is here
   int debug_level = 0;
                     ^
In file included from prefetcher/filtetp/filtetp.h:16,
                 from prefetcher/filtetp/filtetp.cc:1:
/mnt/data/lyq/Kairos/inc/bakshalipour_framework.h:147:3: warning: declaration of ‘num_ways’ shadows a member of ‘SetAssociativeCache<filtetp::PCTableEntry>’ [-Wshadow]
   SetAssociativeCache(int size, int num_ways, int debug_level = 0)
   ^~~~~~~~~~~~~~~~~~~
In file included from prefetcher/filtetp/filtetp.h:16,
                 from prefetcher/filtetp/filtetp.cc:1:
/mnt/data/lyq/Kairos/inc/bakshalipour_framework.h:280:7: note: shadowed declaration is here
   int num_ways;
       ^~~~~~~~
In file included from prefetcher/filtetp/filtetp.h:16,
                 from prefetcher/filtetp/filtetp.cc:1:
/mnt/data/lyq/Kairos/inc/bakshalipour_framework.h:147:3: warning: declaration of ‘size’ shadows a member of ‘SetAssociativeCache<filtetp::PCTableEntry>’ [-Wshadow]
   SetAssociativeCache(int size, int num_ways, int debug_level = 0)
   ^~~~~~~~~~~~~~~~~~~
In file included from prefetcher/filtetp/filtetp.h:16,
                 from prefetcher/filtetp/filtetp.cc:1:
/mnt/data/lyq/Kairos/inc/bakshalipour_framework.h:279:7: note: shadowed declaration is here
   int size;
       ^~~~
In file included from prefetcher/ptp/ptp.h:17,
                 from prefetcher/ptp/ptp.cc:1:
/mnt/data/lyq/Kairos/inc/bakshalipour_framework.h: In instantiation of ‘GenericSatCounter<T>::GenericSatCounter(unsigned int, T) [with T = unsigned char]’:
prefetcher/ptp/ptp.h:47:67:   required from here
/mnt/data/lyq/Kairos/inc/bakshalipour_framework.h:1335:113: warning: conversion from ‘long long unsigned int’ to ‘unsigned char’ may change value [-Wconversion]
   explicit GenericSatCounter(unsigned bits, T initial_val = 0) : initialVal(initial_val), maxVal((1ULL << bits) - 1), counter(initial_val)
                                                                                                  ~~~~~~~~~~~~~~~^~~
In file included from prefetcher/infpctable/infpctable.h:16,
                 from prefetcher/infpctable/infpctable.cc:1:
/mnt/data/lyq/Kairos/inc/bakshalipour_framework.h: In instantiation of ‘SetAssociativeCache<T>::SetAssociativeCache(int, int, int) [with T = infpctableMetaTableEntry]’:
/mnt/data/lyq/Kairos/inc/bakshalipour_framework.h:382:155:   required from ‘LRUSetAssociativeCache<T>::LRUSetAssociativeCache(int, int, int) [with T = infpctableMetaTableEntry]’
prefetcher/infpctable/infpctable.h:49:90:   required from here
/mnt/data/lyq/Kairos/inc/bakshalipour_framework.h:147:3: warning: declaration of ‘debug_level’ shadows a member of ‘SetAssociativeCache<infpctableMetaTableEntry>’ [-Wshadow]
   SetAssociativeCache(int size, int num_ways, int debug_level = 0)
   ^~~~~~~~~~~~~~~~~~~
In file included from prefetcher/infpctable/infpctable.h:16,
                 from prefetcher/infpctable/infpctable.cc:1:
/mnt/data/lyq/Kairos/inc/bakshalipour_framework.h:285:21: note: shadowed declaration is here
   int debug_level = 0;
                     ^
In file included from prefetcher/infpctable/infpctable.h:16,
                 from prefetcher/infpctable/infpctable.cc:1:
/mnt/data/lyq/Kairos/inc/bakshalipour_framework.h:147:3: warning: declaration of ‘num_ways’ shadows a member of ‘SetAssociativeCache<infpctableMetaTableEntry>’ [-Wshadow]
   SetAssociativeCache(int size, int num_ways, int debug_level = 0)
   ^~~~~~~~~~~~~~~~~~~
In file included from prefetcher/infpctable/infpctable.h:16,
                 from prefetcher/infpctable/infpctable.cc:1:
/mnt/data/lyq/Kairos/inc/bakshalipour_framework.h:280:7: note: shadowed declaration is here
   int num_ways;
       ^~~~~~~~
In file included from prefetcher/infpctable/infpctable.h:16,
                 from prefetcher/infpctable/infpctable.cc:1:
/mnt/data/lyq/Kairos/inc/bakshalipour_framework.h:147:3: warning: declaration of ‘size’ shadows a member of ‘SetAssociativeCache<infpctableMetaTableEntry>’ [-Wshadow]
   SetAssociativeCache(int size, int num_ways, int debug_level = 0)
   ^~~~~~~~~~~~~~~~~~~
In file included from prefetcher/infpctable/infpctable.h:16,
                 from prefetcher/infpctable/infpctable.cc:1:
/mnt/data/lyq/Kairos/inc/bakshalipour_framework.h:279:7: note: shadowed declaration is here
   int size;
       ^~~~
In file included from prefetcher/conftp/conftp.h:16,
                 from prefetcher/conftp/conftp.cc:1:
/mnt/data/lyq/Kairos/inc/bakshalipour_framework.h: In instantiation of ‘SetAssociativeCache<T>::SetAssociativeCache(int, int, int) [with T = std::deque<long unsigned int>]’:
/mnt/data/lyq/Kairos/inc/bakshalipour_framework.h:382:155:   required from ‘LRUSetAssociativeCache<T>::LRUSetAssociativeCache(int, int, int) [with T = std::deque<long unsigned int>]’
prefetcher/conftp/conftp.h:94:137:   required from here
/mnt/data/lyq/Kairos/inc/bakshalipour_framework.h:147:3: warning: declaration of ‘debug_level’ shadows a member of ‘SetAssociativeCache<std::deque<long unsigned int> >’ [-Wshadow]
   SetAssociativeCache(int size, int num_ways, int debug_level = 0)
   ^~~~~~~~~~~~~~~~~~~
In file included from prefetcher/conftp/conftp.h:16,
                 from prefetcher/conftp/conftp.cc:1:
/mnt/data/lyq/Kairos/inc/bakshalipour_framework.h:285:21: note: shadowed declaration is here
   int debug_level = 0;
                     ^
In file included from prefetcher/conftp/conftp.h:16,
                 from prefetcher/conftp/conftp.cc:1:
/mnt/data/lyq/Kairos/inc/bakshalipour_framework.h:147:3: warning: declaration of ‘num_ways’ shadows a member of ‘SetAssociativeCache<std::deque<long unsigned int> >’ [-Wshadow]
   SetAssociativeCache(int size, int num_ways, int debug_level = 0)
   ^~~~~~~~~~~~~~~~~~~
In file included from prefetcher/conftp/conftp.h:16,
                 from prefetcher/conftp/conftp.cc:1:
/mnt/data/lyq/Kairos/inc/bakshalipour_framework.h:280:7: note: shadowed declaration is here
   int num_ways;
       ^~~~~~~~
In file included from prefetcher/conftp/conftp.h:16,
                 from prefetcher/conftp/conftp.cc:1:
/mnt/data/lyq/Kairos/inc/bakshalipour_framework.h:147:3: warning: declaration of ‘size’ shadows a member of ‘SetAssociativeCache<std::deque<long unsigned int> >’ [-Wshadow]
   SetAssociativeCache(int size, int num_ways, int debug_level = 0)
   ^~~~~~~~~~~~~~~~~~~
In file included from prefetcher/conftp/conftp.h:16,
                 from prefetcher/conftp/conftp.cc:1:
/mnt/data/lyq/Kairos/inc/bakshalipour_framework.h:279:7: note: shadowed declaration is here
   int size;
       ^~~~
/mnt/data/lyq/Kairos/inc/bakshalipour_framework.h: In instantiation of ‘LRUSetAssociativeCache<T>::LRUSetAssociativeCache(int, int, int) [with T = ptpMetaTableEntry]’:
prefetcher/ptp/ptp.h:107:116:   required from here
/mnt/data/lyq/Kairos/inc/bakshalipour_framework.h:382:3: warning: declaration of ‘debug_level’ shadows a member of ‘LRUSetAssociativeCache<ptpMetaTableEntry>’ [-Wshadow]
   LRUSetAssociativeCache(int size, int num_ways, int debug_level = 0) : Super(size, num_ways, debug_level), lru(this->num_sets, vector<uint64_t>(num_ways)) {}
   ^~~~~~~~~~~~~~~~~~~~~~
/mnt/data/lyq/Kairos/inc/bakshalipour_framework.h:285:21: note: shadowed declaration is here
   int debug_level = 0;
                     ^
/mnt/data/lyq/Kairos/inc/bakshalipour_framework.h:382:3: warning: declaration of ‘num_ways’ shadows a member of ‘LRUSetAssociativeCache<ptpMetaTableEntry>’ [-Wshadow]
   LRUSetAssociativeCache(int size, int num_ways, int debug_level = 0) : Super(size, num_ways, debug_level), lru(this->num_sets, vector<uint64_t>(num_ways)) {}
   ^~~~~~~~~~~~~~~~~~~~~~
/mnt/data/lyq/Kairos/inc/bakshalipour_framework.h:280:7: note: shadowed declaration is here
   int num_ways;
       ^~~~~~~~
/mnt/data/lyq/Kairos/inc/bakshalipour_framework.h:382:3: warning: declaration of ‘size’ shadows a member of ‘LRUSetAssociativeCache<ptpMetaTableEntry>’ [-Wshadow]
   LRUSetAssociativeCache(int size, int num_ways, int debug_level = 0) : Super(size, num_ways, debug_level), lru(this->num_sets, vector<uint64_t>(num_ways)) {}
   ^~~~~~~~~~~~~~~~~~~~~~
/mnt/data/lyq/Kairos/inc/bakshalipour_framework.h:279:7: note: shadowed declaration is here
   int size;
       ^~~~
In file included from prefetcher/resize/resize.h:16,
                 from prefetcher/resize/resize.cc:1:
/mnt/data/lyq/Kairos/inc/bakshalipour_framework.h: In instantiation of ‘SetAssociativeCache<T>::SetAssociativeCache(int, int, int) [with T = std::deque<long unsigned int>]’:
/mnt/data/lyq/Kairos/inc/bakshalipour_framework.h:382:155:   required from ‘LRUSetAssociativeCache<T>::LRUSetAssociativeCache(int, int, int) [with T = std::deque<long unsigned int>]’
prefetcher/resize/resize.h:100:137:   required from here
/mnt/data/lyq/Kairos/inc/bakshalipour_framework.h:147:3: warning: declaration of ‘debug_level’ shadows a member of ‘SetAssociativeCache<std::deque<long unsigned int> >’ [-Wshadow]
   SetAssociativeCache(int size, int num_ways, int debug_level = 0)
   ^~~~~~~~~~~~~~~~~~~
In file included from prefetcher/resize/resize.h:16,
                 from prefetcher/resize/resize.cc:1:
/mnt/data/lyq/Kairos/inc/bakshalipour_framework.h:285:21: note: shadowed declaration is here
   int debug_level = 0;
                     ^
In file included from prefetcher/resize/resize.h:16,
                 from prefetcher/resize/resize.cc:1:
/mnt/data/lyq/Kairos/inc/bakshalipour_framework.h:147:3: warning: declaration of ‘num_ways’ shadows a member of ‘SetAssociativeCache<std::deque<long unsigned int> >’ [-Wshadow]
   SetAssociativeCache(int size, int num_ways, int debug_level = 0)
   ^~~~~~~~~~~~~~~~~~~
In file included from prefetcher/resize/resize.h:16,
                 from prefetcher/resize/resize.cc:1:
/mnt/data/lyq/Kairos/inc/bakshalipour_framework.h:280:7: note: shadowed declaration is here
   int num_ways;
       ^~~~~~~~
In file included from prefetcher/resize/resize.h:16,
                 from prefetcher/resize/resize.cc:1:
/mnt/data/lyq/Kairos/inc/bakshalipour_framework.h:147:3: warning: declaration of ‘size’ shadows a member of ‘SetAssociativeCache<std::deque<long unsigned int> >’ [-Wshadow]
   SetAssociativeCache(int size, int num_ways, int debug_level = 0)
   ^~~~~~~~~~~~~~~~~~~
In file included from prefetcher/resize/resize.h:16,
                 from prefetcher/resize/resize.cc:1:
/mnt/data/lyq/Kairos/inc/bakshalipour_framework.h:279:7: note: shadowed declaration is here
   int size;
       ^~~~
In file included from prefetcher/conftp/conftp.h:16,
                 from prefetcher/conftp/conftp.cc:1:
/mnt/data/lyq/Kairos/inc/bakshalipour_framework.h: In instantiation of ‘SetAssociativeCache<T>::SetAssociativeCache(int, int, int) [with T = long unsigned int]’:
/mnt/data/lyq/Kairos/inc/bakshalipour_framework.h:545:158:   required from ‘SRRIPSetAssociativeCache<T>::SRRIPSetAssociativeCache(int, int, int) [with T = long unsigned int]’
prefetcher/conftp/conftp.h:99:135:   required from here
/mnt/data/lyq/Kairos/inc/bakshalipour_framework.h:147:3: warning: declaration of ‘debug_level’ shadows a member of ‘SetAssociativeCache<long unsigned int>’ [-Wshadow]
   SetAssociativeCache(int size, int num_ways, int debug_level = 0)
   ^~~~~~~~~~~~~~~~~~~
In file included from prefetcher/conftp/conftp.h:16,
                 from prefetcher/conftp/conftp.cc:1:
/mnt/data/lyq/Kairos/inc/bakshalipour_framework.h:285:21: note: shadowed declaration is here
   int debug_level = 0;
                     ^
In file included from prefetcher/conftp/conftp.h:16,
                 from prefetcher/conftp/conftp.cc:1:
/mnt/data/lyq/Kairos/inc/bakshalipour_framework.h:147:3: warning: declaration of ‘num_ways’ shadows a member of ‘SetAssociativeCache<long unsigned int>’ [-Wshadow]
   SetAssociativeCache(int size, int num_ways, int debug_level = 0)
   ^~~~~~~~~~~~~~~~~~~
In file included from prefetcher/conftp/conftp.h:16,
                 from prefetcher/conftp/conftp.cc:1:
/mnt/data/lyq/Kairos/inc/bakshalipour_framework.h:280:7: note: shadowed declaration is here
   int num_ways;
       ^~~~~~~~
In file included from prefetcher/conftp/conftp.h:16,
                 from prefetcher/conftp/conftp.cc:1:
/mnt/data/lyq/Kairos/inc/bakshalipour_framework.h:147:3: warning: declaration of ‘size’ shadows a member of ‘SetAssociativeCache<long unsigned int>’ [-Wshadow]
   SetAssociativeCache(int size, int num_ways, int debug_level = 0)
   ^~~~~~~~~~~~~~~~~~~
In file included from prefetcher/conftp/conftp.h:16,
                 from prefetcher/conftp/conftp.cc:1:
/mnt/data/lyq/Kairos/inc/bakshalipour_framework.h:279:7: note: shadowed declaration is here
   int size;
       ^~~~
In file included from prefetcher/triangel/triangel.cc:1:
prefetcher/triangel/triangel.h: In instantiation of ‘Cacheway<T>::Cacheway(int, ReplacementPolicy, const string&) [with T = TrainingUnitEntry; std::__cxx11::string = std::__cxx11::basic_string<char>]’:
prefetcher/triangel/triangel.h:481:23:   required from ‘AssociativeCache<T>::AssociativeCache(uint64_t, int, ReplacementPolicy, const string&) [with T = TrainingUnitEntry; uint64_t = long unsigned int; std::__cxx11::string = std::__cxx11::basic_string<char>]’
prefetcher/triangel/triangel.h:897:136:   required from here
prefetcher/triangel/triangel.h:127:3: warning: declaration of ‘owner’ shadows a member of ‘Cacheway<TrainingUnitEntry>’ [-Wshadow]
   Cacheway(int capacity, ReplacementPolicy policy = LRU, const std::string& owner = "unknown") : count(0), capacity(capacity), policy(policy), owner(owner)
   ^~~~~~~~
prefetcher/triangel/triangel.h:120:15: note: shadowed declaration is here
   std::string owner;
               ^~~~~
prefetcher/triangel/triangel.h:127:3: warning: declaration of ‘policy’ shadows a member of ‘Cacheway<TrainingUnitEntry>’ [-Wshadow]
   Cacheway(int capacity, ReplacementPolicy policy = LRU, const std::string& owner = "unknown") : count(0), capacity(capacity), policy(policy), owner(owner)
   ^~~~~~~~
prefetcher/triangel/triangel.h:118:21: note: shadowed declaration is here
   ReplacementPolicy policy;
                     ^~~~~~
prefetcher/triangel/triangel.h:127:3: warning: declaration of ‘capacity’ shadows a member of ‘Cacheway<TrainingUnitEntry>’ [-Wshadow]
   Cacheway(int capacity, ReplacementPolicy policy = LRU, const std::string& owner = "unknown") : count(0), capacity(capacity), policy(policy), owner(owner)
   ^~~~~~~~
prefetcher/triangel/triangel.h:116:7: note: shadowed declaration is here
   int capacity;
       ^~~~~~~~
In file included from prefetcher/srtp/srtp.h:16,
                 from prefetcher/srtp/srtp.cc:1:
/mnt/data/lyq/Kairos/inc/bakshalipour_framework.h: In instantiation of ‘SetAssociativeCache<T>::SetAssociativeCache(int, int, int) [with T = srtpMetaTableEntry]’:
/mnt/data/lyq/Kairos/inc/bakshalipour_framework.h:545:158:   required from ‘SRRIPSetAssociativeCache<T>::SRRIPSetAssociativeCache(int, int, int) [with T = srtpMetaTableEntry]’
prefetcher/srtp/srtp.h:49:84:   required from here
/mnt/data/lyq/Kairos/inc/bakshalipour_framework.h:147:3: warning: declaration of ‘debug_level’ shadows a member of ‘SetAssociativeCache<srtpMetaTableEntry>’ [-Wshadow]
   SetAssociativeCache(int size, int num_ways, int debug_level = 0)
   ^~~~~~~~~~~~~~~~~~~
In file included from prefetcher/srtp/srtp.h:16,
                 from prefetcher/srtp/srtp.cc:1:
/mnt/data/lyq/Kairos/inc/bakshalipour_framework.h:285:21: note: shadowed declaration is here
   int debug_level = 0;
                     ^
In file included from prefetcher/srtp/srtp.h:16,
                 from prefetcher/srtp/srtp.cc:1:
/mnt/data/lyq/Kairos/inc/bakshalipour_framework.h:147:3: warning: declaration of ‘num_ways’ shadows a member of ‘SetAssociativeCache<srtpMetaTableEntry>’ [-Wshadow]
   SetAssociativeCache(int size, int num_ways, int debug_level = 0)
   ^~~~~~~~~~~~~~~~~~~
In file included from prefetcher/srtp/srtp.h:16,
                 from prefetcher/srtp/srtp.cc:1:
/mnt/data/lyq/Kairos/inc/bakshalipour_framework.h:280:7: note: shadowed declaration is here
   int num_ways;
       ^~~~~~~~
In file included from prefetcher/srtp/srtp.h:16,
                 from prefetcher/srtp/srtp.cc:1:
/mnt/data/lyq/Kairos/inc/bakshalipour_framework.h:147:3: warning: declaration of ‘size’ shadows a member of ‘SetAssociativeCache<srtpMetaTableEntry>’ [-Wshadow]
   SetAssociativeCache(int size, int num_ways, int debug_level = 0)
   ^~~~~~~~~~~~~~~~~~~
In file included from prefetcher/srtp/srtp.h:16,
                 from prefetcher/srtp/srtp.cc:1:
/mnt/data/lyq/Kairos/inc/bakshalipour_framework.h:279:7: note: shadowed declaration is here
   int size;
       ^~~~
prefetcher/triangel/triangel.h: In instantiation of ‘Cacheway<T>::Cacheway(int, ReplacementPolicy, const string&) [with T = HistorySamplerEntry; std::__cxx11::string = std::__cxx11::basic_string<char>]’:
prefetcher/triangel/triangel.h:481:23:   required from ‘AssociativeCache<T>::AssociativeCache(uint64_t, int, ReplacementPolicy, const string&) [with T = HistorySamplerEntry; uint64_t = long unsigned int; std::__cxx11::string = std::__cxx11::basic_string<char>]’
prefetcher/triangel/triangel.h:898:140:   required from here
prefetcher/triangel/triangel.h:127:3: warning: declaration of ‘owner’ shadows a member of ‘Cacheway<HistorySamplerEntry>’ [-Wshadow]
   Cacheway(int capacity, ReplacementPolicy policy = LRU, const std::string& owner = "unknown") : count(0), capacity(capacity), policy(policy), owner(owner)
   ^~~~~~~~
prefetcher/triangel/triangel.h:120:15: note: shadowed declaration is here
   std::string owner;
               ^~~~~
prefetcher/triangel/triangel.h:127:3: warning: declaration of ‘policy’ shadows a member of ‘Cacheway<HistorySamplerEntry>’ [-Wshadow]
   Cacheway(int capacity, ReplacementPolicy policy = LRU, const std::string& owner = "unknown") : count(0), capacity(capacity), policy(policy), owner(owner)
   ^~~~~~~~
prefetcher/triangel/triangel.h:118:21: note: shadowed declaration is here
   ReplacementPolicy policy;
                     ^~~~~~
prefetcher/triangel/triangel.h:127:3: warning: declaration of ‘capacity’ shadows a member of ‘Cacheway<HistorySamplerEntry>’ [-Wshadow]
   Cacheway(int capacity, ReplacementPolicy policy = LRU, const std::string& owner = "unknown") : count(0), capacity(capacity), policy(policy), owner(owner)
   ^~~~~~~~
prefetcher/triangel/triangel.h:116:7: note: shadowed declaration is here
   int capacity;
       ^~~~~~~~
/mnt/data/lyq/Kairos/inc/bakshalipour_framework.h: In instantiation of ‘LRUSetAssociativeCache<T>::LRUSetAssociativeCache(int, int, int) [with T = ptpMRBTableEntry]’:
prefetcher/ptp/ptp.h:165:61:   required from here
/mnt/data/lyq/Kairos/inc/bakshalipour_framework.h:382:3: warning: declaration of ‘debug_level’ shadows a member of ‘LRUSetAssociativeCache<ptpMRBTableEntry>’ [-Wshadow]
   LRUSetAssociativeCache(int size, int num_ways, int debug_level = 0) : Super(size, num_ways, debug_level), lru(this->num_sets, vector<uint64_t>(num_ways)) {}
   ^~~~~~~~~~~~~~~~~~~~~~
/mnt/data/lyq/Kairos/inc/bakshalipour_framework.h:285:21: note: shadowed declaration is here
   int debug_level = 0;
                     ^
/mnt/data/lyq/Kairos/inc/bakshalipour_framework.h:382:3: warning: declaration of ‘num_ways’ shadows a member of ‘LRUSetAssociativeCache<ptpMRBTableEntry>’ [-Wshadow]
   LRUSetAssociativeCache(int size, int num_ways, int debug_level = 0) : Super(size, num_ways, debug_level), lru(this->num_sets, vector<uint64_t>(num_ways)) {}
   ^~~~~~~~~~~~~~~~~~~~~~
/mnt/data/lyq/Kairos/inc/bakshalipour_framework.h:280:7: note: shadowed declaration is here
   int num_ways;
       ^~~~~~~~
/mnt/data/lyq/Kairos/inc/bakshalipour_framework.h:382:3: warning: declaration of ‘size’ shadows a member of ‘LRUSetAssociativeCache<ptpMRBTableEntry>’ [-Wshadow]
   LRUSetAssociativeCache(int size, int num_ways, int debug_level = 0) : Super(size, num_ways, debug_level), lru(this->num_sets, vector<uint64_t>(num_ways)) {}
   ^~~~~~~~~~~~~~~~~~~~~~
/mnt/data/lyq/Kairos/inc/bakshalipour_framework.h:279:7: note: shadowed declaration is here
   int size;
       ^~~~
In file included from prefetcher/srtp/srtp.h:16,
                 from prefetcher/srtp/srtp.cc:1:
/mnt/data/lyq/Kairos/inc/bakshalipour_framework.h: In instantiation of ‘SetAssociativeCache<T>::SetAssociativeCache(int, int, int) [with T = std::deque<long unsigned int>]’:
/mnt/data/lyq/Kairos/inc/bakshalipour_framework.h:382:155:   required from ‘LRUSetAssociativeCache<T>::LRUSetAssociativeCache(int, int, int) [with T = std::deque<long unsigned int>]’
prefetcher/srtp/srtp.h:93:137:   required from here
/mnt/data/lyq/Kairos/inc/bakshalipour_framework.h:147:3: warning: declaration of ‘debug_level’ shadows a member of ‘SetAssociativeCache<std::deque<long unsigned int> >’ [-Wshadow]
   SetAssociativeCache(int size, int num_ways, int debug_level = 0)
   ^~~~~~~~~~~~~~~~~~~
In file included from prefetcher/srtp/srtp.h:16,
                 from prefetcher/srtp/srtp.cc:1:
/mnt/data/lyq/Kairos/inc/bakshalipour_framework.h:285:21: note: shadowed declaration is here
   int debug_level = 0;
                     ^
In file included from prefetcher/srtp/srtp.h:16,
                 from prefetcher/srtp/srtp.cc:1:
/mnt/data/lyq/Kairos/inc/bakshalipour_framework.h:147:3: warning: declaration of ‘num_ways’ shadows a member of ‘SetAssociativeCache<std::deque<long unsigned int> >’ [-Wshadow]
   SetAssociativeCache(int size, int num_ways, int debug_level = 0)
   ^~~~~~~~~~~~~~~~~~~
In file included from prefetcher/srtp/srtp.h:16,
                 from prefetcher/srtp/srtp.cc:1:
/mnt/data/lyq/Kairos/inc/bakshalipour_framework.h:280:7: note: shadowed declaration is here
   int num_ways;
       ^~~~~~~~
In file included from prefetcher/srtp/srtp.h:16,
                 from prefetcher/srtp/srtp.cc:1:
/mnt/data/lyq/Kairos/inc/bakshalipour_framework.h:147:3: warning: declaration of ‘size’ shadows a member of ‘SetAssociativeCache<std::deque<long unsigned int> >’ [-Wshadow]
   SetAssociativeCache(int size, int num_ways, int debug_level = 0)
   ^~~~~~~~~~~~~~~~~~~
In file included from prefetcher/srtp/srtp.h:16,
                 from prefetcher/srtp/srtp.cc:1:
/mnt/data/lyq/Kairos/inc/bakshalipour_framework.h:279:7: note: shadowed declaration is here
   int size;
       ^~~~
In file included from prefetcher/lfutp/lfutp.h:16,
                 from prefetcher/lfutp/lfutp.cc:1:
/mnt/data/lyq/Kairos/inc/bakshalipour_framework.h: In instantiation of ‘SetAssociativeCache<T>::SetAssociativeCache(int, int, int) [with T = lfutpMetaTableEntry]’:
/mnt/data/lyq/Kairos/inc/bakshalipour_framework.h:314:114:   required from ‘LFUSetAssociativeCache<T>::LFUSetAssociativeCache(int, int, int) [with T = lfutpMetaTableEntry]’
prefetcher/lfutp/lfutp.h:49:85:   required from here
/mnt/data/lyq/Kairos/inc/bakshalipour_framework.h:147:3: warning: declaration of ‘debug_level’ shadows a member of ‘SetAssociativeCache<lfutpMetaTableEntry>’ [-Wshadow]
   SetAssociativeCache(int size, int num_ways, int debug_level = 0)
   ^~~~~~~~~~~~~~~~~~~
In file included from prefetcher/lfutp/lfutp.h:16,
                 from prefetcher/lfutp/lfutp.cc:1:
/mnt/data/lyq/Kairos/inc/bakshalipour_framework.h:285:21: note: shadowed declaration is here
   int debug_level = 0;
                     ^
In file included from prefetcher/lfutp/lfutp.h:16,
                 from prefetcher/lfutp/lfutp.cc:1:
/mnt/data/lyq/Kairos/inc/bakshalipour_framework.h:147:3: warning: declaration of ‘num_ways’ shadows a member of ‘SetAssociativeCache<lfutpMetaTableEntry>’ [-Wshadow]
   SetAssociativeCache(int size, int num_ways, int debug_level = 0)
   ^~~~~~~~~~~~~~~~~~~
In file included from prefetcher/lfutp/lfutp.h:16,
                 from prefetcher/lfutp/lfutp.cc:1:
/mnt/data/lyq/Kairos/inc/bakshalipour_framework.h:280:7: note: shadowed declaration is here
   int num_ways;
       ^~~~~~~~
In file included from prefetcher/lfutp/lfutp.h:16,
                 from prefetcher/lfutp/lfutp.cc:1:
/mnt/data/lyq/Kairos/inc/bakshalipour_framework.h:147:3: warning: declaration of ‘size’ shadows a member of ‘SetAssociativeCache<lfutpMetaTableEntry>’ [-Wshadow]
   SetAssociativeCache(int size, int num_ways, int debug_level = 0)
   ^~~~~~~~~~~~~~~~~~~
In file included from prefetcher/lfutp/lfutp.h:16,
                 from prefetcher/lfutp/lfutp.cc:1:
/mnt/data/lyq/Kairos/inc/bakshalipour_framework.h:279:7: note: shadowed declaration is here
   int size;
       ^~~~
/mnt/data/lyq/Kairos/inc/bakshalipour_framework.h: In instantiation of ‘SRRIPSetAssociativeCache<T>::SRRIPSetAssociativeCache(int, int, int) [with T = PCMetaEntry]’:
prefetcher/ptp/ptp.h:268:137:   required from here
/mnt/data/lyq/Kairos/inc/bakshalipour_framework.h:545:3: warning: declaration of ‘debug_level’ shadows a member of ‘SRRIPSetAssociativeCache<PCMetaEntry>’ [-Wshadow]
   SRRIPSetAssociativeCache(int size, int num_ways, int debug_level = 0) : Super(size, num_ways, debug_level), rrpv(this->num_sets, vector<uint64_t>(num_ways))
   ^~~~~~~~~~~~~~~~~~~~~~~~
/mnt/data/lyq/Kairos/inc/bakshalipour_framework.h:285:21: note: shadowed declaration is here
   int debug_level = 0;
                     ^
/mnt/data/lyq/Kairos/inc/bakshalipour_framework.h:545:3: warning: declaration of ‘num_ways’ shadows a member of ‘SRRIPSetAssociativeCache<PCMetaEntry>’ [-Wshadow]
   SRRIPSetAssociativeCache(int size, int num_ways, int debug_level = 0) : Super(size, num_ways, debug_level), rrpv(this->num_sets, vector<uint64_t>(num_ways))
   ^~~~~~~~~~~~~~~~~~~~~~~~
/mnt/data/lyq/Kairos/inc/bakshalipour_framework.h:280:7: note: shadowed declaration is here
   int num_ways;
       ^~~~~~~~
/mnt/data/lyq/Kairos/inc/bakshalipour_framework.h:545:3: warning: declaration of ‘size’ shadows a member of ‘SRRIPSetAssociativeCache<PCMetaEntry>’ [-Wshadow]
   SRRIPSetAssociativeCache(int size, int num_ways, int debug_level = 0) : Super(size, num_ways, debug_level), rrpv(this->num_sets, vector<uint64_t>(num_ways))
   ^~~~~~~~~~~~~~~~~~~~~~~~
/mnt/data/lyq/Kairos/inc/bakshalipour_framework.h:279:7: note: shadowed declaration is here
   int size;
       ^~~~
prefetcher/triangel/triangel.h: In instantiation of ‘Cacheway<T>::Cacheway(int, ReplacementPolicy, const string&) [with T = SecondChanceSamplerEntry; std::__cxx11::string = std::__cxx11::basic_string<char>]’:
prefetcher/triangel/triangel.h:481:23:   required from ‘AssociativeCache<T>::AssociativeCache(uint64_t, int, ReplacementPolicy, const string&) [with T = SecondChanceSamplerEntry; uint64_t = long unsigned int; std::__cxx11::string = std::__cxx11::basic_string<char>]’
prefetcher/triangel/triangel.h:899:151:   required from here
prefetcher/triangel/triangel.h:127:3: warning: declaration of ‘owner’ shadows a member of ‘Cacheway<SecondChanceSamplerEntry>’ [-Wshadow]
   Cacheway(int capacity, ReplacementPolicy policy = LRU, const std::string& owner = "unknown") : count(0), capacity(capacity), policy(policy), owner(owner)
   ^~~~~~~~
prefetcher/triangel/triangel.h:120:15: note: shadowed declaration is here
   std::string owner;
               ^~~~~
prefetcher/triangel/triangel.h:127:3: warning: declaration of ‘policy’ shadows a member of ‘Cacheway<SecondChanceSamplerEntry>’ [-Wshadow]
   Cacheway(int capacity, ReplacementPolicy policy = LRU, const std::string& owner = "unknown") : count(0), capacity(capacity), policy(policy), owner(owner)
   ^~~~~~~~
prefetcher/triangel/triangel.h:118:21: note: shadowed declaration is here
   ReplacementPolicy policy;
                     ^~~~~~
prefetcher/triangel/triangel.h:127:3: warning: declaration of ‘capacity’ shadows a member of ‘Cacheway<SecondChanceSamplerEntry>’ [-Wshadow]
   Cacheway(int capacity, ReplacementPolicy policy = LRU, const std::string& owner = "unknown") : count(0), capacity(capacity), policy(policy), owner(owner)
   ^~~~~~~~
prefetcher/triangel/triangel.h:116:7: note: shadowed declaration is here
   int capacity;
       ^~~~~~~~
prefetcher/resize_tr/../triangel/triangel.h: In instantiation of ‘AssociativeCache<T>::AssociativeCache(uint64_t, int, ReplacementPolicy, const string&) [with T = HistorySamplerEntry; uint64_t = long unsigned int; std::__cxx11::string = std::__cxx11::basic_string<char>]’:
prefetcher/resize_tr/../triangel/triangel.h:898:140:   required from here
prefetcher/resize_tr/../triangel/triangel.h:477:3: warning: declaration of ‘ways’ shadows a member of ‘AssociativeCache<HistorySamplerEntry>’ [-Wshadow]
   AssociativeCache(uint64_t sets, int ways, ReplacementPolicy policy, const std::string& owner = "unknown") : count(0), set_mask(sets - 1), ways(ways)
   ^~~~~~~~~~~~~~~~
prefetcher/resize_tr/../triangel/triangel.h:474:12: note: shadowed declaration is here
   uint64_t ways;
            ^~~~
In file included from prefetcher/resize_pr/resize_pr.h:16,
                 from prefetcher/resize_pr/resize_pr.cc:1:
/mnt/data/lyq/Kairos/inc/bakshalipour_framework.h: In instantiation of ‘SetAssociativeCache<T>::SetAssociativeCache(int, int, int) [with T = resize_prMetaTableEntry]’:
/mnt/data/lyq/Kairos/inc/bakshalipour_framework.h:545:158:   required from ‘SRRIPSetAssociativeCache<T>::SRRIPSetAssociativeCache(int, int, int) [with T = resize_prMetaTableEntry]’
prefetcher/resize_pr/resize_pr.h:50:89:   required from here
/mnt/data/lyq/Kairos/inc/bakshalipour_framework.h:147:3: warning: declaration of ‘debug_level’ shadows a member of ‘SetAssociativeCache<resize_prMetaTableEntry>’ [-Wshadow]
   SetAssociativeCache(int size, int num_ways, int debug_level = 0)
   ^~~~~~~~~~~~~~~~~~~
In file included from prefetcher/resize_pr/resize_pr.h:16,
                 from prefetcher/resize_pr/resize_pr.cc:1:
/mnt/data/lyq/Kairos/inc/bakshalipour_framework.h:285:21: note: shadowed declaration is here
   int debug_level = 0;
                     ^
In file included from prefetcher/resize_pr/resize_pr.h:16,
                 from prefetcher/resize_pr/resize_pr.cc:1:
/mnt/data/lyq/Kairos/inc/bakshalipour_framework.h:147:3: warning: declaration of ‘num_ways’ shadows a member of ‘SetAssociativeCache<resize_prMetaTableEntry>’ [-Wshadow]
   SetAssociativeCache(int size, int num_ways, int debug_level = 0)
   ^~~~~~~~~~~~~~~~~~~
In file included from prefetcher/resize_pr/resize_pr.h:16,
                 from prefetcher/resize_pr/resize_pr.cc:1:
/mnt/data/lyq/Kairos/inc/bakshalipour_framework.h:280:7: note: shadowed declaration is here
   int num_ways;
       ^~~~~~~~
In file included from prefetcher/lfutp/lfutp.h:16,
                 from prefetcher/lfutp/lfutp.cc:1:
/mnt/data/lyq/Kairos/inc/bakshalipour_framework.h: In instantiation of ‘SetAssociativeCache<T>::SetAssociativeCache(int, int, int) [with T = std::deque<long unsigned int>]’:
/mnt/data/lyq/Kairos/inc/bakshalipour_framework.h:382:155:   required from ‘LRUSetAssociativeCache<T>::LRUSetAssociativeCache(int, int, int) [with T = std::deque<long unsigned int>]’
prefetcher/lfutp/lfutp.h:93:137:   required from here
/mnt/data/lyq/Kairos/inc/bakshalipour_framework.h:147:3: warning: declaration of ‘debug_level’ shadows a member of ‘SetAssociativeCache<std::deque<long unsigned int> >’ [-Wshadow]
   SetAssociativeCache(int size, int num_ways, int debug_level = 0)
   ^~~~~~~~~~~~~~~~~~~
In file included from prefetcher/resize_pr/resize_pr.h:16,
                 from prefetcher/resize_pr/resize_pr.cc:1:
/mnt/data/lyq/Kairos/inc/bakshalipour_framework.h:147:3: warning: declaration of ‘size’ shadows a member of ‘SetAssociativeCache<resize_prMetaTableEntry>’ [-Wshadow]
   SetAssociativeCache(int size, int num_ways, int debug_level = 0)
   ^~~~~~~~~~~~~~~~~~~
In file included from prefetcher/resize_pr/resize_pr.h:16,
                 from prefetcher/resize_pr/resize_pr.cc:1:
/mnt/data/lyq/Kairos/inc/bakshalipour_framework.h:279:7: note: shadowed declaration is here
   int size;
       ^~~~
In file included from prefetcher/lfutp/lfutp.h:16,
                 from prefetcher/lfutp/lfutp.cc:1:
/mnt/data/lyq/Kairos/inc/bakshalipour_framework.h:285:21: note: shadowed declaration is here
   int debug_level = 0;
                     ^
In file included from prefetcher/lfutp/lfutp.h:16,
                 from prefetcher/lfutp/lfutp.cc:1:
/mnt/data/lyq/Kairos/inc/bakshalipour_framework.h:147:3: warning: declaration of ‘num_ways’ shadows a member of ‘SetAssociativeCache<std::deque<long unsigned int> >’ [-Wshadow]
   SetAssociativeCache(int size, int num_ways, int debug_level = 0)
   ^~~~~~~~~~~~~~~~~~~
In file included from prefetcher/lfutp/lfutp.h:16,
                 from prefetcher/lfutp/lfutp.cc:1:
/mnt/data/lyq/Kairos/inc/bakshalipour_framework.h:280:7: note: shadowed declaration is here
   int num_ways;
       ^~~~~~~~
In file included from prefetcher/lfutp/lfutp.h:16,
                 from prefetcher/lfutp/lfutp.cc:1:
/mnt/data/lyq/Kairos/inc/bakshalipour_framework.h:147:3: warning: declaration of ‘size’ shadows a member of ‘SetAssociativeCache<std::deque<long unsigned int> >’ [-Wshadow]
   SetAssociativeCache(int size, int num_ways, int debug_level = 0)
   ^~~~~~~~~~~~~~~~~~~
In file included from prefetcher/lfutp/lfutp.h:16,
                 from prefetcher/lfutp/lfutp.cc:1:
/mnt/data/lyq/Kairos/inc/bakshalipour_framework.h:279:7: note: shadowed declaration is here
   int size;
       ^~~~
In file included from prefetcher/shtp/shtp.h:16,
                 from prefetcher/shtp/shtp.cc:1:
/mnt/data/lyq/Kairos/inc/bakshalipour_framework.h: In instantiation of ‘SetAssociativeCache<T>::SetAssociativeCache(int, int, int) [with T = shtpMetaTableEntry]’:
/mnt/data/lyq/Kairos/inc/bakshalipour_framework.h:417:23:   required from ‘SHIPSetAssociativeCache<T>::SHIPSetAssociativeCache(int, int, int) [with T = shtpMetaTableEntry]’
prefetcher/shtp/shtp.h:49:84:   required from here
/mnt/data/lyq/Kairos/inc/bakshalipour_framework.h:147:3: warning: declaration of ‘debug_level’ shadows a member of ‘SetAssociativeCache<shtpMetaTableEntry>’ [-Wshadow]
   SetAssociativeCache(int size, int num_ways, int debug_level = 0)
   ^~~~~~~~~~~~~~~~~~~
In file included from prefetcher/shtp/shtp.h:16,
                 from prefetcher/shtp/shtp.cc:1:
/mnt/data/lyq/Kairos/inc/bakshalipour_framework.h:285:21: note: shadowed declaration is here
   int debug_level = 0;
                     ^
In file included from prefetcher/shtp/shtp.h:16,
                 from prefetcher/shtp/shtp.cc:1:
/mnt/data/lyq/Kairos/inc/bakshalipour_framework.h:147:3: warning: declaration of ‘num_ways’ shadows a member of ‘SetAssociativeCache<shtpMetaTableEntry>’ [-Wshadow]
   SetAssociativeCache(int size, int num_ways, int debug_level = 0)
   ^~~~~~~~~~~~~~~~~~~
In file included from prefetcher/shtp/shtp.h:16,
                 from prefetcher/shtp/shtp.cc:1:
/mnt/data/lyq/Kairos/inc/bakshalipour_framework.h:280:7: note: shadowed declaration is here
   int num_ways;
       ^~~~~~~~
In file included from prefetcher/shtp/shtp.h:16,
                 from prefetcher/shtp/shtp.cc:1:
/mnt/data/lyq/Kairos/inc/bakshalipour_framework.h:147:3: warning: declaration of ‘size’ shadows a member of ‘SetAssociativeCache<shtpMetaTableEntry>’ [-Wshadow]
   SetAssociativeCache(int size, int num_ways, int debug_level = 0)
   ^~~~~~~~~~~~~~~~~~~
In file included from prefetcher/shtp/shtp.h:16,
                 from prefetcher/shtp/shtp.cc:1:
/mnt/data/lyq/Kairos/inc/bakshalipour_framework.h:279:7: note: shadowed declaration is here
   int size;
       ^~~~
prefetcher/triangel/triangel.h: In instantiation of ‘Cacheway<T>::Cacheway(int, ReplacementPolicy, const string&) [with T = MetadataEntry; std::__cxx11::string = std::__cxx11::basic_string<char>]’:
prefetcher/triangel/triangel.h:481:23:   required from ‘AssociativeCache<T>::AssociativeCache(uint64_t, int, ReplacementPolicy, const string&) [with T = MetadataEntry; uint64_t = long unsigned int; std::__cxx11::string = std::__cxx11::basic_string<char>]’
prefetcher/triangel/triangel.h:900:129:   required from here
prefetcher/triangel/triangel.h:127:3: warning: declaration of ‘owner’ shadows a member of ‘Cacheway<MetadataEntry>’ [-Wshadow]
   Cacheway(int capacity, ReplacementPolicy policy = LRU, const std::string& owner = "unknown") : count(0), capacity(capacity), policy(policy), owner(owner)
   ^~~~~~~~
prefetcher/triangel/triangel.h:120:15: note: shadowed declaration is here
   std::string owner;
               ^~~~~
prefetcher/triangel/triangel.h:127:3: warning: declaration of ‘policy’ shadows a member of ‘Cacheway<MetadataEntry>’ [-Wshadow]
   Cacheway(int capacity, ReplacementPolicy policy = LRU, const std::string& owner = "unknown") : count(0), capacity(capacity), policy(policy), owner(owner)
   ^~~~~~~~
prefetcher/triangel/triangel.h:118:21: note: shadowed declaration is here
   ReplacementPolicy policy;
                     ^~~~~~
prefetcher/triangel/triangel.h:127:3: warning: declaration of ‘capacity’ shadows a member of ‘Cacheway<MetadataEntry>’ [-Wshadow]
   Cacheway(int capacity, ReplacementPolicy policy = LRU, const std::string& owner = "unknown") : count(0), capacity(capacity), policy(policy), owner(owner)
   ^~~~~~~~
prefetcher/triangel/triangel.h:116:7: note: shadowed declaration is here
   int capacity;
       ^~~~~~~~
In file included from prefetcher/resize_pr/resize_pr.h:16,
                 from prefetcher/resize_pr/resize_pr.cc:1:
/mnt/data/lyq/Kairos/inc/bakshalipour_framework.h: In instantiation of ‘SetAssociativeCache<T>::SetAssociativeCache(int, int, int) [with T = std::deque<long unsigned int>]’:
/mnt/data/lyq/Kairos/inc/bakshalipour_framework.h:382:155:   required from ‘LRUSetAssociativeCache<T>::LRUSetAssociativeCache(int, int, int) [with T = std::deque<long unsigned int>]’
prefetcher/resize_pr/resize_pr.h:95:137:   required from here
/mnt/data/lyq/Kairos/inc/bakshalipour_framework.h:147:3: warning: declaration of ‘debug_level’ shadows a member of ‘SetAssociativeCache<std::deque<long unsigned int> >’ [-Wshadow]
   SetAssociativeCache(int size, int num_ways, int debug_level = 0)
   ^~~~~~~~~~~~~~~~~~~
In file included from prefetcher/earlytp/earlytp.h:16,
                 from prefetcher/earlytp/earlytp.cc:1:
/mnt/data/lyq/Kairos/inc/bakshalipour_framework.h: In instantiation of ‘SetAssociativeCache<T>::SetAssociativeCache(int, int, int) [with T = earlytpMetaTableEntry]’:
/mnt/data/lyq/Kairos/inc/bakshalipour_framework.h:382:155:   required from ‘LRUSetAssociativeCache<T>::LRUSetAssociativeCache(int, int, int) [with T = earlytpMetaTableEntry]’
prefetcher/earlytp/earlytp.h:54:87:   required from here
/mnt/data/lyq/Kairos/inc/bakshalipour_framework.h:147:3: warning: declaration of ‘debug_level’ shadows a member of ‘SetAssociativeCache<earlytpMetaTableEntry>’ [-Wshadow]
   SetAssociativeCache(int size, int num_ways, int debug_level = 0)
   ^~~~~~~~~~~~~~~~~~~
In file included from prefetcher/resize_pr/resize_pr.h:16,
                 from prefetcher/resize_pr/resize_pr.cc:1:
/mnt/data/lyq/Kairos/inc/bakshalipour_framework.h:285:21: note: shadowed declaration is here
   int debug_level = 0;
                     ^
In file included from prefetcher/resize_pr/resize_pr.h:16,
                 from prefetcher/resize_pr/resize_pr.cc:1:
/mnt/data/lyq/Kairos/inc/bakshalipour_framework.h:147:3: warning: declaration of ‘num_ways’ shadows a member of ‘SetAssociativeCache<std::deque<long unsigned int> >’ [-Wshadow]
   SetAssociativeCache(int size, int num_ways, int debug_level = 0)
   ^~~~~~~~~~~~~~~~~~~
In file included from prefetcher/earlytp/earlytp.h:16,
                 from prefetcher/earlytp/earlytp.cc:1:
/mnt/data/lyq/Kairos/inc/bakshalipour_framework.h:285:21: note: shadowed declaration is here
   int debug_level = 0;
                     ^
In file included from prefetcher/resize_pr/resize_pr.h:16,
                 from prefetcher/resize_pr/resize_pr.cc:1:
/mnt/data/lyq/Kairos/inc/bakshalipour_framework.h:280:7: note: shadowed declaration is here
   int num_ways;
       ^~~~~~~~
In file included from prefetcher/earlytp/earlytp.h:16,
                 from prefetcher/earlytp/earlytp.cc:1:
/mnt/data/lyq/Kairos/inc/bakshalipour_framework.h:147:3: warning: declaration of ‘num_ways’ shadows a member of ‘SetAssociativeCache<earlytpMetaTableEntry>’ [-Wshadow]
   SetAssociativeCache(int size, int num_ways, int debug_level = 0)
   ^~~~~~~~~~~~~~~~~~~
In file included from prefetcher/resize_pr/resize_pr.h:16,
                 from prefetcher/resize_pr/resize_pr.cc:1:
/mnt/data/lyq/Kairos/inc/bakshalipour_framework.h:147:3: warning: declaration of ‘size’ shadows a member of ‘SetAssociativeCache<std::deque<long unsigned int> >’ [-Wshadow]
   SetAssociativeCache(int size, int num_ways, int debug_level = 0)
   ^~~~~~~~~~~~~~~~~~~
In file included from prefetcher/earlytp/earlytp.h:16,
                 from prefetcher/earlytp/earlytp.cc:1:
/mnt/data/lyq/Kairos/inc/bakshalipour_framework.h:280:7: note: shadowed declaration is here
   int num_ways;
       ^~~~~~~~
In file included from prefetcher/resize_pr/resize_pr.h:16,
                 from prefetcher/resize_pr/resize_pr.cc:1:
/mnt/data/lyq/Kairos/inc/bakshalipour_framework.h:279:7: note: shadowed declaration is here
   int size;
       ^~~~
In file included from prefetcher/earlytp/earlytp.h:16,
                 from prefetcher/earlytp/earlytp.cc:1:
/mnt/data/lyq/Kairos/inc/bakshalipour_framework.h:147:3: warning: declaration of ‘size’ shadows a member of ‘SetAssociativeCache<earlytpMetaTableEntry>’ [-Wshadow]
   SetAssociativeCache(int size, int num_ways, int debug_level = 0)
   ^~~~~~~~~~~~~~~~~~~
In file included from prefetcher/earlytp/earlytp.h:16,
                 from prefetcher/earlytp/earlytp.cc:1:
/mnt/data/lyq/Kairos/inc/bakshalipour_framework.h:279:7: note: shadowed declaration is here
   int size;
       ^~~~
In file included from prefetcher/shtp/shtp.h:16,
                 from prefetcher/shtp/shtp.cc:1:
/mnt/data/lyq/Kairos/inc/bakshalipour_framework.h: In instantiation of ‘SetAssociativeCache<T>::SetAssociativeCache(int, int, int) [with T = std::deque<long unsigned int>]’:
/mnt/data/lyq/Kairos/inc/bakshalipour_framework.h:382:155:   required from ‘LRUSetAssociativeCache<T>::LRUSetAssociativeCache(int, int, int) [with T = std::deque<long unsigned int>]’
prefetcher/shtp/shtp.h:93:137:   required from here
/mnt/data/lyq/Kairos/inc/bakshalipour_framework.h:147:3: warning: declaration of ‘debug_level’ shadows a member of ‘SetAssociativeCache<std::deque<long unsigned int> >’ [-Wshadow]
   SetAssociativeCache(int size, int num_ways, int debug_level = 0)
   ^~~~~~~~~~~~~~~~~~~
In file included from prefetcher/shtp/shtp.h:16,
                 from prefetcher/shtp/shtp.cc:1:
/mnt/data/lyq/Kairos/inc/bakshalipour_framework.h:285:21: note: shadowed declaration is here
   int debug_level = 0;
                     ^
In file included from prefetcher/shtp/shtp.h:16,
                 from prefetcher/shtp/shtp.cc:1:
/mnt/data/lyq/Kairos/inc/bakshalipour_framework.h:147:3: warning: declaration of ‘num_ways’ shadows a member of ‘SetAssociativeCache<std::deque<long unsigned int> >’ [-Wshadow]
   SetAssociativeCache(int size, int num_ways, int debug_level = 0)
   ^~~~~~~~~~~~~~~~~~~
In file included from prefetcher/shtp/shtp.h:16,
                 from prefetcher/shtp/shtp.cc:1:
/mnt/data/lyq/Kairos/inc/bakshalipour_framework.h:280:7: note: shadowed declaration is here
   int num_ways;
       ^~~~~~~~
In file included from prefetcher/brtp/brtp.h:16,
                 from prefetcher/brtp/brtp.cc:1:
/mnt/data/lyq/Kairos/inc/bakshalipour_framework.h: In instantiation of ‘BRRIPSetAssociativeCache<T>::BRRIPSetAssociativeCache(int, int, int) [with T = brtpMetaTableEntry]’:
prefetcher/brtp/brtp.h:49:84:   required from here
/mnt/data/lyq/Kairos/inc/bakshalipour_framework.h:607:3: warning: declaration of ‘debug_level’ shadows a member of ‘BRRIPSetAssociativeCache<brtpMetaTableEntry>’ [-Wshadow]
   BRRIPSetAssociativeCache(int size, int num_ways, int debug_level = 0) : Super(size, num_ways, debug_level), rrpv(this->num_sets, vector<uint64_t>(num_ways)), bip_counter(0)
   ^~~~~~~~~~~~~~~~~~~~~~~~
In file included from prefetcher/shtp/shtp.h:16,
                 from prefetcher/shtp/shtp.cc:1:
/mnt/data/lyq/Kairos/inc/bakshalipour_framework.h:147:3: warning: declaration of ‘size’ shadows a member of ‘SetAssociativeCache<std::deque<long unsigned int> >’ [-Wshadow]
   SetAssociativeCache(int size, int num_ways, int debug_level = 0)
   ^~~~~~~~~~~~~~~~~~~
In file included from prefetcher/shtp/shtp.h:16,
                 from prefetcher/shtp/shtp.cc:1:
/mnt/data/lyq/Kairos/inc/bakshalipour_framework.h:279:7: note: shadowed declaration is here
   int size;
       ^~~~
/mnt/data/lyq/Kairos/inc/bakshalipour_framework.h:285:21: note: shadowed declaration is here
   int debug_level = 0;
                     ^
/mnt/data/lyq/Kairos/inc/bakshalipour_framework.h:607:3: warning: declaration of ‘num_ways’ shadows a member of ‘BRRIPSetAssociativeCache<brtpMetaTableEntry>’ [-Wshadow]
   BRRIPSetAssociativeCache(int size, int num_ways, int debug_level = 0) : Super(size, num_ways, debug_level), rrpv(this->num_sets, vector<uint64_t>(num_ways)), bip_counter(0)
   ^~~~~~~~~~~~~~~~~~~~~~~~
/mnt/data/lyq/Kairos/inc/bakshalipour_framework.h:280:7: note: shadowed declaration is here
   int num_ways;
       ^~~~~~~~
/mnt/data/lyq/Kairos/inc/bakshalipour_framework.h:607:3: warning: declaration of ‘size’ shadows a member of ‘BRRIPSetAssociativeCache<brtpMetaTableEntry>’ [-Wshadow]
   BRRIPSetAssociativeCache(int size, int num_ways, int debug_level = 0) : Super(size, num_ways, debug_level), rrpv(this->num_sets, vector<uint64_t>(num_ways)), bip_counter(0)
   ^~~~~~~~~~~~~~~~~~~~~~~~
/mnt/data/lyq/Kairos/inc/bakshalipour_framework.h:279:7: note: shadowed declaration is here
   int size;
       ^~~~
/mnt/data/lyq/Kairos/inc/bakshalipour_framework.h:667:28: warning: ‘BRRIPSetAssociativeCache<brtpMetaTableEntry>::rrpv’ will be initialized after [-Wreorder]
   vector<vector<uint64_t>> rrpv;
                            ^~~~
/mnt/data/lyq/Kairos/inc/bakshalipour_framework.h:666:12: warning:   ‘uint64_t BRRIPSetAssociativeCache<brtpMetaTableEntry>::bip_counter’ [-Wreorder]
   uint64_t bip_counter;
            ^~~~~~~~~~~
/mnt/data/lyq/Kairos/inc/bakshalipour_framework.h:607:3: warning:   when initialized here [-Wreorder]
   BRRIPSetAssociativeCache(int size, int num_ways, int debug_level = 0) : Super(size, num_ways, debug_level), rrpv(this->num_sets, vector<uint64_t>(num_ways)), bip_counter(0)
   ^~~~~~~~~~~~~~~~~~~~~~~~
In file included from prefetcher/earlytp/earlytp.h:16,
                 from prefetcher/earlytp/earlytp.cc:1:
/mnt/data/lyq/Kairos/inc/bakshalipour_framework.h: In instantiation of ‘SetAssociativeCache<T>::SetAssociativeCache(int, int, int) [with T = earlytp::PCTableEntry]’:
/mnt/data/lyq/Kairos/inc/bakshalipour_framework.h:382:155:   required from ‘LRUSetAssociativeCache<T>::LRUSetAssociativeCache(int, int, int) [with T = earlytp::PCTableEntry]’
prefetcher/earlytp/earlytp.h:105:121:   required from here
/mnt/data/lyq/Kairos/inc/bakshalipour_framework.h:147:3: warning: declaration of ‘debug_level’ shadows a member of ‘SetAssociativeCache<earlytp::PCTableEntry>’ [-Wshadow]
   SetAssociativeCache(int size, int num_ways, int debug_level = 0)
   ^~~~~~~~~~~~~~~~~~~
In file included from prefetcher/earlytp/earlytp.h:16,
                 from prefetcher/earlytp/earlytp.cc:1:
/mnt/data/lyq/Kairos/inc/bakshalipour_framework.h:285:21: note: shadowed declaration is here
   int debug_level = 0;
                     ^
In file included from prefetcher/earlytp/earlytp.h:16,
                 from prefetcher/earlytp/earlytp.cc:1:
/mnt/data/lyq/Kairos/inc/bakshalipour_framework.h:147:3: warning: declaration of ‘num_ways’ shadows a member of ‘SetAssociativeCache<earlytp::PCTableEntry>’ [-Wshadow]
   SetAssociativeCache(int size, int num_ways, int debug_level = 0)
   ^~~~~~~~~~~~~~~~~~~
In file included from prefetcher/earlytp/earlytp.h:16,
                 from prefetcher/earlytp/earlytp.cc:1:
/mnt/data/lyq/Kairos/inc/bakshalipour_framework.h:280:7: note: shadowed declaration is here
   int num_ways;
       ^~~~~~~~
In file included from prefetcher/earlytp/earlytp.h:16,
                 from prefetcher/earlytp/earlytp.cc:1:
/mnt/data/lyq/Kairos/inc/bakshalipour_framework.h:147:3: warning: declaration of ‘size’ shadows a member of ‘SetAssociativeCache<earlytp::PCTableEntry>’ [-Wshadow]
   SetAssociativeCache(int size, int num_ways, int debug_level = 0)
   ^~~~~~~~~~~~~~~~~~~
In file included from prefetcher/earlytp/earlytp.h:16,
                 from prefetcher/earlytp/earlytp.cc:1:
/mnt/data/lyq/Kairos/inc/bakshalipour_framework.h:279:7: note: shadowed declaration is here
   int size;
       ^~~~
/mnt/data/lyq/Kairos/inc/bakshalipour_framework.h: In instantiation of ‘LRUSetAssociativeCache<T>::LRUSetAssociativeCache(int, int, int) [with T = std::deque<long unsigned int>]’:
prefetcher/brtp/brtp.h:93:137:   required from here
/mnt/data/lyq/Kairos/inc/bakshalipour_framework.h:382:3: warning: declaration of ‘debug_level’ shadows a member of ‘LRUSetAssociativeCache<std::deque<long unsigned int> >’ [-Wshadow]
   LRUSetAssociativeCache(int size, int num_ways, int debug_level = 0) : Super(size, num_ways, debug_level), lru(this->num_sets, vector<uint64_t>(num_ways)) {}
   ^~~~~~~~~~~~~~~~~~~~~~
/mnt/data/lyq/Kairos/inc/bakshalipour_framework.h:285:21: note: shadowed declaration is here
   int debug_level = 0;
                     ^
/mnt/data/lyq/Kairos/inc/bakshalipour_framework.h:382:3: warning: declaration of ‘num_ways’ shadows a member of ‘LRUSetAssociativeCache<std::deque<long unsigned int> >’ [-Wshadow]
   LRUSetAssociativeCache(int size, int num_ways, int debug_level = 0) : Super(size, num_ways, debug_level), lru(this->num_sets, vector<uint64_t>(num_ways)) {}
   ^~~~~~~~~~~~~~~~~~~~~~
/mnt/data/lyq/Kairos/inc/bakshalipour_framework.h:280:7: note: shadowed declaration is here
   int num_ways;
       ^~~~~~~~
/mnt/data/lyq/Kairos/inc/bakshalipour_framework.h:382:3: warning: declaration of ‘size’ shadows a member of ‘LRUSetAssociativeCache<std::deque<long unsigned int> >’ [-Wshadow]
   LRUSetAssociativeCache(int size, int num_ways, int debug_level = 0) : Super(size, num_ways, debug_level), lru(this->num_sets, vector<uint64_t>(num_ways)) {}
   ^~~~~~~~~~~~~~~~~~~~~~
/mnt/data/lyq/Kairos/inc/bakshalipour_framework.h:279:7: note: shadowed declaration is here
   int size;
       ^~~~
prefetcher/resize_tr/../triangel/triangel.h: In instantiation of ‘AssociativeCache<T>::AssociativeCache(uint64_t, int, ReplacementPolicy, const string&) [with T = SecondChanceSamplerEntry; uint64_t = long unsigned int; std::__cxx11::string = std::__cxx11::basic_string<char>]’:
prefetcher/resize_tr/../triangel/triangel.h:899:151:   required from here
prefetcher/resize_tr/../triangel/triangel.h:477:3: warning: declaration of ‘ways’ shadows a member of ‘AssociativeCache<SecondChanceSamplerEntry>’ [-Wshadow]
   AssociativeCache(uint64_t sets, int ways, ReplacementPolicy policy, const std::string& owner = "unknown") : count(0), set_mask(sets - 1), ways(ways)
   ^~~~~~~~~~~~~~~~
prefetcher/resize_tr/../triangel/triangel.h:474:12: note: shadowed declaration is here
   uint64_t ways;
            ^~~~
In file included from prefetcher/prism/prism.h:16,
                 from prefetcher/prism/prism.cc:1:
/mnt/data/lyq/Kairos/inc/bakshalipour_framework.h: In instantiation of ‘SetAssociativeCache<T>::SetAssociativeCache(int, int, int) [with T = MetaTableEntry]’:
/mnt/data/lyq/Kairos/inc/bakshalipour_framework.h:417:23:   required from ‘SHIPSetAssociativeCache<T>::SHIPSetAssociativeCache(int, int, int) [with T = MetaTableEntry]’
prefetcher/prism/prism.h:77:64:   required from here
/mnt/data/lyq/Kairos/inc/bakshalipour_framework.h:147:3: warning: declaration of ‘debug_level’ shadows a member of ‘SetAssociativeCache<MetaTableEntry>’ [-Wshadow]
   SetAssociativeCache(int size, int num_ways, int debug_level = 0)
   ^~~~~~~~~~~~~~~~~~~
In file included from prefetcher/prism/prism.h:16,
                 from prefetcher/prism/prism.cc:1:
/mnt/data/lyq/Kairos/inc/bakshalipour_framework.h:285:21: note: shadowed declaration is here
   int debug_level = 0;
                     ^
In file included from prefetcher/prism/prism.h:16,
                 from prefetcher/prism/prism.cc:1:
/mnt/data/lyq/Kairos/inc/bakshalipour_framework.h:147:3: warning: declaration of ‘num_ways’ shadows a member of ‘SetAssociativeCache<MetaTableEntry>’ [-Wshadow]
   SetAssociativeCache(int size, int num_ways, int debug_level = 0)
   ^~~~~~~~~~~~~~~~~~~
In file included from prefetcher/prism/prism.h:16,
                 from prefetcher/prism/prism.cc:1:
/mnt/data/lyq/Kairos/inc/bakshalipour_framework.h:280:7: note: shadowed declaration is here
   int num_ways;
       ^~~~~~~~
In file included from prefetcher/prism/prism.h:16,
                 from prefetcher/prism/prism.cc:1:
/mnt/data/lyq/Kairos/inc/bakshalipour_framework.h:147:3: warning: declaration of ‘size’ shadows a member of ‘SetAssociativeCache<MetaTableEntry>’ [-Wshadow]
   SetAssociativeCache(int size, int num_ways, int debug_level = 0)
   ^~~~~~~~~~~~~~~~~~~
In file included from prefetcher/prism/prism.h:16,
                 from prefetcher/prism/prism.cc:1:
/mnt/data/lyq/Kairos/inc/bakshalipour_framework.h:279:7: note: shadowed declaration is here
   int size;
       ^~~~
In file included from prefetcher/pctp/pctp.h:16,
                 from prefetcher/pctp/pctp.cc:1:
/mnt/data/lyq/Kairos/inc/bakshalipour_framework.h: In instantiation of ‘SetAssociativeCache<T>::SetAssociativeCache(int, int, int) [with T = pctpMetaTableEntry]’:
/mnt/data/lyq/Kairos/inc/bakshalipour_framework.h:382:155:   required from ‘LRUSetAssociativeCache<T>::LRUSetAssociativeCache(int, int, int) [with T = pctpMetaTableEntry]’
prefetcher/pctp/pctp.h:55:84:   required from here
/mnt/data/lyq/Kairos/inc/bakshalipour_framework.h:147:3: warning: declaration of ‘debug_level’ shadows a member of ‘SetAssociativeCache<pctpMetaTableEntry>’ [-Wshadow]
   SetAssociativeCache(int size, int num_ways, int debug_level = 0)
   ^~~~~~~~~~~~~~~~~~~
In file included from prefetcher/pctp/pctp.h:16,
                 from prefetcher/pctp/pctp.cc:1:
/mnt/data/lyq/Kairos/inc/bakshalipour_framework.h:285:21: note: shadowed declaration is here
   int debug_level = 0;
                     ^
In file included from prefetcher/pctp/pctp.h:16,
                 from prefetcher/pctp/pctp.cc:1:
/mnt/data/lyq/Kairos/inc/bakshalipour_framework.h:147:3: warning: declaration of ‘num_ways’ shadows a member of ‘SetAssociativeCache<pctpMetaTableEntry>’ [-Wshadow]
   SetAssociativeCache(int size, int num_ways, int debug_level = 0)
   ^~~~~~~~~~~~~~~~~~~
In file included from prefetcher/pctp/pctp.h:16,
                 from prefetcher/pctp/pctp.cc:1:
/mnt/data/lyq/Kairos/inc/bakshalipour_framework.h:280:7: note: shadowed declaration is here
   int num_ways;
       ^~~~~~~~
In file included from prefetcher/pctp/pctp.h:16,
                 from prefetcher/pctp/pctp.cc:1:
/mnt/data/lyq/Kairos/inc/bakshalipour_framework.h:147:3: warning: declaration of ‘size’ shadows a member of ‘SetAssociativeCache<pctpMetaTableEntry>’ [-Wshadow]
   SetAssociativeCache(int size, int num_ways, int debug_level = 0)
   ^~~~~~~~~~~~~~~~~~~
In file included from prefetcher/pctp/pctp.h:16,
                 from prefetcher/pctp/pctp.cc:1:
/mnt/data/lyq/Kairos/inc/bakshalipour_framework.h:279:7: note: shadowed declaration is here
   int size;
       ^~~~
In file included from prefetcher/prism/prism.h:16,
                 from prefetcher/prism/prism.cc:1:
/mnt/data/lyq/Kairos/inc/bakshalipour_framework.h: In instantiation of ‘SetAssociativeCache<T>::SetAssociativeCache(int, int, int) [with T = pf_filter_entry]’:
/mnt/data/lyq/Kairos/inc/bakshalipour_framework.h:294:136:   required from ‘FIFOSetAssociativeCache<T>::FIFOSetAssociativeCache(int, int, int) [with T = pf_filter_entry]’
prefetcher/prism/prism.h:110:107:   required from here
/mnt/data/lyq/Kairos/inc/bakshalipour_framework.h:147:3: warning: declaration of ‘debug_level’ shadows a member of ‘SetAssociativeCache<pf_filter_entry>’ [-Wshadow]
   SetAssociativeCache(int size, int num_ways, int debug_level = 0)
   ^~~~~~~~~~~~~~~~~~~
In file included from prefetcher/prism/prism.h:16,
                 from prefetcher/prism/prism.cc:1:
/mnt/data/lyq/Kairos/inc/bakshalipour_framework.h:285:21: note: shadowed declaration is here
   int debug_level = 0;
                     ^
In file included from prefetcher/prism/prism.h:16,
                 from prefetcher/prism/prism.cc:1:
/mnt/data/lyq/Kairos/inc/bakshalipour_framework.h:147:3: warning: declaration of ‘num_ways’ shadows a member of ‘SetAssociativeCache<pf_filter_entry>’ [-Wshadow]
   SetAssociativeCache(int size, int num_ways, int debug_level = 0)
   ^~~~~~~~~~~~~~~~~~~
In file included from prefetcher/prism/prism.h:16,
                 from prefetcher/prism/prism.cc:1:
/mnt/data/lyq/Kairos/inc/bakshalipour_framework.h:280:7: note: shadowed declaration is here
   int num_ways;
       ^~~~~~~~
In file included from prefetcher/prism/prism.h:16,
                 from prefetcher/prism/prism.cc:1:
/mnt/data/lyq/Kairos/inc/bakshalipour_framework.h:147:3: warning: declaration of ‘size’ shadows a member of ‘SetAssociativeCache<pf_filter_entry>’ [-Wshadow]
   SetAssociativeCache(int size, int num_ways, int debug_level = 0)
   ^~~~~~~~~~~~~~~~~~~
In file included from prefetcher/prism/prism.h:16,
                 from prefetcher/prism/prism.cc:1:
/mnt/data/lyq/Kairos/inc/bakshalipour_framework.h:279:7: note: shadowed declaration is here
   int size;
       ^~~~
In file included from /mnt/data/lyq/Kairos/inc/environment.h:24,
                 from .csconfig/core_inst.inc:6,
                 from src/main.cc:28:
/mnt/data/lyq/Kairos/inc/dram_controller.h: In member function ‘void MEMORY_CONTROLLER::BwBucketWinMulti::step(uint16_t)’:
/mnt/data/lyq/Kairos/inc/dram_controller.h:220:23: warning: conversion from ‘int’ to ‘std::array<short unsigned int, 16>::value_type’ {aka ‘short unsigned int’} may change value [-Wconversion]
       bin_active[idx] += active_ch;
/mnt/data/lyq/Kairos/inc/dram_controller.h:222:22: warning: conversion from ‘int’ to ‘std::array<short unsigned int, 16>::value_type’ {aka ‘short unsigned int’} may change value [-Wconversion]
       bin_total[idx] += 1;
In file included from prefetcher/pctp/pctp.h:16,
                 from prefetcher/pctp/pctp.cc:1:
/mnt/data/lyq/Kairos/inc/bakshalipour_framework.h: In instantiation of ‘SetAssociativeCache<T>::SetAssociativeCache(int, int, int) [with T = std::deque<long unsigned int>]’:
/mnt/data/lyq/Kairos/inc/bakshalipour_framework.h:382:155:   required from ‘LRUSetAssociativeCache<T>::LRUSetAssociativeCache(int, int, int) [with T = std::deque<long unsigned int>]’
prefetcher/pctp/pctp.h:99:137:   required from here
/mnt/data/lyq/Kairos/inc/bakshalipour_framework.h:147:3: warning: declaration of ‘debug_level’ shadows a member of ‘SetAssociativeCache<std::deque<long unsigned int> >’ [-Wshadow]
   SetAssociativeCache(int size, int num_ways, int debug_level = 0)
   ^~~~~~~~~~~~~~~~~~~
In file included from prefetcher/pctp/pctp.h:16,
                 from prefetcher/pctp/pctp.cc:1:
/mnt/data/lyq/Kairos/inc/bakshalipour_framework.h:285:21: note: shadowed declaration is here
   int debug_level = 0;
                     ^
In file included from prefetcher/pctp/pctp.h:16,
                 from prefetcher/pctp/pctp.cc:1:
/mnt/data/lyq/Kairos/inc/bakshalipour_framework.h:147:3: warning: declaration of ‘num_ways’ shadows a member of ‘SetAssociativeCache<std::deque<long unsigned int> >’ [-Wshadow]
   SetAssociativeCache(int size, int num_ways, int debug_level = 0)
   ^~~~~~~~~~~~~~~~~~~
In file included from prefetcher/pctp/pctp.h:16,
                 from prefetcher/pctp/pctp.cc:1:
/mnt/data/lyq/Kairos/inc/bakshalipour_framework.h:280:7: note: shadowed declaration is here
   int num_ways;
       ^~~~~~~~
In file included from prefetcher/pctp/pctp.h:16,
                 from prefetcher/pctp/pctp.cc:1:
/mnt/data/lyq/Kairos/inc/bakshalipour_framework.h:147:3: warning: declaration of ‘size’ shadows a member of ‘SetAssociativeCache<std::deque<long unsigned int> >’ [-Wshadow]
   SetAssociativeCache(int size, int num_ways, int debug_level = 0)
   ^~~~~~~~~~~~~~~~~~~
In file included from prefetcher/pctp/pctp.h:16,
                 from prefetcher/pctp/pctp.cc:1:
/mnt/data/lyq/Kairos/inc/bakshalipour_framework.h:279:7: note: shadowed declaration is here
   int size;
       ^~~~
In file included from prefetcher/prism/prism.h:16,
                 from prefetcher/prism/prism.cc:1:
/mnt/data/lyq/Kairos/inc/bakshalipour_framework.h: In instantiation of ‘SetAssociativeCache<T>::SetAssociativeCache(int, int, int) [with T = prism::PCTableEntry]’:
/mnt/data/lyq/Kairos/inc/bakshalipour_framework.h:382:155:   required from ‘LRUSetAssociativeCache<T>::LRUSetAssociativeCache(int, int, int) [with T = prism::PCTableEntry]’
prefetcher/prism/prism.h:224:121:   required from here
/mnt/data/lyq/Kairos/inc/bakshalipour_framework.h:147:3: warning: declaration of ‘debug_level’ shadows a member of ‘SetAssociativeCache<prism::PCTableEntry>’ [-Wshadow]
   SetAssociativeCache(int size, int num_ways, int debug_level = 0)
   ^~~~~~~~~~~~~~~~~~~
In file included from prefetcher/prism/prism.h:16,
                 from prefetcher/prism/prism.cc:1:
/mnt/data/lyq/Kairos/inc/bakshalipour_framework.h:285:21: note: shadowed declaration is here
   int debug_level = 0;
                     ^
In file included from prefetcher/prism/prism.h:16,
                 from prefetcher/prism/prism.cc:1:
/mnt/data/lyq/Kairos/inc/bakshalipour_framework.h:147:3: warning: declaration of ‘num_ways’ shadows a member of ‘SetAssociativeCache<prism::PCTableEntry>’ [-Wshadow]
   SetAssociativeCache(int size, int num_ways, int debug_level = 0)
   ^~~~~~~~~~~~~~~~~~~
In file included from prefetcher/prism/prism.h:16,
                 from prefetcher/prism/prism.cc:1:
/mnt/data/lyq/Kairos/inc/bakshalipour_framework.h:280:7: note: shadowed declaration is here
   int num_ways;
       ^~~~~~~~
In file included from prefetcher/prism/prism.h:16,
                 from prefetcher/prism/prism.cc:1:
/mnt/data/lyq/Kairos/inc/bakshalipour_framework.h:147:3: warning: declaration of ‘size’ shadows a member of ‘SetAssociativeCache<prism::PCTableEntry>’ [-Wshadow]
   SetAssociativeCache(int size, int num_ways, int debug_level = 0)
   ^~~~~~~~~~~~~~~~~~~
In file included from prefetcher/prism/prism.h:16,
                 from prefetcher/prism/prism.cc:1:
/mnt/data/lyq/Kairos/inc/bakshalipour_framework.h:279:7: note: shadowed declaration is here
   int size;
       ^~~~
prefetcher/resize_tr/../triangel/triangel.h: In instantiation of ‘AssociativeCache<T>::AssociativeCache(uint64_t, int, ReplacementPolicy, const string&) [with T = MetadataEntry; uint64_t = long unsigned int; std::__cxx11::string = std::__cxx11::basic_string<char>]’:
prefetcher/resize_tr/../triangel/triangel.h:900:129:   required from here
prefetcher/resize_tr/../triangel/triangel.h:477:3: warning: declaration of ‘ways’ shadows a member of ‘AssociativeCache<MetadataEntry>’ [-Wshadow]
   AssociativeCache(uint64_t sets, int ways, ReplacementPolicy policy, const std::string& owner = "unknown") : count(0), set_mask(sets - 1), ways(ways)
   ^~~~~~~~~~~~~~~~
prefetcher/resize_tr/../triangel/triangel.h:474:12: note: shadowed declaration is here
   uint64_t ways;
            ^~~~
In file included from prefetcher/resize_tr/resize_tr.h:16,
                 from prefetcher/resize_tr/resize_tr.cc:1:
/mnt/data/lyq/Kairos/inc/bakshalipour_framework.h: In instantiation of ‘SRRIPSetAssociativeCache<T>::SRRIPSetAssociativeCache(int, int, int) [with T = resize_trMetaTableEntry]’:
prefetcher/resize_tr/resize_tr.h:56:89:   required from here
/mnt/data/lyq/Kairos/inc/bakshalipour_framework.h:545:3: warning: declaration of ‘debug_level’ shadows a member of ‘SRRIPSetAssociativeCache<resize_trMetaTableEntry>’ [-Wshadow]
   SRRIPSetAssociativeCache(int size, int num_ways, int debug_level = 0) : Super(size, num_ways, debug_level), rrpv(this->num_sets, vector<uint64_t>(num_ways))
   ^~~~~~~~~~~~~~~~~~~~~~~~
/mnt/data/lyq/Kairos/inc/bakshalipour_framework.h:285:21: note: shadowed declaration is here
   int debug_level = 0;
                     ^
/mnt/data/lyq/Kairos/inc/bakshalipour_framework.h:545:3: warning: declaration of ‘num_ways’ shadows a member of ‘SRRIPSetAssociativeCache<resize_trMetaTableEntry>’ [-Wshadow]
   SRRIPSetAssociativeCache(int size, int num_ways, int debug_level = 0) : Super(size, num_ways, debug_level), rrpv(this->num_sets, vector<uint64_t>(num_ways))
   ^~~~~~~~~~~~~~~~~~~~~~~~
/mnt/data/lyq/Kairos/inc/bakshalipour_framework.h:280:7: note: shadowed declaration is here
   int num_ways;
       ^~~~~~~~
/mnt/data/lyq/Kairos/inc/bakshalipour_framework.h:545:3: warning: declaration of ‘size’ shadows a member of ‘SRRIPSetAssociativeCache<resize_trMetaTableEntry>’ [-Wshadow]
   SRRIPSetAssociativeCache(int size, int num_ways, int debug_level = 0) : Super(size, num_ways, debug_level), rrpv(this->num_sets, vector<uint64_t>(num_ways))
   ^~~~~~~~~~~~~~~~~~~~~~~~
/mnt/data/lyq/Kairos/inc/bakshalipour_framework.h:279:7: note: shadowed declaration is here
   int size;
       ^~~~
/mnt/data/lyq/Kairos/inc/bakshalipour_framework.h: In instantiation of ‘LRUSetAssociativeCache<T>::LRUSetAssociativeCache(int, int, int) [with T = std::deque<long unsigned int>]’:
prefetcher/resize_tr/resize_tr.h:106:137:   required from here
/mnt/data/lyq/Kairos/inc/bakshalipour_framework.h:382:3: warning: declaration of ‘debug_level’ shadows a member of ‘LRUSetAssociativeCache<std::deque<long unsigned int> >’ [-Wshadow]
   LRUSetAssociativeCache(int size, int num_ways, int debug_level = 0) : Super(size, num_ways, debug_level), lru(this->num_sets, vector<uint64_t>(num_ways)) {}
   ^~~~~~~~~~~~~~~~~~~~~~
/mnt/data/lyq/Kairos/inc/bakshalipour_framework.h:285:21: note: shadowed declaration is here
   int debug_level = 0;
                     ^
/mnt/data/lyq/Kairos/inc/bakshalipour_framework.h:382:3: warning: declaration of ‘num_ways’ shadows a member of ‘LRUSetAssociativeCache<std::deque<long unsigned int> >’ [-Wshadow]
   LRUSetAssociativeCache(int size, int num_ways, int debug_level = 0) : Super(size, num_ways, debug_level), lru(this->num_sets, vector<uint64_t>(num_ways)) {}
   ^~~~~~~~~~~~~~~~~~~~~~
/mnt/data/lyq/Kairos/inc/bakshalipour_framework.h:280:7: note: shadowed declaration is here
   int num_ways;
       ^~~~~~~~
/mnt/data/lyq/Kairos/inc/bakshalipour_framework.h:382:3: warning: declaration of ‘size’ shadows a member of ‘LRUSetAssociativeCache<std::deque<long unsigned int> >’ [-Wshadow]
   LRUSetAssociativeCache(int size, int num_ways, int debug_level = 0) : Super(size, num_ways, debug_level), lru(this->num_sets, vector<uint64_t>(num_ways)) {}
   ^~~~~~~~~~~~~~~~~~~~~~
/mnt/data/lyq/Kairos/inc/bakshalipour_framework.h:279:7: note: shadowed declaration is here
   int size;
       ^~~~
In file included from prefetcher/prophet/prophet.h:16,
                 from prefetcher/prophet/prophet.cc:1:
/mnt/data/lyq/Kairos/inc/bakshalipour_framework.h: In instantiation of ‘SetAssociativeCache<T>::SetAssociativeCache(int, int, int) [with T = ProphetMetaTableEntry]’:
/mnt/data/lyq/Kairos/inc/bakshalipour_framework.h:382:155:   required from ‘LRUSetAssociativeCache<T>::LRUSetAssociativeCache(int, int, int) [with T = ProphetMetaTableEntry]’
prefetcher/prophet/prophet.h:99:120:   required from here
/mnt/data/lyq/Kairos/inc/bakshalipour_framework.h:147:3: warning: declaration of ‘debug_level’ shadows a member of ‘SetAssociativeCache<ProphetMetaTableEntry>’ [-Wshadow]
   SetAssociativeCache(int size, int num_ways, int debug_level = 0)
   ^~~~~~~~~~~~~~~~~~~
In file included from prefetcher/prophet/prophet.h:16,
                 from prefetcher/prophet/prophet.cc:1:
/mnt/data/lyq/Kairos/inc/bakshalipour_framework.h:285:21: note: shadowed declaration is here
   int debug_level = 0;
                     ^
In file included from prefetcher/prophet/prophet.h:16,
                 from prefetcher/prophet/prophet.cc:1:
/mnt/data/lyq/Kairos/inc/bakshalipour_framework.h:147:3: warning: declaration of ‘num_ways’ shadows a member of ‘SetAssociativeCache<ProphetMetaTableEntry>’ [-Wshadow]
   SetAssociativeCache(int size, int num_ways, int debug_level = 0)
   ^~~~~~~~~~~~~~~~~~~
In file included from prefetcher/prophet/prophet.h:16,
                 from prefetcher/prophet/prophet.cc:1:
/mnt/data/lyq/Kairos/inc/bakshalipour_framework.h:280:7: note: shadowed declaration is here
   int num_ways;
       ^~~~~~~~
In file included from prefetcher/prophet/prophet.h:16,
                 from prefetcher/prophet/prophet.cc:1:
/mnt/data/lyq/Kairos/inc/bakshalipour_framework.h:147:3: warning: declaration of ‘size’ shadows a member of ‘SetAssociativeCache<ProphetMetaTableEntry>’ [-Wshadow]
   SetAssociativeCache(int size, int num_ways, int debug_level = 0)
   ^~~~~~~~~~~~~~~~~~~
In file included from prefetcher/prophet/prophet.h:16,
                 from prefetcher/prophet/prophet.cc:1:
/mnt/data/lyq/Kairos/inc/bakshalipour_framework.h:279:7: note: shadowed declaration is here
   int size;
       ^~~~
In file included from prefetcher/croage/croage.cc:1:
prefetcher/croage/croage.h: In instantiation of ‘CroageRepl<T>::CroageRepl(int) [with T = long unsigned int]’:
/usr/include/c++/8/ext/new_allocator.h:136:4:   required from ‘void __gnu_cxx::new_allocator<_Tp>::construct(_Up*, _Args&& ...) [with _Up = CroageRepl<long unsigned int>; _Args = {int}; _Tp = CroageRepl<long unsigned int>]’
/usr/include/c++/8/bits/alloc_traits.h:475:4:   required from ‘static void std::allocator_traits<std::allocator<_CharT> >::construct(std::allocator_traits<std::allocator<_CharT> >::allocator_type&, _Up*, _Args&& ...) [with _Up = CroageRepl<long unsigned int>; _Args = {int}; _Tp = CroageRepl<long unsigned int>; std::allocator_traits<std::allocator<_CharT> >::allocator_type = std::allocator<CroageRepl<long unsigned int> >]’
/usr/include/c++/8/bits/vector.tcc:103:30:   required from ‘std::vector<_Tp, _Alloc>::reference std::vector<_Tp, _Alloc>::emplace_back(_Args&& ...) [with _Args = {int}; _Tp = CroageRepl<long unsigned int>; _Alloc = std::allocator<CroageRepl<long unsigned int> >; std::vector<_Tp, _Alloc>::reference = CroageRepl<long unsigned int>&]’
prefetcher/croage/croage.h:813:31:   required from here
prefetcher/croage/croage.h:435:3: warning: declaration of ‘capacity’ shadows a member of ‘CroageRepl<long unsigned int>’ [-Wshadow]
   CroageRepl(int capacity) : count(0), capacity(capacity), head(new DLinkedNode()), tail(new DLinkedNode())
   ^~~~~~~~~~
prefetcher/croage/croage.h:429:7: note: shadowed declaration is here
   int capacity;
       ^~~~~~~~
In file included from prefetcher/prophet/prophet.h:16,
                 from prefetcher/prophet/prophet.cc:1:
/mnt/data/lyq/Kairos/inc/bakshalipour_framework.h: In instantiation of ‘SetAssociativeCache<T>::SetAssociativeCache(int, int, int) [with T = ProphetMRBTableEntry]’:
/mnt/data/lyq/Kairos/inc/bakshalipour_framework.h:382:155:   required from ‘LRUSetAssociativeCache<T>::LRUSetAssociativeCache(int, int, int) [with T = ProphetMRBTableEntry]’
prefetcher/prophet/prophet.h:158:65:   required from here
/mnt/data/lyq/Kairos/inc/bakshalipour_framework.h:147:3: warning: declaration of ‘debug_level’ shadows a member of ‘SetAssociativeCache<ProphetMRBTableEntry>’ [-Wshadow]
   SetAssociativeCache(int size, int num_ways, int debug_level = 0)
   ^~~~~~~~~~~~~~~~~~~
In file included from prefetcher/prophet/prophet.h:16,
                 from prefetcher/prophet/prophet.cc:1:
/mnt/data/lyq/Kairos/inc/bakshalipour_framework.h:285:21: note: shadowed declaration is here
   int debug_level = 0;
                     ^
In file included from prefetcher/prophet/prophet.h:16,
                 from prefetcher/prophet/prophet.cc:1:
/mnt/data/lyq/Kairos/inc/bakshalipour_framework.h:147:3: warning: declaration of ‘num_ways’ shadows a member of ‘SetAssociativeCache<ProphetMRBTableEntry>’ [-Wshadow]
   SetAssociativeCache(int size, int num_ways, int debug_level = 0)
   ^~~~~~~~~~~~~~~~~~~
In file included from prefetcher/prophet/prophet.h:16,
                 from prefetcher/prophet/prophet.cc:1:
/mnt/data/lyq/Kairos/inc/bakshalipour_framework.h:280:7: note: shadowed declaration is here
   int num_ways;
       ^~~~~~~~
In file included from prefetcher/prophet/prophet.h:16,
                 from prefetcher/prophet/prophet.cc:1:
/mnt/data/lyq/Kairos/inc/bakshalipour_framework.h:147:3: warning: declaration of ‘size’ shadows a member of ‘SetAssociativeCache<ProphetMRBTableEntry>’ [-Wshadow]
   SetAssociativeCache(int size, int num_ways, int debug_level = 0)
   ^~~~~~~~~~~~~~~~~~~
In file included from prefetcher/prophet/prophet.h:16,
                 from prefetcher/prophet/prophet.cc:1:
/mnt/data/lyq/Kairos/inc/bakshalipour_framework.h:279:7: note: shadowed declaration is here
   int size;
       ^~~~
In file included from prefetcher/prophet/prophet.h:16,
                 from prefetcher/prophet/prophet.cc:1:
/mnt/data/lyq/Kairos/inc/bakshalipour_framework.h: In instantiation of ‘SetAssociativeCache<T>::SetAssociativeCache(int, int, int) [with T = long unsigned int]’:
/mnt/data/lyq/Kairos/inc/bakshalipour_framework.h:382:155:   required from ‘LRUSetAssociativeCache<T>::LRUSetAssociativeCache(int, int, int) [with T = long unsigned int]’
prefetcher/prophet/prophet.h:247:113:   required from here
/mnt/data/lyq/Kairos/inc/bakshalipour_framework.h:147:3: warning: declaration of ‘debug_level’ shadows a member of ‘SetAssociativeCache<long unsigned int>’ [-Wshadow]
   SetAssociativeCache(int size, int num_ways, int debug_level = 0)
   ^~~~~~~~~~~~~~~~~~~
In file included from prefetcher/prophet/prophet.h:16,
                 from prefetcher/prophet/prophet.cc:1:
/mnt/data/lyq/Kairos/inc/bakshalipour_framework.h:285:21: note: shadowed declaration is here
   int debug_level = 0;
                     ^
In file included from prefetcher/prophet/prophet.h:16,
                 from prefetcher/prophet/prophet.cc:1:
/mnt/data/lyq/Kairos/inc/bakshalipour_framework.h:147:3: warning: declaration of ‘num_ways’ shadows a member of ‘SetAssociativeCache<long unsigned int>’ [-Wshadow]
   SetAssociativeCache(int size, int num_ways, int debug_level = 0)
   ^~~~~~~~~~~~~~~~~~~
In file included from prefetcher/prophet/prophet.h:16,
                 from prefetcher/prophet/prophet.cc:1:
/mnt/data/lyq/Kairos/inc/bakshalipour_framework.h:280:7: note: shadowed declaration is here
   int num_ways;
       ^~~~~~~~
In file included from prefetcher/prophet/prophet.h:16,
                 from prefetcher/prophet/prophet.cc:1:
/mnt/data/lyq/Kairos/inc/bakshalipour_framework.h:147:3: warning: declaration of ‘size’ shadows a member of ‘SetAssociativeCache<long unsigned int>’ [-Wshadow]
   SetAssociativeCache(int size, int num_ways, int debug_level = 0)
   ^~~~~~~~~~~~~~~~~~~
In file included from prefetcher/prophet/prophet.h:16,
                 from prefetcher/prophet/prophet.cc:1:
/mnt/data/lyq/Kairos/inc/bakshalipour_framework.h:279:7: note: shadowed declaration is here
   int size;
       ^~~~
In file included from prefetcher/rndtp/rndtp.h:16,
                 from prefetcher/rndtp/rndtp.cc:1:
/mnt/data/lyq/Kairos/inc/bakshalipour_framework.h: In instantiation of ‘SetAssociativeCache<T>::SetAssociativeCache(int, int, int) [with T = rndtpMetaTableEntry]’:
/mnt/data/lyq/Kairos/inc/bakshalipour_framework.h:364:138:   required from ‘RandomSetAssociativeCache<T>::RandomSetAssociativeCache(int, int, int) [with T = rndtpMetaTableEntry]’
prefetcher/rndtp/rndtp.h:49:85:   required from here
/mnt/data/lyq/Kairos/inc/bakshalipour_framework.h:147:3: warning: declaration of ‘debug_level’ shadows a member of ‘SetAssociativeCache<rndtpMetaTableEntry>’ [-Wshadow]
   SetAssociativeCache(int size, int num_ways, int debug_level = 0)
   ^~~~~~~~~~~~~~~~~~~
In file included from prefetcher/rndtp/rndtp.h:16,
                 from prefetcher/rndtp/rndtp.cc:1:
/mnt/data/lyq/Kairos/inc/bakshalipour_framework.h:285:21: note: shadowed declaration is here
   int debug_level = 0;
                     ^
In file included from prefetcher/rndtp/rndtp.h:16,
                 from prefetcher/rndtp/rndtp.cc:1:
/mnt/data/lyq/Kairos/inc/bakshalipour_framework.h:147:3: warning: declaration of ‘num_ways’ shadows a member of ‘SetAssociativeCache<rndtpMetaTableEntry>’ [-Wshadow]
   SetAssociativeCache(int size, int num_ways, int debug_level = 0)
   ^~~~~~~~~~~~~~~~~~~
In file included from prefetcher/rndtp/rndtp.h:16,
                 from prefetcher/rndtp/rndtp.cc:1:
/mnt/data/lyq/Kairos/inc/bakshalipour_framework.h:280:7: note: shadowed declaration is here
   int num_ways;
       ^~~~~~~~
In file included from prefetcher/rndtp/rndtp.h:16,
                 from prefetcher/rndtp/rndtp.cc:1:
/mnt/data/lyq/Kairos/inc/bakshalipour_framework.h:147:3: warning: declaration of ‘size’ shadows a member of ‘SetAssociativeCache<rndtpMetaTableEntry>’ [-Wshadow]
   SetAssociativeCache(int size, int num_ways, int debug_level = 0)
   ^~~~~~~~~~~~~~~~~~~
In file included from prefetcher/rndtp/rndtp.h:16,
                 from prefetcher/rndtp/rndtp.cc:1:
/mnt/data/lyq/Kairos/inc/bakshalipour_framework.h:279:7: note: shadowed declaration is here
   int size;
       ^~~~
In file included from prefetcher/rndtp/rndtp.h:16,
                 from prefetcher/rndtp/rndtp.cc:1:
/mnt/data/lyq/Kairos/inc/bakshalipour_framework.h: In instantiation of ‘SetAssociativeCache<T>::SetAssociativeCache(int, int, int) [with T = std::deque<long unsigned int>]’:
/mnt/data/lyq/Kairos/inc/bakshalipour_framework.h:382:155:   required from ‘LRUSetAssociativeCache<T>::LRUSetAssociativeCache(int, int, int) [with T = std::deque<long unsigned int>]’
prefetcher/rndtp/rndtp.h:93:137:   required from here
/mnt/data/lyq/Kairos/inc/bakshalipour_framework.h:147:3: warning: declaration of ‘debug_level’ shadows a member of ‘SetAssociativeCache<std::deque<long unsigned int> >’ [-Wshadow]
   SetAssociativeCache(int size, int num_ways, int debug_level = 0)
   ^~~~~~~~~~~~~~~~~~~
In file included from prefetcher/latetp/latetp.h:16,
                 from prefetcher/latetp/latetp.cc:1:
/mnt/data/lyq/Kairos/inc/bakshalipour_framework.h: In instantiation of ‘SetAssociativeCache<T>::SetAssociativeCache(int, int, int) [with T = latetpMetaTableEntry]’:
/mnt/data/lyq/Kairos/inc/bakshalipour_framework.h:382:155:   required from ‘LRUSetAssociativeCache<T>::LRUSetAssociativeCache(int, int, int) [with T = latetpMetaTableEntry]’
prefetcher/latetp/latetp.h:58:86:   required from here
/mnt/data/lyq/Kairos/inc/bakshalipour_framework.h:147:3: warning: declaration of ‘debug_level’ shadows a member of ‘SetAssociativeCache<latetpMetaTableEntry>’ [-Wshadow]
   SetAssociativeCache(int size, int num_ways, int debug_level = 0)
   ^~~~~~~~~~~~~~~~~~~
In file included from prefetcher/rndtp/rndtp.h:16,
                 from prefetcher/rndtp/rndtp.cc:1:
/mnt/data/lyq/Kairos/inc/bakshalipour_framework.h:285:21: note: shadowed declaration is here
   int debug_level = 0;
                     ^
In file included from prefetcher/latetp/latetp.h:16,
                 from prefetcher/latetp/latetp.cc:1:
/mnt/data/lyq/Kairos/inc/bakshalipour_framework.h:285:21: note: shadowed declaration is here
   int debug_level = 0;
                     ^
In file included from prefetcher/rndtp/rndtp.h:16,
                 from prefetcher/rndtp/rndtp.cc:1:
/mnt/data/lyq/Kairos/inc/bakshalipour_framework.h:147:3: warning: declaration of ‘num_ways’ shadows a member of ‘SetAssociativeCache<std::deque<long unsigned int> >’ [-Wshadow]
   SetAssociativeCache(int size, int num_ways, int debug_level = 0)
   ^~~~~~~~~~~~~~~~~~~
In file included from prefetcher/latetp/latetp.h:16,
                 from prefetcher/latetp/latetp.cc:1:
/mnt/data/lyq/Kairos/inc/bakshalipour_framework.h:147:3: warning: declaration of ‘num_ways’ shadows a member of ‘SetAssociativeCache<latetpMetaTableEntry>’ [-Wshadow]
   SetAssociativeCache(int size, int num_ways, int debug_level = 0)
   ^~~~~~~~~~~~~~~~~~~
In file included from prefetcher/rndtp/rndtp.h:16,
                 from prefetcher/rndtp/rndtp.cc:1:
/mnt/data/lyq/Kairos/inc/bakshalipour_framework.h:280:7: note: shadowed declaration is here
   int num_ways;
       ^~~~~~~~
In file included from prefetcher/latetp/latetp.h:16,
                 from prefetcher/latetp/latetp.cc:1:
/mnt/data/lyq/Kairos/inc/bakshalipour_framework.h:280:7: note: shadowed declaration is here
   int num_ways;
       ^~~~~~~~
In file included from prefetcher/rndtp/rndtp.h:16,
                 from prefetcher/rndtp/rndtp.cc:1:
/mnt/data/lyq/Kairos/inc/bakshalipour_framework.h:147:3: warning: declaration of ‘size’ shadows a member of ‘SetAssociativeCache<std::deque<long unsigned int> >’ [-Wshadow]
   SetAssociativeCache(int size, int num_ways, int debug_level = 0)
   ^~~~~~~~~~~~~~~~~~~
In file included from prefetcher/latetp/latetp.h:16,
                 from prefetcher/latetp/latetp.cc:1:
/mnt/data/lyq/Kairos/inc/bakshalipour_framework.h:147:3: warning: declaration of ‘size’ shadows a member of ‘SetAssociativeCache<latetpMetaTableEntry>’ [-Wshadow]
   SetAssociativeCache(int size, int num_ways, int debug_level = 0)
   ^~~~~~~~~~~~~~~~~~~
In file included from prefetcher/rndtp/rndtp.h:16,
                 from prefetcher/rndtp/rndtp.cc:1:
/mnt/data/lyq/Kairos/inc/bakshalipour_framework.h:279:7: note: shadowed declaration is here
   int size;
       ^~~~
In file included from prefetcher/latetp/latetp.h:16,
                 from prefetcher/latetp/latetp.cc:1:
/mnt/data/lyq/Kairos/inc/bakshalipour_framework.h:279:7: note: shadowed declaration is here
   int size;
       ^~~~
In file included from prefetcher/latetp/latetp.h:16,
                 from prefetcher/latetp/latetp.cc:1:
/mnt/data/lyq/Kairos/inc/bakshalipour_framework.h: In instantiation of ‘SetAssociativeCache<T>::SetAssociativeCache(int, int, int) [with T = latetp::PCTableEntry]’:
/mnt/data/lyq/Kairos/inc/bakshalipour_framework.h:382:155:   required from ‘LRUSetAssociativeCache<T>::LRUSetAssociativeCache(int, int, int) [with T = latetp::PCTableEntry]’
prefetcher/latetp/latetp.h:202:121:   required from here
/mnt/data/lyq/Kairos/inc/bakshalipour_framework.h:147:3: warning: declaration of ‘debug_level’ shadows a member of ‘SetAssociativeCache<latetp::PCTableEntry>’ [-Wshadow]
   SetAssociativeCache(int size, int num_ways, int debug_level = 0)
   ^~~~~~~~~~~~~~~~~~~
In file included from prefetcher/latetp/latetp.h:16,
                 from prefetcher/latetp/latetp.cc:1:
/mnt/data/lyq/Kairos/inc/bakshalipour_framework.h:285:21: note: shadowed declaration is here
   int debug_level = 0;
                     ^
In file included from prefetcher/latetp/latetp.h:16,
                 from prefetcher/latetp/latetp.cc:1:
/mnt/data/lyq/Kairos/inc/bakshalipour_framework.h:147:3: warning: declaration of ‘num_ways’ shadows a member of ‘SetAssociativeCache<latetp::PCTableEntry>’ [-Wshadow]
   SetAssociativeCache(int size, int num_ways, int debug_level = 0)
   ^~~~~~~~~~~~~~~~~~~
In file included from prefetcher/latetp/latetp.h:16,
                 from prefetcher/latetp/latetp.cc:1:
/mnt/data/lyq/Kairos/inc/bakshalipour_framework.h:280:7: note: shadowed declaration is here
   int num_ways;
       ^~~~~~~~
In file included from prefetcher/latetp/latetp.h:16,
                 from prefetcher/latetp/latetp.cc:1:
/mnt/data/lyq/Kairos/inc/bakshalipour_framework.h:147:3: warning: declaration of ‘size’ shadows a member of ‘SetAssociativeCache<latetp::PCTableEntry>’ [-Wshadow]
   SetAssociativeCache(int size, int num_ways, int debug_level = 0)
   ^~~~~~~~~~~~~~~~~~~
In file included from prefetcher/latetp/latetp.h:16,
                 from prefetcher/latetp/latetp.cc:1:
/mnt/data/lyq/Kairos/inc/bakshalipour_framework.h:279:7: note: shadowed declaration is here
   int size;
       ^~~~
In file included from /mnt/data/lyq/Kairos/inc/stats_printer.h:22,
                 from src/json_printer.cc:21:
/mnt/data/lyq/Kairos/inc/dram_controller.h: In member function ‘void MEMORY_CONTROLLER::BwBucketWinMulti::step(uint16_t)’:
/mnt/data/lyq/Kairos/inc/dram_controller.h:220:23: warning: conversion from ‘int’ to ‘std::array<short unsigned int, 16>::value_type’ {aka ‘short unsigned int’} may change value [-Wconversion]
       bin_active[idx] += active_ch;
/mnt/data/lyq/Kairos/inc/dram_controller.h:222:22: warning: conversion from ‘int’ to ‘std::array<short unsigned int, 16>::value_type’ {aka ‘short unsigned int’} may change value [-Wconversion]
       bin_total[idx] += 1;
In file included from prefetcher/brtp/brtp.h:16,
                 from prefetcher/brtp/brtp.cc:1:
/mnt/data/lyq/Kairos/inc/bakshalipour_framework.h: In instantiation of ‘SetAssociativeCache<T>::SetAssociativeCache(int, int, int) [with T = brtpMetaTableEntry]’:
/mnt/data/lyq/Kairos/inc/bakshalipour_framework.h:607:174:   required from ‘BRRIPSetAssociativeCache<T>::BRRIPSetAssociativeCache(int, int, int) [with T = brtpMetaTableEntry]’
prefetcher/brtp/brtp.h:49:84:   required from here
/mnt/data/lyq/Kairos/inc/bakshalipour_framework.h:147:3: warning: declaration of ‘debug_level’ shadows a member of ‘SetAssociativeCache<brtpMetaTableEntry>’ [-Wshadow]
   SetAssociativeCache(int size, int num_ways, int debug_level = 0)
   ^~~~~~~~~~~~~~~~~~~
In file included from prefetcher/brtp/brtp.h:16,
                 from prefetcher/brtp/brtp.cc:1:
/mnt/data/lyq/Kairos/inc/bakshalipour_framework.h:285:21: note: shadowed declaration is here
   int debug_level = 0;
                     ^
In file included from prefetcher/brtp/brtp.h:16,
                 from prefetcher/brtp/brtp.cc:1:
/mnt/data/lyq/Kairos/inc/bakshalipour_framework.h:147:3: warning: declaration of ‘num_ways’ shadows a member of ‘SetAssociativeCache<brtpMetaTableEntry>’ [-Wshadow]
   SetAssociativeCache(int size, int num_ways, int debug_level = 0)
   ^~~~~~~~~~~~~~~~~~~
In file included from prefetcher/brtp/brtp.h:16,
                 from prefetcher/brtp/brtp.cc:1:
/mnt/data/lyq/Kairos/inc/bakshalipour_framework.h:280:7: note: shadowed declaration is here
   int num_ways;
       ^~~~~~~~
In file included from prefetcher/brtp/brtp.h:16,
                 from prefetcher/brtp/brtp.cc:1:
/mnt/data/lyq/Kairos/inc/bakshalipour_framework.h:147:3: warning: declaration of ‘size’ shadows a member of ‘SetAssociativeCache<brtpMetaTableEntry>’ [-Wshadow]
   SetAssociativeCache(int size, int num_ways, int debug_level = 0)
   ^~~~~~~~~~~~~~~~~~~
In file included from prefetcher/brtp/brtp.h:16,
                 from prefetcher/brtp/brtp.cc:1:
/mnt/data/lyq/Kairos/inc/bakshalipour_framework.h:279:7: note: shadowed declaration is here
   int size;
       ^~~~
In file included from prefetcher/brtp/brtp.h:16,
                 from prefetcher/brtp/brtp.cc:1:
/mnt/data/lyq/Kairos/inc/bakshalipour_framework.h: In instantiation of ‘SetAssociativeCache<T>::SetAssociativeCache(int, int, int) [with T = std::deque<long unsigned int>]’:
/mnt/data/lyq/Kairos/inc/bakshalipour_framework.h:382:155:   required from ‘LRUSetAssociativeCache<T>::LRUSetAssociativeCache(int, int, int) [with T = std::deque<long unsigned int>]’
prefetcher/brtp/brtp.h:93:137:   required from here
/mnt/data/lyq/Kairos/inc/bakshalipour_framework.h:147:3: warning: declaration of ‘debug_level’ shadows a member of ‘SetAssociativeCache<std::deque<long unsigned int> >’ [-Wshadow]
   SetAssociativeCache(int size, int num_ways, int debug_level = 0)
   ^~~~~~~~~~~~~~~~~~~
In file included from prefetcher/brtp/brtp.h:16,
                 from prefetcher/brtp/brtp.cc:1:
/mnt/data/lyq/Kairos/inc/bakshalipour_framework.h:285:21: note: shadowed declaration is here
   int debug_level = 0;
                     ^
In file included from prefetcher/brtp/brtp.h:16,
                 from prefetcher/brtp/brtp.cc:1:
/mnt/data/lyq/Kairos/inc/bakshalipour_framework.h:147:3: warning: declaration of ‘num_ways’ shadows a member of ‘SetAssociativeCache<std::deque<long unsigned int> >’ [-Wshadow]
   SetAssociativeCache(int size, int num_ways, int debug_level = 0)
   ^~~~~~~~~~~~~~~~~~~
In file included from prefetcher/brtp/brtp.h:16,
                 from prefetcher/brtp/brtp.cc:1:
/mnt/data/lyq/Kairos/inc/bakshalipour_framework.h:280:7: note: shadowed declaration is here
   int num_ways;
       ^~~~~~~~
In file included from prefetcher/brtp/brtp.h:16,
                 from prefetcher/brtp/brtp.cc:1:
/mnt/data/lyq/Kairos/inc/bakshalipour_framework.h:147:3: warning: declaration of ‘size’ shadows a member of ‘SetAssociativeCache<std::deque<long unsigned int> >’ [-Wshadow]
   SetAssociativeCache(int size, int num_ways, int debug_level = 0)
   ^~~~~~~~~~~~~~~~~~~
In file included from prefetcher/brtp/brtp.h:16,
                 from prefetcher/brtp/brtp.cc:1:
/mnt/data/lyq/Kairos/inc/bakshalipour_framework.h:279:7: note: shadowed declaration is here
   int size;
       ^~~~
In file included from prefetcher/ptp/ptp.h:17,
                 from prefetcher/ptp/ptp.cc:1:
/mnt/data/lyq/Kairos/inc/bakshalipour_framework.h: In instantiation of ‘SetAssociativeCache<T>::SetAssociativeCache(int, int, int) [with T = ptpMetaTableEntry]’:
/mnt/data/lyq/Kairos/inc/bakshalipour_framework.h:382:155:   required from ‘LRUSetAssociativeCache<T>::LRUSetAssociativeCache(int, int, int) [with T = ptpMetaTableEntry]’
prefetcher/ptp/ptp.h:107:116:   required from here
/mnt/data/lyq/Kairos/inc/bakshalipour_framework.h:147:3: warning: declaration of ‘debug_level’ shadows a member of ‘SetAssociativeCache<ptpMetaTableEntry>’ [-Wshadow]
   SetAssociativeCache(int size, int num_ways, int debug_level = 0)
   ^~~~~~~~~~~~~~~~~~~
In file included from prefetcher/ptp/ptp.h:17,
                 from prefetcher/ptp/ptp.cc:1:
/mnt/data/lyq/Kairos/inc/bakshalipour_framework.h:285:21: note: shadowed declaration is here
   int debug_level = 0;
                     ^
In file included from prefetcher/ptp/ptp.h:17,
                 from prefetcher/ptp/ptp.cc:1:
/mnt/data/lyq/Kairos/inc/bakshalipour_framework.h:147:3: warning: declaration of ‘num_ways’ shadows a member of ‘SetAssociativeCache<ptpMetaTableEntry>’ [-Wshadow]
   SetAssociativeCache(int size, int num_ways, int debug_level = 0)
   ^~~~~~~~~~~~~~~~~~~
In file included from prefetcher/ptp/ptp.h:17,
                 from prefetcher/ptp/ptp.cc:1:
/mnt/data/lyq/Kairos/inc/bakshalipour_framework.h:280:7: note: shadowed declaration is here
   int num_ways;
       ^~~~~~~~
In file included from prefetcher/ptp/ptp.h:17,
                 from prefetcher/ptp/ptp.cc:1:
/mnt/data/lyq/Kairos/inc/bakshalipour_framework.h:147:3: warning: declaration of ‘size’ shadows a member of ‘SetAssociativeCache<ptpMetaTableEntry>’ [-Wshadow]
   SetAssociativeCache(int size, int num_ways, int debug_level = 0)
   ^~~~~~~~~~~~~~~~~~~
In file included from prefetcher/ptp/ptp.h:17,
                 from prefetcher/ptp/ptp.cc:1:
/mnt/data/lyq/Kairos/inc/bakshalipour_framework.h:279:7: note: shadowed declaration is here
   int size;
       ^~~~
In file included from prefetcher/ptp/ptp.h:17,
                 from prefetcher/ptp/ptp.cc:1:
/mnt/data/lyq/Kairos/inc/bakshalipour_framework.h: In instantiation of ‘SetAssociativeCache<T>::SetAssociativeCache(int, int, int) [with T = ptpMRBTableEntry]’:
/mnt/data/lyq/Kairos/inc/bakshalipour_framework.h:382:155:   required from ‘LRUSetAssociativeCache<T>::LRUSetAssociativeCache(int, int, int) [with T = ptpMRBTableEntry]’
prefetcher/ptp/ptp.h:165:61:   required from here
/mnt/data/lyq/Kairos/inc/bakshalipour_framework.h:147:3: warning: declaration of ‘debug_level’ shadows a member of ‘SetAssociativeCache<ptpMRBTableEntry>’ [-Wshadow]
   SetAssociativeCache(int size, int num_ways, int debug_level = 0)
   ^~~~~~~~~~~~~~~~~~~
In file included from prefetcher/ptp/ptp.h:17,
                 from prefetcher/ptp/ptp.cc:1:
/mnt/data/lyq/Kairos/inc/bakshalipour_framework.h:285:21: note: shadowed declaration is here
   int debug_level = 0;
                     ^
In file included from prefetcher/ptp/ptp.h:17,
                 from prefetcher/ptp/ptp.cc:1:
/mnt/data/lyq/Kairos/inc/bakshalipour_framework.h:147:3: warning: declaration of ‘num_ways’ shadows a member of ‘SetAssociativeCache<ptpMRBTableEntry>’ [-Wshadow]
   SetAssociativeCache(int size, int num_ways, int debug_level = 0)
   ^~~~~~~~~~~~~~~~~~~
In file included from prefetcher/ptp/ptp.h:17,
                 from prefetcher/ptp/ptp.cc:1:
/mnt/data/lyq/Kairos/inc/bakshalipour_framework.h:280:7: note: shadowed declaration is here
   int num_ways;
       ^~~~~~~~
In file included from prefetcher/ptp/ptp.h:17,
                 from prefetcher/ptp/ptp.cc:1:
/mnt/data/lyq/Kairos/inc/bakshalipour_framework.h:147:3: warning: declaration of ‘size’ shadows a member of ‘SetAssociativeCache<ptpMRBTableEntry>’ [-Wshadow]
   SetAssociativeCache(int size, int num_ways, int debug_level = 0)
   ^~~~~~~~~~~~~~~~~~~
In file included from prefetcher/ptp/ptp.h:17,
                 from prefetcher/ptp/ptp.cc:1:
/mnt/data/lyq/Kairos/inc/bakshalipour_framework.h:279:7: note: shadowed declaration is here
   int size;
       ^~~~
In file included from prefetcher/ptp/ptp.h:17,
                 from prefetcher/ptp/ptp.cc:1:
/mnt/data/lyq/Kairos/inc/bakshalipour_framework.h: In instantiation of ‘SetAssociativeCache<T>::SetAssociativeCache(int, int, int) [with T = PCMetaEntry]’:
/mnt/data/lyq/Kairos/inc/bakshalipour_framework.h:545:158:   required from ‘SRRIPSetAssociativeCache<T>::SRRIPSetAssociativeCache(int, int, int) [with T = PCMetaEntry]’
prefetcher/ptp/ptp.h:268:137:   required from here
/mnt/data/lyq/Kairos/inc/bakshalipour_framework.h:147:3: warning: declaration of ‘debug_level’ shadows a member of ‘SetAssociativeCache<PCMetaEntry>’ [-Wshadow]
   SetAssociativeCache(int size, int num_ways, int debug_level = 0)
   ^~~~~~~~~~~~~~~~~~~
In file included from prefetcher/ptp/ptp.h:17,
                 from prefetcher/ptp/ptp.cc:1:
/mnt/data/lyq/Kairos/inc/bakshalipour_framework.h:285:21: note: shadowed declaration is here
   int debug_level = 0;
                     ^
In file included from prefetcher/ptp/ptp.h:17,
                 from prefetcher/ptp/ptp.cc:1:
/mnt/data/lyq/Kairos/inc/bakshalipour_framework.h:147:3: warning: declaration of ‘num_ways’ shadows a member of ‘SetAssociativeCache<PCMetaEntry>’ [-Wshadow]
   SetAssociativeCache(int size, int num_ways, int debug_level = 0)
   ^~~~~~~~~~~~~~~~~~~
In file included from prefetcher/ptp/ptp.h:17,
                 from prefetcher/ptp/ptp.cc:1:
/mnt/data/lyq/Kairos/inc/bakshalipour_framework.h:280:7: note: shadowed declaration is here
   int num_ways;
       ^~~~~~~~
In file included from prefetcher/ptp/ptp.h:17,
                 from prefetcher/ptp/ptp.cc:1:
/mnt/data/lyq/Kairos/inc/bakshalipour_framework.h:147:3: warning: declaration of ‘size’ shadows a member of ‘SetAssociativeCache<PCMetaEntry>’ [-Wshadow]
   SetAssociativeCache(int size, int num_ways, int debug_level = 0)
   ^~~~~~~~~~~~~~~~~~~
In file included from prefetcher/ptp/ptp.h:17,
                 from prefetcher/ptp/ptp.cc:1:
/mnt/data/lyq/Kairos/inc/bakshalipour_framework.h:279:7: note: shadowed declaration is here
   int size;
       ^~~~
In file included from prefetcher/resize_tr/resize_tr.h:20,
                 from prefetcher/resize_tr/resize_tr.cc:1:
prefetcher/resize_tr/../triangel/triangel.h: In instantiation of ‘Cacheway<T>::Cacheway(int, ReplacementPolicy, const string&) [with T = TrainingUnitEntry; std::__cxx11::string = std::__cxx11::basic_string<char>]’:
prefetcher/resize_tr/../triangel/triangel.h:481:23:   required from ‘AssociativeCache<T>::AssociativeCache(uint64_t, int, ReplacementPolicy, const string&) [with T = TrainingUnitEntry; uint64_t = long unsigned int; std::__cxx11::string = std::__cxx11::basic_string<char>]’
prefetcher/resize_tr/../triangel/triangel.h:897:136:   required from here
prefetcher/resize_tr/../triangel/triangel.h:127:3: warning: declaration of ‘owner’ shadows a member of ‘Cacheway<TrainingUnitEntry>’ [-Wshadow]
   Cacheway(int capacity, ReplacementPolicy policy = LRU, const std::string& owner = "unknown") : count(0), capacity(capacity), policy(policy), owner(owner)
   ^~~~~~~~
prefetcher/resize_tr/../triangel/triangel.h:120:15: note: shadowed declaration is here
   std::string owner;
               ^~~~~
prefetcher/resize_tr/../triangel/triangel.h:127:3: warning: declaration of ‘policy’ shadows a member of ‘Cacheway<TrainingUnitEntry>’ [-Wshadow]
   Cacheway(int capacity, ReplacementPolicy policy = LRU, const std::string& owner = "unknown") : count(0), capacity(capacity), policy(policy), owner(owner)
   ^~~~~~~~
prefetcher/resize_tr/../triangel/triangel.h:118:21: note: shadowed declaration is here
   ReplacementPolicy policy;
                     ^~~~~~
prefetcher/resize_tr/../triangel/triangel.h:127:3: warning: declaration of ‘capacity’ shadows a member of ‘Cacheway<TrainingUnitEntry>’ [-Wshadow]
   Cacheway(int capacity, ReplacementPolicy policy = LRU, const std::string& owner = "unknown") : count(0), capacity(capacity), policy(policy), owner(owner)
   ^~~~~~~~
prefetcher/resize_tr/../triangel/triangel.h:116:7: note: shadowed declaration is here
   int capacity;
       ^~~~~~~~
prefetcher/resize_tr/../triangel/triangel.h: In instantiation of ‘Cacheway<T>::Cacheway(int, ReplacementPolicy, const string&) [with T = HistorySamplerEntry; std::__cxx11::string = std::__cxx11::basic_string<char>]’:
prefetcher/resize_tr/../triangel/triangel.h:481:23:   required from ‘AssociativeCache<T>::AssociativeCache(uint64_t, int, ReplacementPolicy, const string&) [with T = HistorySamplerEntry; uint64_t = long unsigned int; std::__cxx11::string = std::__cxx11::basic_string<char>]’
prefetcher/resize_tr/../triangel/triangel.h:898:140:   required from here
prefetcher/resize_tr/../triangel/triangel.h:127:3: warning: declaration of ‘owner’ shadows a member of ‘Cacheway<HistorySamplerEntry>’ [-Wshadow]
   Cacheway(int capacity, ReplacementPolicy policy = LRU, const std::string& owner = "unknown") : count(0), capacity(capacity), policy(policy), owner(owner)
   ^~~~~~~~
prefetcher/resize_tr/../triangel/triangel.h:120:15: note: shadowed declaration is here
   std::string owner;
               ^~~~~
prefetcher/resize_tr/../triangel/triangel.h:127:3: warning: declaration of ‘policy’ shadows a member of ‘Cacheway<HistorySamplerEntry>’ [-Wshadow]
   Cacheway(int capacity, ReplacementPolicy policy = LRU, const std::string& owner = "unknown") : count(0), capacity(capacity), policy(policy), owner(owner)
   ^~~~~~~~
prefetcher/resize_tr/../triangel/triangel.h:118:21: note: shadowed declaration is here
   ReplacementPolicy policy;
                     ^~~~~~
prefetcher/resize_tr/../triangel/triangel.h:127:3: warning: declaration of ‘capacity’ shadows a member of ‘Cacheway<HistorySamplerEntry>’ [-Wshadow]
   Cacheway(int capacity, ReplacementPolicy policy = LRU, const std::string& owner = "unknown") : count(0), capacity(capacity), policy(policy), owner(owner)
   ^~~~~~~~
prefetcher/resize_tr/../triangel/triangel.h:116:7: note: shadowed declaration is here
   int capacity;
       ^~~~~~~~
prefetcher/resize_tr/../triangel/triangel.h: In instantiation of ‘Cacheway<T>::Cacheway(int, ReplacementPolicy, const string&) [with T = SecondChanceSamplerEntry; std::__cxx11::string = std::__cxx11::basic_string<char>]’:
prefetcher/resize_tr/../triangel/triangel.h:481:23:   required from ‘AssociativeCache<T>::AssociativeCache(uint64_t, int, ReplacementPolicy, const string&) [with T = SecondChanceSamplerEntry; uint64_t = long unsigned int; std::__cxx11::string = std::__cxx11::basic_string<char>]’
prefetcher/resize_tr/../triangel/triangel.h:899:151:   required from here
prefetcher/resize_tr/../triangel/triangel.h:127:3: warning: declaration of ‘owner’ shadows a member of ‘Cacheway<SecondChanceSamplerEntry>’ [-Wshadow]
   Cacheway(int capacity, ReplacementPolicy policy = LRU, const std::string& owner = "unknown") : count(0), capacity(capacity), policy(policy), owner(owner)
   ^~~~~~~~
prefetcher/resize_tr/../triangel/triangel.h:120:15: note: shadowed declaration is here
   std::string owner;
               ^~~~~
prefetcher/resize_tr/../triangel/triangel.h:127:3: warning: declaration of ‘policy’ shadows a member of ‘Cacheway<SecondChanceSamplerEntry>’ [-Wshadow]
   Cacheway(int capacity, ReplacementPolicy policy = LRU, const std::string& owner = "unknown") : count(0), capacity(capacity), policy(policy), owner(owner)
   ^~~~~~~~
prefetcher/resize_tr/../triangel/triangel.h:118:21: note: shadowed declaration is here
   ReplacementPolicy policy;
                     ^~~~~~
prefetcher/resize_tr/../triangel/triangel.h:127:3: warning: declaration of ‘capacity’ shadows a member of ‘Cacheway<SecondChanceSamplerEntry>’ [-Wshadow]
   Cacheway(int capacity, ReplacementPolicy policy = LRU, const std::string& owner = "unknown") : count(0), capacity(capacity), policy(policy), owner(owner)
   ^~~~~~~~
prefetcher/resize_tr/../triangel/triangel.h:116:7: note: shadowed declaration is here
   int capacity;
       ^~~~~~~~
prefetcher/croage/croage.h: In instantiation of ‘CroageRepl<T>::CroageRepl(CroageRepl<T>&&) [with T = long unsigned int]’:
/usr/include/c++/8/bits/stl_construct.h:75:7:   required from ‘void std::_Construct(_T1*, _Args&& ...) [with _T1 = CroageRepl<long unsigned int>; _Args = {CroageRepl<long unsigned int>}]’
/usr/include/c++/8/bits/stl_uninitialized.h:83:18:   required from ‘static _ForwardIterator std::__uninitialized_copy<_TrivialValueTypes>::__uninit_copy(_InputIterator, _InputIterator, _ForwardIterator) [with _InputIterator = std::move_iterator<CroageRepl<long unsigned int>*>; _ForwardIterator = CroageRepl<long unsigned int>*; bool _TrivialValueTypes = false]’
/usr/include/c++/8/bits/stl_uninitialized.h:134:15:   required from ‘_ForwardIterator std::uninitialized_copy(_InputIterator, _InputIterator, _ForwardIterator) [with _InputIterator = std::move_iterator<CroageRepl<long unsigned int>*>; _ForwardIterator = CroageRepl<long unsigned int>*]’
/usr/include/c++/8/bits/stl_uninitialized.h:289:37:   required from ‘_ForwardIterator std::__uninitialized_copy_a(_InputIterator, _InputIterator, _ForwardIterator, std::allocator<_Tp>&) [with _InputIterator = std::move_iterator<CroageRepl<long unsigned int>*>; _ForwardIterator = CroageRepl<long unsigned int>*; _Tp = CroageRepl<long unsigned int>]’
/usr/include/c++/8/bits/stl_vector.h:1401:35:   required from ‘std::vector<_Tp, _Alloc>::pointer std::vector<_Tp, _Alloc>::_M_allocate_and_copy(std::vector<_Tp, _Alloc>::size_type, _ForwardIterator, _ForwardIterator) [with _ForwardIterator = std::move_iterator<CroageRepl<long unsigned int>*>; _Tp = CroageRepl<long unsigned int>; _Alloc = std::allocator<CroageRepl<long unsigned int> >; std::vector<_Tp, _Alloc>::pointer = CroageRepl<long unsigned int>*; std::vector<_Tp, _Alloc>::size_type = long unsigned int]’
/usr/include/c++/8/bits/vector.tcc:74:12:   required from ‘void std::vector<_Tp, _Alloc>::reserve(std::vector<_Tp, _Alloc>::size_type) [with _Tp = CroageRepl<long unsigned int>; _Alloc = std::allocator<CroageRepl<long unsigned int> >; std::vector<_Tp, _Alloc>::size_type = long unsigned int]’
prefetcher/croage/croage.h:811:24:   required from here
prefetcher/croage/croage.h:429:7: warning: ‘CroageRepl<long unsigned int>::capacity’ will be initialized after [-Wreorder]
prefetcher/croage/croage.h:427:41: warning:   ‘std::unordered_map<long unsigned int, CroageRepl<long unsigned int>::DLinkedNode*, std::hash<long unsigned int>, std::equal_to<long unsigned int>, std::allocator<std::pair<const long unsigned int, CroageRepl<long unsigned int>::DLinkedNode*> > > CroageRepl<long unsigned int>::cache’ [-Wreorder]
   unordered_map<uint64_t, DLinkedNode*> cache;
                                         ^~~~~
prefetcher/croage/croage.h:476:3: warning:   when initialized here [-Wreorder]
   CroageRepl(CroageRepl&& other) noexcept : count(other.count), capacity(other.capacity), cache(std::move(other.cache)), head(other.head), tail(other.tail)
   ^~~~~~~~~~
prefetcher/resize_tr/../triangel/triangel.h: In instantiation of ‘Cacheway<T>::Cacheway(int, ReplacementPolicy, const string&) [with T = MetadataEntry; std::__cxx11::string = std::__cxx11::basic_string<char>]’:
prefetcher/resize_tr/../triangel/triangel.h:481:23:   required from ‘AssociativeCache<T>::AssociativeCache(uint64_t, int, ReplacementPolicy, const string&) [with T = MetadataEntry; uint64_t = long unsigned int; std::__cxx11::string = std::__cxx11::basic_string<char>]’
prefetcher/resize_tr/../triangel/triangel.h:900:129:   required from here
prefetcher/resize_tr/../triangel/triangel.h:127:3: warning: declaration of ‘owner’ shadows a member of ‘Cacheway<MetadataEntry>’ [-Wshadow]
   Cacheway(int capacity, ReplacementPolicy policy = LRU, const std::string& owner = "unknown") : count(0), capacity(capacity), policy(policy), owner(owner)
   ^~~~~~~~
prefetcher/resize_tr/../triangel/triangel.h:120:15: note: shadowed declaration is here
   std::string owner;
               ^~~~~
prefetcher/resize_tr/../triangel/triangel.h:127:3: warning: declaration of ‘policy’ shadows a member of ‘Cacheway<MetadataEntry>’ [-Wshadow]
   Cacheway(int capacity, ReplacementPolicy policy = LRU, const std::string& owner = "unknown") : count(0), capacity(capacity), policy(policy), owner(owner)
   ^~~~~~~~
prefetcher/resize_tr/../triangel/triangel.h:118:21: note: shadowed declaration is here
   ReplacementPolicy policy;
                     ^~~~~~
prefetcher/resize_tr/../triangel/triangel.h:127:3: warning: declaration of ‘capacity’ shadows a member of ‘Cacheway<MetadataEntry>’ [-Wshadow]
   Cacheway(int capacity, ReplacementPolicy policy = LRU, const std::string& owner = "unknown") : count(0), capacity(capacity), policy(policy), owner(owner)
   ^~~~~~~~
prefetcher/resize_tr/../triangel/triangel.h:116:7: note: shadowed declaration is here
   int capacity;
       ^~~~~~~~
In file included from prefetcher/resize_tr/resize_tr.h:16,
                 from prefetcher/resize_tr/resize_tr.cc:1:
/mnt/data/lyq/Kairos/inc/bakshalipour_framework.h: In instantiation of ‘SetAssociativeCache<T>::SetAssociativeCache(int, int, int) [with T = resize_trMetaTableEntry]’:
/mnt/data/lyq/Kairos/inc/bakshalipour_framework.h:545:158:   required from ‘SRRIPSetAssociativeCache<T>::SRRIPSetAssociativeCache(int, int, int) [with T = resize_trMetaTableEntry]’
prefetcher/resize_tr/resize_tr.h:56:89:   required from here
/mnt/data/lyq/Kairos/inc/bakshalipour_framework.h:147:3: warning: declaration of ‘debug_level’ shadows a member of ‘SetAssociativeCache<resize_trMetaTableEntry>’ [-Wshadow]
   SetAssociativeCache(int size, int num_ways, int debug_level = 0)
   ^~~~~~~~~~~~~~~~~~~
In file included from prefetcher/resize_tr/resize_tr.h:16,
                 from prefetcher/resize_tr/resize_tr.cc:1:
/mnt/data/lyq/Kairos/inc/bakshalipour_framework.h:285:21: note: shadowed declaration is here
   int debug_level = 0;
                     ^
In file included from prefetcher/resize_tr/resize_tr.h:16,
                 from prefetcher/resize_tr/resize_tr.cc:1:
/mnt/data/lyq/Kairos/inc/bakshalipour_framework.h:147:3: warning: declaration of ‘num_ways’ shadows a member of ‘SetAssociativeCache<resize_trMetaTableEntry>’ [-Wshadow]
   SetAssociativeCache(int size, int num_ways, int debug_level = 0)
   ^~~~~~~~~~~~~~~~~~~
In file included from prefetcher/resize_tr/resize_tr.h:16,
                 from prefetcher/resize_tr/resize_tr.cc:1:
/mnt/data/lyq/Kairos/inc/bakshalipour_framework.h:280:7: note: shadowed declaration is here
   int num_ways;
       ^~~~~~~~
In file included from prefetcher/resize_tr/resize_tr.h:16,
                 from prefetcher/resize_tr/resize_tr.cc:1:
/mnt/data/lyq/Kairos/inc/bakshalipour_framework.h:147:3: warning: declaration of ‘size’ shadows a member of ‘SetAssociativeCache<resize_trMetaTableEntry>’ [-Wshadow]
   SetAssociativeCache(int size, int num_ways, int debug_level = 0)
   ^~~~~~~~~~~~~~~~~~~
In file included from prefetcher/resize_tr/resize_tr.h:16,
                 from prefetcher/resize_tr/resize_tr.cc:1:
/mnt/data/lyq/Kairos/inc/bakshalipour_framework.h:279:7: note: shadowed declaration is here
   int size;
       ^~~~
In file included from prefetcher/resize_tr/resize_tr.h:16,
                 from prefetcher/resize_tr/resize_tr.cc:1:
/mnt/data/lyq/Kairos/inc/bakshalipour_framework.h: In instantiation of ‘SetAssociativeCache<T>::SetAssociativeCache(int, int, int) [with T = std::deque<long unsigned int>]’:
/mnt/data/lyq/Kairos/inc/bakshalipour_framework.h:382:155:   required from ‘LRUSetAssociativeCache<T>::LRUSetAssociativeCache(int, int, int) [with T = std::deque<long unsigned int>]’
prefetcher/resize_tr/resize_tr.h:106:137:   required from here
/mnt/data/lyq/Kairos/inc/bakshalipour_framework.h:147:3: warning: declaration of ‘debug_level’ shadows a member of ‘SetAssociativeCache<std::deque<long unsigned int> >’ [-Wshadow]
   SetAssociativeCache(int size, int num_ways, int debug_level = 0)
   ^~~~~~~~~~~~~~~~~~~
In file included from prefetcher/resize_tr/resize_tr.h:16,
                 from prefetcher/resize_tr/resize_tr.cc:1:
/mnt/data/lyq/Kairos/inc/bakshalipour_framework.h:285:21: note: shadowed declaration is here
   int debug_level = 0;
                     ^
In file included from prefetcher/resize_tr/resize_tr.h:16,
                 from prefetcher/resize_tr/resize_tr.cc:1:
/mnt/data/lyq/Kairos/inc/bakshalipour_framework.h:147:3: warning: declaration of ‘num_ways’ shadows a member of ‘SetAssociativeCache<std::deque<long unsigned int> >’ [-Wshadow]
   SetAssociativeCache(int size, int num_ways, int debug_level = 0)
   ^~~~~~~~~~~~~~~~~~~
In file included from prefetcher/resize_tr/resize_tr.h:16,
                 from prefetcher/resize_tr/resize_tr.cc:1:
/mnt/data/lyq/Kairos/inc/bakshalipour_framework.h:280:7: note: shadowed declaration is here
   int num_ways;
       ^~~~~~~~
In file included from prefetcher/resize_tr/resize_tr.h:16,
                 from prefetcher/resize_tr/resize_tr.cc:1:
/mnt/data/lyq/Kairos/inc/bakshalipour_framework.h:147:3: warning: declaration of ‘size’ shadows a member of ‘SetAssociativeCache<std::deque<long unsigned int> >’ [-Wshadow]
   SetAssociativeCache(int size, int num_ways, int debug_level = 0)
   ^~~~~~~~~~~~~~~~~~~
In file included from prefetcher/resize_tr/resize_tr.h:16,
                 from prefetcher/resize_tr/resize_tr.cc:1:
/mnt/data/lyq/Kairos/inc/bakshalipour_framework.h:279:7: note: shadowed declaration is here
   int size;
       ^~~~
/mnt/data/lyq/Kairos/inc/bakshalipour_framework.h: In instantiation of ‘int LRUSetAssociativeCache<T>::select_victim(uint64_t) [with T = std::deque<long unsigned int>; uint64_t = long unsigned int]’:
/mnt/data/lyq/Kairos/inc/bakshalipour_framework.h:393:15:   required from here
/mnt/data/lyq/Kairos/inc/bakshalipour_framework.h:396:56: warning: conversion from ‘__gnu_cxx::__normal_iterator<long unsigned int*, std::vector<long unsigned int> >::difference_type’ {aka ‘long int’} to ‘int’ may change value [-Wconversion]
     return min_element(lru_set.begin(), lru_set.end()) - lru_set.begin();
            ~~~~~~~~~~~~~~~~~~~~~~~~~~~~~~~~~~~~~~~~~~~~^~~~~~~~~~~~~~~~~
/mnt/data/lyq/Kairos/inc/bakshalipour_framework.h: In instantiation of ‘int DRRIPSetAssociativeCache<T>::select_victim(uint64_t) [with T = drtpMetaTableEntry; uint64_t = long unsigned int]’:
/mnt/data/lyq/Kairos/inc/bakshalipour_framework.h:684:7:   required from here
/mnt/data/lyq/Kairos/inc/bakshalipour_framework.h:688:28: warning: comparison of integer expressions of different signedness: ‘size_t’ {aka ‘long unsigned int’} and ‘int’ [-Wsign-compare]
       for (size_t i = 0; i < Super::num_ways; i++) {
                          ~~^~~~~~~
/mnt/data/lyq/Kairos/inc/bakshalipour_framework.h:690:18: warning: conversion from ‘size_t’ {aka ‘long unsigned int’} to ‘int’ may change value [-Wconversion]
           return i;
                  ^
/mnt/data/lyq/Kairos/inc/bakshalipour_framework.h:693:28: warning: comparison of integer expressions of different signedness: ‘size_t’ {aka ‘long unsigned int’} and ‘int’ [-Wsign-compare]
       for (size_t i = 0; i < Super::num_ways; i++) {
                          ~~^~~~~~~
/mnt/data/lyq/Kairos/inc/bakshalipour_framework.h: In instantiation of ‘int LRUSetAssociativeCache<T>::select_victim(uint64_t) [with T = std::deque<long unsigned int>; uint64_t = long unsigned int]’:
/mnt/data/lyq/Kairos/inc/bakshalipour_framework.h:393:15:   required from here
/mnt/data/lyq/Kairos/inc/bakshalipour_framework.h:396:56: warning: conversion from ‘__gnu_cxx::__normal_iterator<long unsigned int*, std::vector<long unsigned int> >::difference_type’ {aka ‘long int’} to ‘int’ may change value [-Wconversion]
     return min_element(lru_set.begin(), lru_set.end()) - lru_set.begin();
            ~~~~~~~~~~~~~~~~~~~~~~~~~~~~~~~~~~~~~~~~~~~~^~~~~~~~~~~~~~~~~
/mnt/data/lyq/Kairos/inc/bakshalipour_framework.h: In instantiation of ‘int SRRIPSetAssociativeCache<T>::select_victim(uint64_t) [with T = resize_krMetaTableEntry; uint64_t = long unsigned int]’:
/mnt/data/lyq/Kairos/inc/bakshalipour_framework.h:550:7:   required from here
/mnt/data/lyq/Kairos/inc/bakshalipour_framework.h:554:28: warning: comparison of integer expressions of different signedness: ‘size_t’ {aka ‘long unsigned int’} and ‘int’ [-Wsign-compare]
       for (size_t i = 0; i < Super::num_ways; i++) {
                          ~~^~~~~~~
/mnt/data/lyq/Kairos/inc/bakshalipour_framework.h:556:18: warning: conversion from ‘size_t’ {aka ‘long unsigned int’} to ‘int’ may change value [-Wconversion]
           return i;
                  ^
/mnt/data/lyq/Kairos/inc/bakshalipour_framework.h:559:28: warning: comparison of integer expressions of different signedness: ‘size_t’ {aka ‘long unsigned int’} and ‘int’ [-Wsign-compare]
       for (size_t i = 0; i < Super::num_ways; i++) {
                          ~~^~~~~~~
/mnt/data/lyq/Kairos/inc/bakshalipour_framework.h: In instantiation of ‘int LRUSetAssociativeCache<T>::select_victim(uint64_t) [with T = std::deque<long unsigned int>; uint64_t = long unsigned int]’:
/mnt/data/lyq/Kairos/inc/bakshalipour_framework.h:393:15:   required from here
/mnt/data/lyq/Kairos/inc/bakshalipour_framework.h:396:56: warning: conversion from ‘__gnu_cxx::__normal_iterator<long unsigned int*, std::vector<long unsigned int> >::difference_type’ {aka ‘long int’} to ‘int’ may change value [-Wconversion]
     return min_element(lru_set.begin(), lru_set.end()) - lru_set.begin();
            ~~~~~~~~~~~~~~~~~~~~~~~~~~~~~~~~~~~~~~~~~~~~^~~~~~~~~~~~~~~~~
/mnt/data/lyq/Kairos/inc/bakshalipour_framework.h: In instantiation of ‘int LRUSetAssociativeCache<T>::select_victim(uint64_t) [with T = baselineMetaTableEntry; uint64_t = long unsigned int]’:
/mnt/data/lyq/Kairos/inc/bakshalipour_framework.h:393:15:   required from here
/mnt/data/lyq/Kairos/inc/bakshalipour_framework.h:396:56: warning: conversion from ‘__gnu_cxx::__normal_iterator<long unsigned int*, std::vector<long unsigned int> >::difference_type’ {aka ‘long int’} to ‘int’ may change value [-Wconversion]
/mnt/data/lyq/Kairos/inc/bakshalipour_framework.h: In instantiation of ‘int LRUSetAssociativeCache<T>::select_victim(uint64_t) [with T = std::deque<long unsigned int>; uint64_t = long unsigned int]’:
/mnt/data/lyq/Kairos/inc/bakshalipour_framework.h:393:15:   required from here
/mnt/data/lyq/Kairos/inc/bakshalipour_framework.h:396:56: warning: conversion from ‘__gnu_cxx::__normal_iterator<long unsigned int*, std::vector<long unsigned int> >::difference_type’ {aka ‘long int’} to ‘int’ may change value [-Wconversion]
     return min_element(lru_set.begin(), lru_set.end()) - lru_set.begin();
            ~~~~~~~~~~~~~~~~~~~~~~~~~~~~~~~~~~~~~~~~~~~~^~~~~~~~~~~~~~~~~
/mnt/data/lyq/Kairos/inc/bakshalipour_framework.h: In instantiation of ‘int SRRIPSetAssociativeCache<T>::select_victim(uint64_t) [with T = resizeMetaTableEntry; uint64_t = long unsigned int]’:
/mnt/data/lyq/Kairos/inc/bakshalipour_framework.h:550:7:   required from here
/mnt/data/lyq/Kairos/inc/bakshalipour_framework.h:554:28: warning: comparison of integer expressions of different signedness: ‘size_t’ {aka ‘long unsigned int’} and ‘int’ [-Wsign-compare]
       for (size_t i = 0; i < Super::num_ways; i++) {
                          ~~^~~~~~~
/mnt/data/lyq/Kairos/inc/bakshalipour_framework.h:556:18: warning: conversion from ‘size_t’ {aka ‘long unsigned int’} to ‘int’ may change value [-Wconversion]
           return i;
                  ^
/mnt/data/lyq/Kairos/inc/bakshalipour_framework.h:559:28: warning: comparison of integer expressions of different signedness: ‘size_t’ {aka ‘long unsigned int’} and ‘int’ [-Wsign-compare]
       for (size_t i = 0; i < Super::num_ways; i++) {
                          ~~^~~~~~~
/mnt/data/lyq/Kairos/inc/bakshalipour_framework.h: In instantiation of ‘int LRUSetAssociativeCache<T>::select_victim(uint64_t) [with T = filtetp::PCTableEntry; uint64_t = long unsigned int]’:
/mnt/data/lyq/Kairos/inc/bakshalipour_framework.h:393:15:   required from here
/mnt/data/lyq/Kairos/inc/bakshalipour_framework.h:396:56: warning: conversion from ‘__gnu_cxx::__normal_iterator<long unsigned int*, std::vector<long unsigned int> >::difference_type’ {aka ‘long int’} to ‘int’ may change value [-Wconversion]
     return min_element(lru_set.begin(), lru_set.end()) - lru_set.begin();
            ~~~~~~~~~~~~~~~~~~~~~~~~~~~~~~~~~~~~~~~~~~~~^~~~~~~~~~~~~~~~~
/mnt/data/lyq/Kairos/inc/bakshalipour_framework.h: In instantiation of ‘int LRUSetAssociativeCache<T>::select_victim(uint64_t) [with T = filtetpMetaTableEntry; uint64_t = long unsigned int]’:
/mnt/data/lyq/Kairos/inc/bakshalipour_framework.h:393:15:   required from here
/mnt/data/lyq/Kairos/inc/bakshalipour_framework.h:396:56: warning: conversion from ‘__gnu_cxx::__normal_iterator<long unsigned int*, std::vector<long unsigned int> >::difference_type’ {aka ‘long int’} to ‘int’ may change value [-Wconversion]
/mnt/data/lyq/Kairos/inc/bakshalipour_framework.h: In instantiation of ‘int LRUSetAssociativeCache<T>::select_victim(uint64_t) [with T = infpctableMetaTableEntry; uint64_t = long unsigned int]’:
/mnt/data/lyq/Kairos/inc/bakshalipour_framework.h:393:15:   required from here
/mnt/data/lyq/Kairos/inc/bakshalipour_framework.h:396:56: warning: conversion from ‘__gnu_cxx::__normal_iterator<long unsigned int*, std::vector<long unsigned int> >::difference_type’ {aka ‘long int’} to ‘int’ may change value [-Wconversion]
     return min_element(lru_set.begin(), lru_set.end()) - lru_set.begin();
            ~~~~~~~~~~~~~~~~~~~~~~~~~~~~~~~~~~~~~~~~~~~~^~~~~~~~~~~~~~~~~
In file included from /mnt/data/lyq/Kairos/prefetcher/prophet/prophet.h:16,
                 from .csconfig/core_inst.cc.inc:15,
                 from src/generated_environment.cc:28:
/mnt/data/lyq/Kairos/inc/bakshalipour_framework.h: In constructor ‘Table::Table(int, int)’:
/mnt/data/lyq/Kairos/inc/bakshalipour_framework.h:25:32: warning: declaration of ‘height’ shadows a member of ‘Table’ [-Wshadow]
   Table(int width, int height) : width(width), height(height), cells(height, vector<string>(width)) {}
                                ^
/mnt/data/lyq/Kairos/inc/bakshalipour_framework.h:129:12: note: shadowed declaration is here
   unsigned height;
            ^~~~~~
/mnt/data/lyq/Kairos/inc/bakshalipour_framework.h:25:32: warning: declaration of ‘width’ shadows a member of ‘Table’ [-Wshadow]
   Table(int width, int height) : width(width), height(height), cells(height, vector<string>(width)) {}
                                ^
/mnt/data/lyq/Kairos/inc/bakshalipour_framework.h:128:12: note: shadowed declaration is here
   unsigned width;
            ^~~~~
/mnt/data/lyq/Kairos/inc/bakshalipour_framework.h: In instantiation of ‘int SRRIPSetAssociativeCache<T>::select_victim(uint64_t) [with T = long unsigned int; uint64_t = long unsigned int]’:
/mnt/data/lyq/Kairos/inc/bakshalipour_framework.h:550:7:   required from here
/mnt/data/lyq/Kairos/inc/bakshalipour_framework.h:554:28: warning: comparison of integer expressions of different signedness: ‘size_t’ {aka ‘long unsigned int’} and ‘int’ [-Wsign-compare]
       for (size_t i = 0; i < Super::num_ways; i++) {
                          ~~^~~~~~~
/mnt/data/lyq/Kairos/inc/bakshalipour_framework.h:556:18: warning: conversion from ‘size_t’ {aka ‘long unsigned int’} to ‘int’ may change value [-Wconversion]
           return i;
                  ^
/mnt/data/lyq/Kairos/inc/bakshalipour_framework.h:559:28: warning: comparison of integer expressions of different signedness: ‘size_t’ {aka ‘long unsigned int’} and ‘int’ [-Wsign-compare]
       for (size_t i = 0; i < Super::num_ways; i++) {
                          ~~^~~~~~~
/mnt/data/lyq/Kairos/inc/bakshalipour_framework.h: In instantiation of ‘int LRUSetAssociativeCache<T>::select_victim(uint64_t) [with T = std::deque<long unsigned int>; uint64_t = long unsigned int]’:
/mnt/data/lyq/Kairos/inc/bakshalipour_framework.h:393:15:   required from here
/mnt/data/lyq/Kairos/inc/bakshalipour_framework.h:396:56: warning: conversion from ‘__gnu_cxx::__normal_iterator<long unsigned int*, std::vector<long unsigned int> >::difference_type’ {aka ‘long int’} to ‘int’ may change value [-Wconversion]
     return min_element(lru_set.begin(), lru_set.end()) - lru_set.begin();
            ~~~~~~~~~~~~~~~~~~~~~~~~~~~~~~~~~~~~~~~~~~~~^~~~~~~~~~~~~~~~~
/mnt/data/lyq/Kairos/inc/bakshalipour_framework.h: In instantiation of ‘int LRUSetAssociativeCache<T>::select_victim(uint64_t) [with T = conftpMetaTableEntry; uint64_t = long unsigned int]’:
/mnt/data/lyq/Kairos/inc/bakshalipour_framework.h:393:15:   required from here
/mnt/data/lyq/Kairos/inc/bakshalipour_framework.h:396:56: warning: conversion from ‘__gnu_cxx::__normal_iterator<long unsigned int*, std::vector<long unsigned int> >::difference_type’ {aka ‘long int’} to ‘int’ may change value [-Wconversion]
/mnt/data/lyq/Kairos/inc/bakshalipour_framework.h: In instantiation of ‘int LRUSetAssociativeCache<T>::select_victim(uint64_t) [with T = std::deque<long unsigned int>; uint64_t = long unsigned int]’:
/mnt/data/lyq/Kairos/inc/bakshalipour_framework.h:393:15:   required from here
/mnt/data/lyq/Kairos/inc/bakshalipour_framework.h:396:56: warning: conversion from ‘__gnu_cxx::__normal_iterator<long unsigned int*, std::vector<long unsigned int> >::difference_type’ {aka ‘long int’} to ‘int’ may change value [-Wconversion]
     return min_element(lru_set.begin(), lru_set.end()) - lru_set.begin();
            ~~~~~~~~~~~~~~~~~~~~~~~~~~~~~~~~~~~~~~~~~~~~^~~~~~~~~~~~~~~~~
/mnt/data/lyq/Kairos/inc/bakshalipour_framework.h: In instantiation of ‘int LFUSetAssociativeCache<T>::select_victim(uint64_t) [with T = lfutpMetaTableEntry; uint64_t = long unsigned int]’:
/mnt/data/lyq/Kairos/inc/bakshalipour_framework.h:339:15:   required from here
/mnt/data/lyq/Kairos/inc/bakshalipour_framework.h:348:11: warning: conversion from ‘__gnu_cxx::__alloc_traits<std::allocator<long unsigned int>, long unsigned int>::value_type’ {aka ‘long unsigned int’} to ‘int’ may change value [-Wconversion]
       int curr_freq = freq[index][way];
           ^~~~~~~~~
/mnt/data/lyq/Kairos/inc/bakshalipour_framework.h:349:21: warning: comparison of integer expressions of different signedness: ‘int’ and ‘uint64_t’ {aka ‘long unsigned int’} [-Wsign-compare]
       if (curr_freq < min_freq) {
           ~~~~~~~~~~^~~~~~~~~~
/mnt/data/lyq/Kairos/inc/bakshalipour_framework.h: In constructor ‘SetAssociativeCache<T>::SetAssociativeCache(int, int, int)’:
/mnt/data/lyq/Kairos/inc/bakshalipour_framework.h:148:7: warning: declaration of ‘debug_level’ shadows a member of ‘SetAssociativeCache<T>’ [-Wshadow]
       : size(size), num_ways(num_ways), num_sets(size / num_ways), entries(num_sets, vector<Entry>(num_ways)), cams(num_sets), debug_level(debug_level)
       ^
In file included from /mnt/data/lyq/Kairos/prefetcher/prophet/prophet.h:16,
                 from .csconfig/core_inst.cc.inc:15,
                 from src/generated_environment.cc:28:
/mnt/data/lyq/Kairos/inc/bakshalipour_framework.h:285:21: note: shadowed declaration is here
   int debug_level = 0;
                     ^
In file included from /mnt/data/lyq/Kairos/prefetcher/prophet/prophet.h:16,
                 from .csconfig/core_inst.cc.inc:15,
                 from src/generated_environment.cc:28:
/mnt/data/lyq/Kairos/inc/bakshalipour_framework.h:148:7: warning: declaration of ‘num_ways’ shadows a member of ‘SetAssociativeCache<T>’ [-Wshadow]
       : size(size), num_ways(num_ways), num_sets(size / num_ways), entries(num_sets, vector<Entry>(num_ways)), cams(num_sets), debug_level(debug_level)
       ^
In file included from /mnt/data/lyq/Kairos/prefetcher/prophet/prophet.h:16,
                 from .csconfig/core_inst.cc.inc:15,
                 from src/generated_environment.cc:28:
/mnt/data/lyq/Kairos/inc/bakshalipour_framework.h:280:7: note: shadowed declaration is here
   int num_ways;
       ^~~~~~~~
In file included from /mnt/data/lyq/Kairos/prefetcher/prophet/prophet.h:16,
                 from .csconfig/core_inst.cc.inc:15,
                 from src/generated_environment.cc:28:
/mnt/data/lyq/Kairos/inc/bakshalipour_framework.h:148:7: warning: declaration of ‘size’ shadows a member of ‘SetAssociativeCache<T>’ [-Wshadow]
       : size(size), num_ways(num_ways), num_sets(size / num_ways), entries(num_sets, vector<Entry>(num_ways)), cams(num_sets), debug_level(debug_level)
       ^
In file included from /mnt/data/lyq/Kairos/prefetcher/prophet/prophet.h:16,
                 from .csconfig/core_inst.cc.inc:15,
                 from src/generated_environment.cc:28:
/mnt/data/lyq/Kairos/inc/bakshalipour_framework.h:279:7: note: shadowed declaration is here
   int size;
       ^~~~
/mnt/data/lyq/Kairos/inc/bakshalipour_framework.h: In instantiation of ‘int LRUSetAssociativeCache<T>::select_victim(uint64_t) [with T = std::deque<long unsigned int>; uint64_t = long unsigned int]’:
/mnt/data/lyq/Kairos/inc/bakshalipour_framework.h:393:15:   required from here
/mnt/data/lyq/Kairos/inc/bakshalipour_framework.h:396:56: warning: conversion from ‘__gnu_cxx::__normal_iterator<long unsigned int*, std::vector<long unsigned int> >::difference_type’ {aka ‘long int’} to ‘int’ may change value [-Wconversion]
     return min_element(lru_set.begin(), lru_set.end()) - lru_set.begin();
            ~~~~~~~~~~~~~~~~~~~~~~~~~~~~~~~~~~~~~~~~~~~~^~~~~~~~~~~~~~~~~
/mnt/data/lyq/Kairos/inc/bakshalipour_framework.h: In instantiation of ‘int SRRIPSetAssociativeCache<T>::select_victim(uint64_t) [with T = srtpMetaTableEntry; uint64_t = long unsigned int]’:
/mnt/data/lyq/Kairos/inc/bakshalipour_framework.h:550:7:   required from here
/mnt/data/lyq/Kairos/inc/bakshalipour_framework.h:554:28: warning: comparison of integer expressions of different signedness: ‘size_t’ {aka ‘long unsigned int’} and ‘int’ [-Wsign-compare]
       for (size_t i = 0; i < Super::num_ways; i++) {
                          ~~^~~~~~~
/mnt/data/lyq/Kairos/inc/bakshalipour_framework.h:556:18: warning: conversion from ‘size_t’ {aka ‘long unsigned int’} to ‘int’ may change value [-Wconversion]
           return i;
                  ^
/mnt/data/lyq/Kairos/inc/bakshalipour_framework.h:559:28: warning: comparison of integer expressions of different signedness: ‘size_t’ {aka ‘long unsigned int’} and ‘int’ [-Wsign-compare]
       for (size_t i = 0; i < Super::num_ways; i++) {
                          ~~^~~~~~~
/mnt/data/lyq/Kairos/inc/bakshalipour_framework.h: In instantiation of ‘int LRUSetAssociativeCache<T>::select_victim(uint64_t) [with T = std::deque<long unsigned int>; uint64_t = long unsigned int]’:
/mnt/data/lyq/Kairos/inc/bakshalipour_framework.h:393:15:   required from here
/mnt/data/lyq/Kairos/inc/bakshalipour_framework.h:396:56: warning: conversion from ‘__gnu_cxx::__normal_iterator<long unsigned int*, std::vector<long unsigned int> >::difference_type’ {aka ‘long int’} to ‘int’ may change value [-Wconversion]
     return min_element(lru_set.begin(), lru_set.end()) - lru_set.begin();
            ~~~~~~~~~~~~~~~~~~~~~~~~~~~~~~~~~~~~~~~~~~~~^~~~~~~~~~~~~~~~~
/mnt/data/lyq/Kairos/inc/bakshalipour_framework.h: In instantiation of ‘int SRRIPSetAssociativeCache<T>::select_victim(uint64_t) [with T = resize_prMetaTableEntry; uint64_t = long unsigned int]’:
/mnt/data/lyq/Kairos/inc/bakshalipour_framework.h:550:7:   required from here
/mnt/data/lyq/Kairos/inc/bakshalipour_framework.h:554:28: warning: comparison of integer expressions of different signedness: ‘size_t’ {aka ‘long unsigned int’} and ‘int’ [-Wsign-compare]
       for (size_t i = 0; i < Super::num_ways; i++) {
                          ~~^~~~~~~
/mnt/data/lyq/Kairos/inc/bakshalipour_framework.h:556:18: warning: conversion from ‘size_t’ {aka ‘long unsigned int’} to ‘int’ may change value [-Wconversion]
           return i;
                  ^
/mnt/data/lyq/Kairos/inc/bakshalipour_framework.h:559:28: warning: comparison of integer expressions of different signedness: ‘size_t’ {aka ‘long unsigned int’} and ‘int’ [-Wsign-compare]
       for (size_t i = 0; i < Super::num_ways; i++) {
                          ~~^~~~~~~
/mnt/data/lyq/Kairos/inc/bakshalipour_framework.h: In instantiation of ‘int LRUSetAssociativeCache<T>::select_victim(uint64_t) [with T = earlytp::PCTableEntry; uint64_t = long unsigned int]’:
/mnt/data/lyq/Kairos/inc/bakshalipour_framework.h:393:15:   required from here
/mnt/data/lyq/Kairos/inc/bakshalipour_framework.h:396:56: warning: conversion from ‘__gnu_cxx::__normal_iterator<long unsigned int*, std::vector<long unsigned int> >::difference_type’ {aka ‘long int’} to ‘int’ may change value [-Wconversion]
     return min_element(lru_set.begin(), lru_set.end()) - lru_set.begin();
            ~~~~~~~~~~~~~~~~~~~~~~~~~~~~~~~~~~~~~~~~~~~~^~~~~~~~~~~~~~~~~
/mnt/data/lyq/Kairos/inc/bakshalipour_framework.h: In instantiation of ‘int LRUSetAssociativeCache<T>::select_victim(uint64_t) [with T = earlytpMetaTableEntry; uint64_t = long unsigned int]’:
/mnt/data/lyq/Kairos/inc/bakshalipour_framework.h:393:15:   required from here
/mnt/data/lyq/Kairos/inc/bakshalipour_framework.h:396:56: warning: conversion from ‘__gnu_cxx::__normal_iterator<long unsigned int*, std::vector<long unsigned int> >::difference_type’ {aka ‘long int’} to ‘int’ may change value [-Wconversion]
/mnt/data/lyq/Kairos/inc/bakshalipour_framework.h: In instantiation of ‘int LRUSetAssociativeCache<T>::select_victim(uint64_t) [with T = std::deque<long unsigned int>; uint64_t = long unsigned int]’:
/mnt/data/lyq/Kairos/inc/bakshalipour_framework.h:393:15:   required from here
/mnt/data/lyq/Kairos/inc/bakshalipour_framework.h:396:56: warning: conversion from ‘__gnu_cxx::__normal_iterator<long unsigned int*, std::vector<long unsigned int> >::difference_type’ {aka ‘long int’} to ‘int’ may change value [-Wconversion]
     return min_element(lru_set.begin(), lru_set.end()) - lru_set.begin();
            ~~~~~~~~~~~~~~~~~~~~~~~~~~~~~~~~~~~~~~~~~~~~^~~~~~~~~~~~~~~~~
/mnt/data/lyq/Kairos/inc/bakshalipour_framework.h: In instantiation of ‘int SHIPSetAssociativeCache<T>::select_victim(uint64_t) [with T = shtpMetaTableEntry; uint64_t = long unsigned int]’:
/mnt/data/lyq/Kairos/inc/bakshalipour_framework.h:445:7:   required from here
/mnt/data/lyq/Kairos/inc/bakshalipour_framework.h:449:28: warning: comparison of integer expressions of different signedness: ‘size_t’ {aka ‘long unsigned int’} and ‘int’ [-Wsign-compare]
       for (size_t i = 0; i < Super::num_ways; i++) {
                          ~~^~~~~~~
/mnt/data/lyq/Kairos/inc/bakshalipour_framework.h:451:18: warning: conversion from ‘size_t’ {aka ‘long unsigned int’} to ‘int’ may change value [-Wconversion]
           return i;
                  ^
/mnt/data/lyq/Kairos/inc/bakshalipour_framework.h:454:28: warning: comparison of integer expressions of different signedness: ‘size_t’ {aka ‘long unsigned int’} and ‘int’ [-Wsign-compare]
       for (size_t i = 0; i < Super::num_ways; i++) {
                          ~~^~~~~~~
/mnt/data/lyq/Kairos/inc/bakshalipour_framework.h: In member function ‘void SetAssociativeCache<T>::set_debug_level(int)’:
/mnt/data/lyq/Kairos/inc/bakshalipour_framework.h:255:41: warning: declaration of ‘debug_level’ shadows a member of ‘SetAssociativeCache<T>’ [-Wshadow]
   void set_debug_level(int debug_level) { this->debug_level = debug_level; }
                                         ^
/mnt/data/lyq/Kairos/inc/bakshalipour_framework.h:285:21: note: shadowed declaration is here
   int debug_level = 0;
                     ^
prefetcher/vberti/vberti.cc: In member function ‘uint8_t vberti::shadow_cache_latency(uint64_t)’:
prefetcher/vberti/vberti.cc:186:30: warning: conversion from ‘uint64_t’ {aka ‘long unsigned int’} to ‘uint8_t’ {aka ‘unsigned char’} may change value [-Wconversion]
         return scache[i][ii].lat;
                ~~~~~~~~~~~~~~^~~
prefetcher/vberti/vberti.cc: In member function ‘uint16_t vberti::history_table_get_aux(uint32_t, uint64_t, uint64_t, uint64_t*, uint64_t*, uint64_t)’:
prefetcher/vberti/vberti.cc:243:11: warning: unused variable ‘found’ [-Wunused-variable]
       int found = 0;
           ^~~~~
/mnt/data/lyq/Kairos/inc/bakshalipour_framework.h: In instantiation of ‘int LRUSetAssociativeCache<T>::select_victim(uint64_t) [with T = std::deque<long unsigned int>; uint64_t = long unsigned int]’:
/mnt/data/lyq/Kairos/inc/bakshalipour_framework.h:393:15:   required from here
/mnt/data/lyq/Kairos/inc/bakshalipour_framework.h:396:56: warning: conversion from ‘__gnu_cxx::__normal_iterator<long unsigned int*, std::vector<long unsigned int> >::difference_type’ {aka ‘long int’} to ‘int’ may change value [-Wconversion]
     return min_element(lru_set.begin(), lru_set.end()) - lru_set.begin();
            ~~~~~~~~~~~~~~~~~~~~~~~~~~~~~~~~~~~~~~~~~~~~^~~~~~~~~~~~~~~~~
/mnt/data/lyq/Kairos/inc/bakshalipour_framework.h: In instantiation of ‘int LRUSetAssociativeCache<T>::select_victim(uint64_t) [with T = pctpMetaTableEntry; uint64_t = long unsigned int]’:
/mnt/data/lyq/Kairos/inc/bakshalipour_framework.h:393:15:   required from here
/mnt/data/lyq/Kairos/inc/bakshalipour_framework.h:396:56: warning: conversion from ‘__gnu_cxx::__normal_iterator<long unsigned int*, std::vector<long unsigned int> >::difference_type’ {aka ‘long int’} to ‘int’ may change value [-Wconversion]
/mnt/data/lyq/Kairos/inc/bakshalipour_framework.h: In instantiation of ‘int SRRIPSetAssociativeCache<T>::select_victim(uint64_t) [with T = MetaTableEntry; uint64_t = long unsigned int]’:
/mnt/data/lyq/Kairos/inc/bakshalipour_framework.h:550:7:   required from here
/mnt/data/lyq/Kairos/inc/bakshalipour_framework.h:554:28: warning: comparison of integer expressions of different signedness: ‘size_t’ {aka ‘long unsigned int’} and ‘int’ [-Wsign-compare]
       for (size_t i = 0; i < Super::num_ways; i++) {
                          ~~^~~~~~~
/mnt/data/lyq/Kairos/inc/bakshalipour_framework.h:556:18: warning: conversion from ‘size_t’ {aka ‘long unsigned int’} to ‘int’ may change value [-Wconversion]
           return i;
                  ^
/mnt/data/lyq/Kairos/inc/bakshalipour_framework.h:559:28: warning: comparison of integer expressions of different signedness: ‘size_t’ {aka ‘long unsigned int’} and ‘int’ [-Wsign-compare]
       for (size_t i = 0; i < Super::num_ways; i++) {
                          ~~^~~~~~~
/mnt/data/lyq/Kairos/inc/bakshalipour_framework.h: In instantiation of ‘int LRUSetAssociativeCache<T>::select_victim(uint64_t) [with T = prism::PCTableEntry; uint64_t = long unsigned int]’:
/mnt/data/lyq/Kairos/inc/bakshalipour_framework.h:393:15:   required from here
/mnt/data/lyq/Kairos/inc/bakshalipour_framework.h:396:56: warning: conversion from ‘__gnu_cxx::__normal_iterator<long unsigned int*, std::vector<long unsigned int> >::difference_type’ {aka ‘long int’} to ‘int’ may change value [-Wconversion]
     return min_element(lru_set.begin(), lru_set.end()) - lru_set.begin();
            ~~~~~~~~~~~~~~~~~~~~~~~~~~~~~~~~~~~~~~~~~~~~^~~~~~~~~~~~~~~~~
/mnt/data/lyq/Kairos/inc/bakshalipour_framework.h: In instantiation of ‘int SHIPSetAssociativeCache<T>::select_victim(uint64_t) [with T = MetaTableEntry; uint64_t = long unsigned int]’:
/mnt/data/lyq/Kairos/inc/bakshalipour_framework.h:445:7:   required from here
/mnt/data/lyq/Kairos/inc/bakshalipour_framework.h:449:28: warning: comparison of integer expressions of different signedness: ‘size_t’ {aka ‘long unsigned int’} and ‘int’ [-Wsign-compare]
       for (size_t i = 0; i < Super::num_ways; i++) {
                          ~~^~~~~~~
/mnt/data/lyq/Kairos/inc/bakshalipour_framework.h:451:18: warning: conversion from ‘size_t’ {aka ‘long unsigned int’} to ‘int’ may change value [-Wconversion]
           return i;
                  ^
/mnt/data/lyq/Kairos/inc/bakshalipour_framework.h:454:28: warning: comparison of integer expressions of different signedness: ‘size_t’ {aka ‘long unsigned int’} and ‘int’ [-Wsign-compare]
       for (size_t i = 0; i < Super::num_ways; i++) {
                          ~~^~~~~~~
prefetcher/vberti/vberti.cc: In member function ‘void vberti::vberti_table_add(uint64_t, int64_t)’:
prefetcher/vberti/vberti.cc:350:24: warning: conversion from ‘uint64_t’ {aka ‘long unsigned int’} to ‘uint8_t’ {aka ‘unsigned char’} may change value [-Wconversion]
       dx_conf = aux[i].conf;
                 ~~~~~~~^~~~
prefetcher/vberti/vberti.cc:363:26: warning: conversion from ‘uint64_t’ {aka ‘long unsigned int’} to ‘uint8_t’ {aka ‘unsigned char’} may change value [-Wconversion]
         dx_conf = aux[i].conf;
                   ~~~~~~~^~~~
prefetcher/vberti/vberti.cc:335:11: warning: unused variable ‘max’ [-Wunused-variable]
   uint8_t max = 0;
           ^~~
prefetcher/vberti/vberti.cc: In member function ‘uint8_t vberti::vberti_table_get(uint64_t, stride_t*)’:
prefetcher/vberti/vberti.cc:400:23: warning: conversion from ‘uint64_t’ {aka ‘long unsigned int’} to ‘float’ may change value [-Wconversion]
         res[dx].per = aux_conf;
                       ^~~~~~~~
prefetcher/vberti/vberti.cc:383:12: warning: unused variable ‘max_conf’ [-Wunused-variable]
   uint64_t max_conf = 0;
            ^~~~~~~~
prefetcher/vberti/vberti.cc: In member function ‘void vberti::find_and_update(uint64_t, uint64_t, uint64_t, uint64_t)’:
prefetcher/vberti/vberti.cc:428:35: warning: conversion from ‘uint64_t’ {aka ‘long unsigned int’} to ‘uint32_t’ {aka ‘unsigned int’} may change value [-Wconversion]
   num_on_time = history_table_get(latency, tag, line_addr, ip, addr, cycle);
                                   ^~~~~~~
/mnt/data/lyq/Kairos/inc/bakshalipour_framework.h: In member function ‘void INFMJSetAssociativeCache<T>::mj_update(uint64_t, uint32_t, uint32_t, bool, uint64_t)’:
/mnt/data/lyq/Kairos/inc/bakshalipour_framework.h:1249:67: warning: left shift count >= width of type [-Wshift-count-overflow]
     uint64_t page_sig = get_page_signature(pc, full_addr & ((1 << 32) - 1));
                                                                   ^~
prefetcher/vberti/vberti.cc: In member function ‘uint32_t vberti::prefetcher_cache_operate(champsim::address, champsim::address, uint8_t, bool, access_type, uint32_t)’:
prefetcher/vberti/vberti.cc:499:14: warning: unused variable ‘p_b_addr’ [-Wunused-variable]
     uint64_t p_b_addr = (p_addr >> LOG2_BLOCK_SIZE);
              ^~~~~~~~
prefetcher/vberti/vberti.cc: In member function ‘uint32_t vberti::prefetcher_cache_fill(champsim::address, long int, long int, uint8_t, champsim::address, uint32_t)’:
prefetcher/vberti/vberti.cc:535:20: warning: conversion from ‘long int’ to ‘uint32_t’ {aka ‘unsigned int’} may change value [-Wconversion]
   shadow_cache_add(set, way, line_addr, prefetch, latency);
                    ^~~
prefetcher/vberti/vberti.cc:535:25: warning: conversion from ‘long int’ to ‘uint32_t’ {aka ‘unsigned int’} may change value [-Wconversion]
   shadow_cache_add(set, way, line_addr, prefetch, latency);
                         ^~~
/mnt/data/lyq/Kairos/inc/bakshalipour_framework.h: In instantiation of ‘int LRUSetAssociativeCache<T>::select_victim(uint64_t) [with T = latetp::PCTableEntry; uint64_t = long unsigned int]’:
/mnt/data/lyq/Kairos/inc/bakshalipour_framework.h:393:15:   required from here
/mnt/data/lyq/Kairos/inc/bakshalipour_framework.h:396:56: warning: conversion from ‘__gnu_cxx::__normal_iterator<long unsigned int*, std::vector<long unsigned int> >::difference_type’ {aka ‘long int’} to ‘int’ may change value [-Wconversion]
     return min_element(lru_set.begin(), lru_set.end()) - lru_set.begin();
            ~~~~~~~~~~~~~~~~~~~~~~~~~~~~~~~~~~~~~~~~~~~~^~~~~~~~~~~~~~~~~
/mnt/data/lyq/Kairos/inc/bakshalipour_framework.h: In instantiation of ‘int LRUSetAssociativeCache<T>::select_victim(uint64_t) [with T = latetpMetaTableEntry; uint64_t = long unsigned int]’:
/mnt/data/lyq/Kairos/inc/bakshalipour_framework.h:393:15:   required from here
/mnt/data/lyq/Kairos/inc/bakshalipour_framework.h:396:56: warning: conversion from ‘__gnu_cxx::__normal_iterator<long unsigned int*, std::vector<long unsigned int> >::difference_type’ {aka ‘long int’} to ‘int’ may change value [-Wconversion]
/mnt/data/lyq/Kairos/inc/bakshalipour_framework.h: In instantiation of ‘int LRUSetAssociativeCache<T>::select_victim(uint64_t) [with T = std::deque<long unsigned int>; uint64_t = long unsigned int]’:
/mnt/data/lyq/Kairos/inc/bakshalipour_framework.h:393:15:   required from here
/mnt/data/lyq/Kairos/inc/bakshalipour_framework.h:396:56: warning: conversion from ‘__gnu_cxx::__normal_iterator<long unsigned int*, std::vector<long unsigned int> >::difference_type’ {aka ‘long int’} to ‘int’ may change value [-Wconversion]
     return min_element(lru_set.begin(), lru_set.end()) - lru_set.begin();
            ~~~~~~~~~~~~~~~~~~~~~~~~~~~~~~~~~~~~~~~~~~~~^~~~~~~~~~~~~~~~~
/mnt/data/lyq/Kairos/inc/bakshalipour_framework.h: In instantiation of ‘int LRUSetAssociativeCache<T>::select_victim(uint64_t) [with T = long unsigned int; uint64_t = long unsigned int]’:
/mnt/data/lyq/Kairos/inc/bakshalipour_framework.h:393:15:   required from here
/mnt/data/lyq/Kairos/inc/bakshalipour_framework.h:396:56: warning: conversion from ‘__gnu_cxx::__normal_iterator<long unsigned int*, std::vector<long unsigned int> >::difference_type’ {aka ‘long int’} to ‘int’ may change value [-Wconversion]
     return min_element(lru_set.begin(), lru_set.end()) - lru_set.begin();
            ~~~~~~~~~~~~~~~~~~~~~~~~~~~~~~~~~~~~~~~~~~~~^~~~~~~~~~~~~~~~~
/mnt/data/lyq/Kairos/inc/bakshalipour_framework.h: In instantiation of ‘int LRUSetAssociativeCache<T>::select_victim(uint64_t) [with T = ProphetMRBTableEntry; uint64_t = long unsigned int]’:
/mnt/data/lyq/Kairos/inc/bakshalipour_framework.h:393:15:   required from here
/mnt/data/lyq/Kairos/inc/bakshalipour_framework.h:396:56: warning: conversion from ‘__gnu_cxx::__normal_iterator<long unsigned int*, std::vector<long unsigned int> >::difference_type’ {aka ‘long int’} to ‘int’ may change value [-Wconversion]
/mnt/data/lyq/Kairos/inc/bakshalipour_framework.h: In instantiation of ‘int LRUSetAssociativeCache<T>::select_victim(uint64_t) [with T = ProphetMetaTableEntry; uint64_t = long unsigned int]’:
/mnt/data/lyq/Kairos/inc/bakshalipour_framework.h:393:15:   required from here
/mnt/data/lyq/Kairos/inc/bakshalipour_framework.h:396:56: warning: conversion from ‘__gnu_cxx::__normal_iterator<long unsigned int*, std::vector<long unsigned int> >::difference_type’ {aka ‘long int’} to ‘int’ may change value [-Wconversion]
/mnt/data/lyq/Kairos/inc/bakshalipour_framework.h: In instantiation of ‘int LRUSetAssociativeCache<T>::select_victim(uint64_t) [with T = std::deque<long unsigned int>; uint64_t = long unsigned int]’:
/mnt/data/lyq/Kairos/inc/bakshalipour_framework.h:393:15:   required from here
/mnt/data/lyq/Kairos/inc/bakshalipour_framework.h:396:56: warning: conversion from ‘__gnu_cxx::__normal_iterator<long unsigned int*, std::vector<long unsigned int> >::difference_type’ {aka ‘long int’} to ‘int’ may change value [-Wconversion]
     return min_element(lru_set.begin(), lru_set.end()) - lru_set.begin();
            ~~~~~~~~~~~~~~~~~~~~~~~~~~~~~~~~~~~~~~~~~~~~^~~~~~~~~~~~~~~~~
/mnt/data/lyq/Kairos/inc/bakshalipour_framework.h: In instantiation of ‘int BRRIPSetAssociativeCache<T>::select_victim(uint64_t) [with T = brtpMetaTableEntry; uint64_t = long unsigned int]’:
/mnt/data/lyq/Kairos/inc/bakshalipour_framework.h:612:7:   required from here
/mnt/data/lyq/Kairos/inc/bakshalipour_framework.h:616:28: warning: comparison of integer expressions of different signedness: ‘size_t’ {aka ‘long unsigned int’} and ‘int’ [-Wsign-compare]
       for (size_t i = 0; i < Super::num_ways; i++) {
                          ~~^~~~~~~
/mnt/data/lyq/Kairos/inc/bakshalipour_framework.h:618:18: warning: conversion from ‘size_t’ {aka ‘long unsigned int’} to ‘int’ may change value [-Wconversion]
           return i;
                  ^
/mnt/data/lyq/Kairos/inc/bakshalipour_framework.h:621:28: warning: comparison of integer expressions of different signedness: ‘size_t’ {aka ‘long unsigned int’} and ‘int’ [-Wsign-compare]
       for (size_t i = 0; i < Super::num_ways; i++) {
                          ~~^~~~~~~
In file included from .csconfig/core_inst.cc.inc:15,
                 from src/generated_environment.cc:28:
/mnt/data/lyq/Kairos/prefetcher/prophet/prophet.h: In constructor ‘ProphetMetaTable::ProphetMetaTable(int, int)’:
/mnt/data/lyq/Kairos/prefetcher/prophet/prophet.h:99:44: warning: declaration of ‘num_ways’ shadows a member of ‘ProphetMetaTable’ [-Wshadow]
   ProphetMetaTable(int size, int num_ways) : Super(size, num_ways), priority_pgo(num_sets, vector<uint8_t>(num_ways, 0)) {}
                                            ^
In file included from /mnt/data/lyq/Kairos/prefetcher/prophet/prophet.h:16,
                 from .csconfig/core_inst.cc.inc:15,
                 from src/generated_environment.cc:28:
/mnt/data/lyq/Kairos/inc/bakshalipour_framework.h:280:7: note: shadowed declaration is here
   int num_ways;
       ^~~~~~~~
In file included from .csconfig/core_inst.cc.inc:15,
                 from src/generated_environment.cc:28:
/mnt/data/lyq/Kairos/prefetcher/prophet/prophet.h:99:44: warning: declaration of ‘size’ shadows a member of ‘ProphetMetaTable’ [-Wshadow]
   ProphetMetaTable(int size, int num_ways) : Super(size, num_ways), priority_pgo(num_sets, vector<uint8_t>(num_ways, 0)) {}
                                            ^
In file included from /mnt/data/lyq/Kairos/prefetcher/prophet/prophet.h:16,
                 from .csconfig/core_inst.cc.inc:15,
                 from src/generated_environment.cc:28:
/mnt/data/lyq/Kairos/inc/bakshalipour_framework.h:279:7: note: shadowed declaration is here
   int size;
       ^~~~
In file included from .csconfig/core_inst.cc.inc:15,
                 from src/generated_environment.cc:28:
/mnt/data/lyq/Kairos/prefetcher/prophet/prophet.h: In member function ‘virtual int ProphetMetaTable::select_victim(uint64_t)’:
/mnt/data/lyq/Kairos/prefetcher/prophet/prophet.h:128:26: warning: comparison of integer expressions of different signedness: ‘size_t’ {aka ‘long unsigned int’} and ‘int’ [-Wsign-compare]
     for (size_t i = 0; i < num_ways; i++) {
                        ~~^~~~~~~~~~
/mnt/data/lyq/Kairos/prefetcher/prophet/prophet.h:132:24: warning: conversion from ‘size_t’ {aka ‘long unsigned int’} to ‘int’ may change value [-Wconversion]
         victim_index = i;
                        ^
/mnt/data/lyq/Kairos/prefetcher/prophet/prophet.h:136:26: warning: conversion from ‘size_t’ {aka ‘long unsigned int’} to ‘int’ may change value [-Wconversion]
           victim_index = i;
                          ^
/mnt/data/lyq/Kairos/prefetcher/prophet/prophet.h: In constructor ‘ProphetMRBTable::ProphetMRBTable(int, int)’:
/mnt/data/lyq/Kairos/prefetcher/prophet/prophet.h:158:43: warning: declaration of ‘num_ways’ shadows a member of ‘ProphetMRBTable’ [-Wshadow]
   ProphetMRBTable(int size, int num_ways) : Super(size, num_ways)
                                           ^
In file included from /mnt/data/lyq/Kairos/prefetcher/prophet/prophet.h:16,
                 from .csconfig/core_inst.cc.inc:15,
                 from src/generated_environment.cc:28:
/mnt/data/lyq/Kairos/inc/bakshalipour_framework.h:280:7: note: shadowed declaration is here
   int num_ways;
       ^~~~~~~~
In file included from .csconfig/core_inst.cc.inc:15,
                 from src/generated_environment.cc:28:
/mnt/data/lyq/Kairos/prefetcher/prophet/prophet.h:158:43: warning: declaration of ‘size’ shadows a member of ‘ProphetMRBTable’ [-Wshadow]
   ProphetMRBTable(int size, int num_ways) : Super(size, num_ways)
                                           ^
In file included from /mnt/data/lyq/Kairos/prefetcher/prophet/prophet.h:16,
                 from .csconfig/core_inst.cc.inc:15,
                 from src/generated_environment.cc:28:
/mnt/data/lyq/Kairos/inc/bakshalipour_framework.h:279:7: note: shadowed declaration is here
   int size;
       ^~~~
In file included from .csconfig/core_inst.cc.inc:15,
                 from src/generated_environment.cc:28:
/mnt/data/lyq/Kairos/prefetcher/prophet/prophet.h: In member function ‘virtual int ProphetMRBTable::select_victim(uint64_t)’:
/mnt/data/lyq/Kairos/prefetcher/prophet/prophet.h:187:26: warning: comparison of integer expressions of different signedness: ‘size_t’ {aka ‘long unsigned int’} and ‘int’ [-Wsign-compare]
     for (size_t i = 0; i < num_ways; i++) {
                        ~~^~~~~~~~~~
/mnt/data/lyq/Kairos/prefetcher/prophet/prophet.h:189:16: warning: conversion from ‘size_t’ {aka ‘long unsigned int’} to ‘int’ may change value [-Wconversion]
         return i;
                ^
/mnt/data/lyq/Kairos/prefetcher/prophet/prophet.h:192:24: warning: conversion from ‘size_t’ {aka ‘long unsigned int’} to ‘int’ may change value [-Wconversion]
         victim_index = i;
                        ^
/mnt/data/lyq/Kairos/prefetcher/prophet/prophet.h:196:26: warning: conversion from ‘size_t’ {aka ‘long unsigned int’} to ‘int’ may change value [-Wconversion]
           victim_index = i;
                          ^
In file included from prefetcher/kairos/kairos.cc:1:
prefetcher/kairos/kairos.h: In constructor ‘DetectUnit::DetectUnit()’:
prefetcher/kairos/kairos.h:105:12: warning: ‘DetectUnit::total_miss’ will be initialized after [-Wreorder]
   uint64_t total_miss;
            ^~~~~~~~~~
prefetcher/kairos/kairos.h:104:35: warning:   ‘PseudoLRUCache<DetectUnitEntry> DetectUnit::table’ [-Wreorder]
   PseudoLRUCache<DetectUnitEntry> table;
                                   ^~~~~
prefetcher/kairos/kairos.h:108:3: warning:   when initialized here [-Wreorder]
   DetectUnit() : total_miss(0), table(DETECT_UNIT_SIZE) {}
   ^~~~~~~~~~
prefetcher/kairos/kairos.h: In member function ‘Key_Tag_Type TrainUnit::update(uint64_t, uint64_t&, uint64_t, bool, bool, bool)’:
prefetcher/kairos/kairos.h:186:45: warning: conversion from ‘uint64_t’ {aka ‘long unsigned int’} to ‘double’ may change value [-Wconversion]
         double coverage = 1.0 * entry->data.useful_pf_count / entry->data.miss_count;
                                 ~~~~~~~~~~~~^~~~~~~~~~~~~~~
prefetcher/kairos/kairos.h:186:75: warning: conversion from ‘uint64_t’ {aka ‘long unsigned int’} to ‘double’ may change value [-Wconversion]
         double coverage = 1.0 * entry->data.useful_pf_count / entry->data.miss_count;
                                                               ~~~~~~~~~~~~^~~~~~~~~~
/mnt/data/lyq/Kairos/prefetcher/prophet/prophet.h: In member function ‘void prophet::set_llc_reference(CACHE*)’:
/mnt/data/lyq/Kairos/prefetcher/prophet/prophet.h:364:71: warning: conversion from ‘long long unsigned int’ to ‘std::map<long unsigned int, int>::mapped_type’ {aka ‘int’} may change value [-Wconversion]
           profileReplTable[std::stoull(PC, nullptr, 16)] = std::stoull(priority);
                                                            ~~~~~~~~~~~^~~~~~~~~~
prefetcher/kairos/kairos.h: In member function ‘void kairos::evaluate_window()’:
prefetcher/kairos/kairos.h:400:30: warning: conversion from ‘uint64_t’ {aka ‘long unsigned int’} to ‘double’ may change value [-Wconversion]
     double miss_rate = 1.0 * miss_count / TRACKING_WINDOW;
                              ^~~~~~~~~~
prefetcher/kairos/kairos.h:405:23: warning: conversion from ‘uint64_t’ {aka ‘long unsigned int’} to ‘double’ may change value [-Wconversion]
       utility = 1.0 * prefetch_hit_count / miss_count;
                       ^~~~~~~~~~~~~~~~~~
prefetcher/kairos/kairos.h:405:44: warning: conversion from ‘uint64_t’ {aka ‘long unsigned int’} to ‘double’ may change value [-Wconversion]
       utility = 1.0 * prefetch_hit_count / miss_count;
                                            ^~~~~~~~~~
prefetcher/kairos/kairos.h:411:38: warning: conversion from ‘uint64_t’ {aka ‘long unsigned int’} to ‘double’ may change value [-Wconversion]
       delta_miss = 1.0 * (miss_count - previous_miss_count) / access_count;
                          ~~~~~~~~~~~~^~~~~~~~~~~~~~~~~~~~~~
prefetcher/kairos/kairos.h:411:63: warning: conversion from ‘uint64_t’ {aka ‘long unsigned int’} to ‘double’ may change value [-Wconversion]
       delta_miss = 1.0 * (miss_count - previous_miss_count) / access_count;
                                                               ^~~~~~~~~~~~
prefetcher/kairos/kairos.h:420:42: warning: conversion from ‘uint64_t’ {aka ‘long unsigned int’} to ‘double’ may change value [-Wconversion]
       if (delta_k > THETA_PLUS || (1.0 * prefetch_hit_count / access_count) > (1.0 * metadata.actual_way / META_WAY_MAX))
                                          ^~~~~~~~~~~~~~~~~~
prefetcher/kairos/kairos.h:420:63: warning: conversion from ‘uint64_t’ {aka ‘long unsigned int’} to ‘double’ may change value [-Wconversion]
       if (delta_k > THETA_PLUS || (1.0 * prefetch_hit_count / access_count) > (1.0 * metadata.actual_way / META_WAY_MAX))
                                                               ^~~~~~~~~~~~
prefetcher/kairos/kairos.h:420:95: warning: conversion from ‘size_t’ {aka ‘long unsigned int’} to ‘double’ may change value [-Wconversion]
       if (delta_k > THETA_PLUS || (1.0 * prefetch_hit_count / access_count) > (1.0 * metadata.actual_way / META_WAY_MAX))
                                                                                      ~~~~~~~~~^~~~~~~~~~
prefetcher/kairos/kairos.h:450:52: warning: conversion from ‘size_t’ {aka ‘long unsigned int’} to ‘uint32_t’ {aka ‘unsigned int’} may change value [-Wconversion]
       uint32_t available_ways = llc_cache->NUM_WAY - metadata.actual_way;
                                 ~~~~~~~~~~~~~~~~~~~^~~~~~~~~~~~~~~~~~~~~
prefetcher/kairos/kairos.cc: In member function ‘uint32_t kairos::prefetcher_cache_operate(champsim::address, champsim::address, uint8_t, bool, access_type, uint32_t)’:
prefetcher/kairos/kairos.cc:51:23: warning: comparison of integer expressions of different signedness: ‘int’ and ‘std::vector<long unsigned int>::size_type’ {aka ‘long unsigned int’} [-Wsign-compare]
     for (int i = 0; i < prefetch_candidate.size(); i++) {
                     ~~^~~~~~~~~~~~~~~~~~~~~~~~~~~
/mnt/data/lyq/Kairos/inc/bakshalipour_framework.h: In instantiation of ‘int SRRIPSetAssociativeCache<T>::select_victim(uint64_t) [with T = PCMetaEntry; uint64_t = long unsigned int]’:
/mnt/data/lyq/Kairos/inc/bakshalipour_framework.h:550:7:   required from here
/mnt/data/lyq/Kairos/inc/bakshalipour_framework.h:554:28: warning: comparison of integer expressions of different signedness: ‘size_t’ {aka ‘long unsigned int’} and ‘int’ [-Wsign-compare]
       for (size_t i = 0; i < Super::num_ways; i++) {
                          ~~^~~~~~~
/mnt/data/lyq/Kairos/inc/bakshalipour_framework.h:556:18: warning: conversion from ‘size_t’ {aka ‘long unsigned int’} to ‘int’ may change value [-Wconversion]
           return i;
                  ^
/mnt/data/lyq/Kairos/inc/bakshalipour_framework.h:559:28: warning: comparison of integer expressions of different signedness: ‘size_t’ {aka ‘long unsigned int’} and ‘int’ [-Wsign-compare]
       for (size_t i = 0; i < Super::num_ways; i++) {
                          ~~^~~~~~~
/mnt/data/lyq/Kairos/inc/bakshalipour_framework.h: In instantiation of ‘int LRUSetAssociativeCache<T>::select_victim(uint64_t) [with T = ptpMRBTableEntry; uint64_t = long unsigned int]’:
/mnt/data/lyq/Kairos/inc/bakshalipour_framework.h:393:15:   required from here
/mnt/data/lyq/Kairos/inc/bakshalipour_framework.h:396:56: warning: conversion from ‘__gnu_cxx::__normal_iterator<long unsigned int*, std::vector<long unsigned int> >::difference_type’ {aka ‘long int’} to ‘int’ may change value [-Wconversion]
     return min_element(lru_set.begin(), lru_set.end()) - lru_set.begin();
            ~~~~~~~~~~~~~~~~~~~~~~~~~~~~~~~~~~~~~~~~~~~~^~~~~~~~~~~~~~~~~
/mnt/data/lyq/Kairos/inc/bakshalipour_framework.h: In instantiation of ‘int LRUSetAssociativeCache<T>::select_victim(uint64_t) [with T = ptpMetaTableEntry; uint64_t = long unsigned int]’:
/mnt/data/lyq/Kairos/inc/bakshalipour_framework.h:393:15:   required from here
/mnt/data/lyq/Kairos/inc/bakshalipour_framework.h:396:56: warning: conversion from ‘__gnu_cxx::__normal_iterator<long unsigned int*, std::vector<long unsigned int> >::difference_type’ {aka ‘long int’} to ‘int’ may change value [-Wconversion]
/mnt/data/lyq/Kairos/inc/bakshalipour_framework.h: In instantiation of ‘int LRUSetAssociativeCache<T>::select_victim(uint64_t) [with T = std::deque<long unsigned int>; uint64_t = long unsigned int]’:
/mnt/data/lyq/Kairos/inc/bakshalipour_framework.h:393:15:   required from here
/mnt/data/lyq/Kairos/inc/bakshalipour_framework.h:396:56: warning: conversion from ‘__gnu_cxx::__normal_iterator<long unsigned int*, std::vector<long unsigned int> >::difference_type’ {aka ‘long int’} to ‘int’ may change value [-Wconversion]
     return min_element(lru_set.begin(), lru_set.end()) - lru_set.begin();
            ~~~~~~~~~~~~~~~~~~~~~~~~~~~~~~~~~~~~~~~~~~~~^~~~~~~~~~~~~~~~~
/mnt/data/lyq/Kairos/inc/bakshalipour_framework.h: In instantiation of ‘int SRRIPSetAssociativeCache<T>::select_victim(uint64_t) [with T = resize_trMetaTableEntry; uint64_t = long unsigned int]’:
/mnt/data/lyq/Kairos/inc/bakshalipour_framework.h:550:7:   required from here
/mnt/data/lyq/Kairos/inc/bakshalipour_framework.h:554:28: warning: comparison of integer expressions of different signedness: ‘size_t’ {aka ‘long unsigned int’} and ‘int’ [-Wsign-compare]
       for (size_t i = 0; i < Super::num_ways; i++) {
                          ~~^~~~~~~
/mnt/data/lyq/Kairos/inc/bakshalipour_framework.h:556:18: warning: conversion from ‘size_t’ {aka ‘long unsigned int’} to ‘int’ may change value [-Wconversion]
           return i;
                  ^
/mnt/data/lyq/Kairos/inc/bakshalipour_framework.h:559:28: warning: comparison of integer expressions of different signedness: ‘size_t’ {aka ‘long unsigned int’} and ‘int’ [-Wsign-compare]
       for (size_t i = 0; i < Super::num_ways; i++) {
                          ~~^~~~~~~
In file included from /mnt/data/lyq/Kairos/prefetcher/prophet/prophet.h:16,
                 from .csconfig/core_inst.cc.inc:15,
                 from src/generated_environment.cc:28:
/mnt/data/lyq/Kairos/inc/bakshalipour_framework.h: In instantiation of ‘GenericSatCounter<T>::GenericSatCounter(unsigned int, T) [with T = unsigned char]’:
/mnt/data/lyq/Kairos/prefetcher/prophet/prophet.h:39:67:   required from here
/mnt/data/lyq/Kairos/inc/bakshalipour_framework.h:1335:113: warning: conversion from ‘long long unsigned int’ to ‘unsigned char’ may change value [-Wconversion]
   explicit GenericSatCounter(unsigned bits, T initial_val = 0) : initialVal(initial_val), maxVal((1ULL << bits) - 1), counter(initial_val)
                                                                                                  ~~~~~~~~~~~~~~~^~~
/mnt/data/lyq/Kairos/inc/bakshalipour_framework.h: In instantiation of ‘LRUSetAssociativeCache<T>::LRUSetAssociativeCache(int, int, int) [with T = ProphetMetaTableEntry]’:
/mnt/data/lyq/Kairos/prefetcher/prophet/prophet.h:99:120:   required from here
/mnt/data/lyq/Kairos/inc/bakshalipour_framework.h:382:3: warning: declaration of ‘debug_level’ shadows a member of ‘LRUSetAssociativeCache<ProphetMetaTableEntry>’ [-Wshadow]
   LRUSetAssociativeCache(int size, int num_ways, int debug_level = 0) : Super(size, num_ways, debug_level), lru(this->num_sets, vector<uint64_t>(num_ways)) {}
   ^~~~~~~~~~~~~~~~~~~~~~
/mnt/data/lyq/Kairos/inc/bakshalipour_framework.h:285:21: note: shadowed declaration is here
   int debug_level = 0;
                     ^
/mnt/data/lyq/Kairos/inc/bakshalipour_framework.h:382:3: warning: declaration of ‘num_ways’ shadows a member of ‘LRUSetAssociativeCache<ProphetMetaTableEntry>’ [-Wshadow]
   LRUSetAssociativeCache(int size, int num_ways, int debug_level = 0) : Super(size, num_ways, debug_level), lru(this->num_sets, vector<uint64_t>(num_ways)) {}
   ^~~~~~~~~~~~~~~~~~~~~~
/mnt/data/lyq/Kairos/inc/bakshalipour_framework.h:280:7: note: shadowed declaration is here
   int num_ways;
       ^~~~~~~~
/mnt/data/lyq/Kairos/inc/bakshalipour_framework.h:382:3: warning: declaration of ‘size’ shadows a member of ‘LRUSetAssociativeCache<ProphetMetaTableEntry>’ [-Wshadow]
   LRUSetAssociativeCache(int size, int num_ways, int debug_level = 0) : Super(size, num_ways, debug_level), lru(this->num_sets, vector<uint64_t>(num_ways)) {}
   ^~~~~~~~~~~~~~~~~~~~~~
/mnt/data/lyq/Kairos/inc/bakshalipour_framework.h:279:7: note: shadowed declaration is here
   int size;
       ^~~~
/mnt/data/lyq/Kairos/inc/bakshalipour_framework.h: In instantiation of ‘LRUSetAssociativeCache<T>::LRUSetAssociativeCache(int, int, int) [with T = ProphetMRBTableEntry]’:
/mnt/data/lyq/Kairos/prefetcher/prophet/prophet.h:158:65:   required from here
/mnt/data/lyq/Kairos/inc/bakshalipour_framework.h:382:3: warning: declaration of ‘debug_level’ shadows a member of ‘LRUSetAssociativeCache<ProphetMRBTableEntry>’ [-Wshadow]
   LRUSetAssociativeCache(int size, int num_ways, int debug_level = 0) : Super(size, num_ways, debug_level), lru(this->num_sets, vector<uint64_t>(num_ways)) {}
   ^~~~~~~~~~~~~~~~~~~~~~
/mnt/data/lyq/Kairos/inc/bakshalipour_framework.h:285:21: note: shadowed declaration is here
   int debug_level = 0;
                     ^
/mnt/data/lyq/Kairos/inc/bakshalipour_framework.h:382:3: warning: declaration of ‘num_ways’ shadows a member of ‘LRUSetAssociativeCache<ProphetMRBTableEntry>’ [-Wshadow]
   LRUSetAssociativeCache(int size, int num_ways, int debug_level = 0) : Super(size, num_ways, debug_level), lru(this->num_sets, vector<uint64_t>(num_ways)) {}
   ^~~~~~~~~~~~~~~~~~~~~~
/mnt/data/lyq/Kairos/inc/bakshalipour_framework.h:280:7: note: shadowed declaration is here
   int num_ways;
       ^~~~~~~~
/mnt/data/lyq/Kairos/inc/bakshalipour_framework.h:382:3: warning: declaration of ‘size’ shadows a member of ‘LRUSetAssociativeCache<ProphetMRBTableEntry>’ [-Wshadow]
   LRUSetAssociativeCache(int size, int num_ways, int debug_level = 0) : Super(size, num_ways, debug_level), lru(this->num_sets, vector<uint64_t>(num_ways)) {}
   ^~~~~~~~~~~~~~~~~~~~~~
/mnt/data/lyq/Kairos/inc/bakshalipour_framework.h:279:7: note: shadowed declaration is here
   int size;
       ^~~~
/mnt/data/lyq/Kairos/inc/bakshalipour_framework.h: In instantiation of ‘LRUSetAssociativeCache<T>::LRUSetAssociativeCache(int, int, int) [with T = long unsigned int]’:
/mnt/data/lyq/Kairos/prefetcher/prophet/prophet.h:247:113:   required from here
/mnt/data/lyq/Kairos/inc/bakshalipour_framework.h:382:3: warning: declaration of ‘debug_level’ shadows a member of ‘LRUSetAssociativeCache<long unsigned int>’ [-Wshadow]
   LRUSetAssociativeCache(int size, int num_ways, int debug_level = 0) : Super(size, num_ways, debug_level), lru(this->num_sets, vector<uint64_t>(num_ways)) {}
   ^~~~~~~~~~~~~~~~~~~~~~
/mnt/data/lyq/Kairos/inc/bakshalipour_framework.h:285:21: note: shadowed declaration is here
   int debug_level = 0;
                     ^
/mnt/data/lyq/Kairos/inc/bakshalipour_framework.h:382:3: warning: declaration of ‘num_ways’ shadows a member of ‘LRUSetAssociativeCache<long unsigned int>’ [-Wshadow]
   LRUSetAssociativeCache(int size, int num_ways, int debug_level = 0) : Super(size, num_ways, debug_level), lru(this->num_sets, vector<uint64_t>(num_ways)) {}
   ^~~~~~~~~~~~~~~~~~~~~~
/mnt/data/lyq/Kairos/inc/bakshalipour_framework.h:280:7: note: shadowed declaration is here
   int num_ways;
       ^~~~~~~~
/mnt/data/lyq/Kairos/inc/bakshalipour_framework.h:382:3: warning: declaration of ‘size’ shadows a member of ‘LRUSetAssociativeCache<long unsigned int>’ [-Wshadow]
   LRUSetAssociativeCache(int size, int num_ways, int debug_level = 0) : Super(size, num_ways, debug_level), lru(this->num_sets, vector<uint64_t>(num_ways)) {}
   ^~~~~~~~~~~~~~~~~~~~~~
/mnt/data/lyq/Kairos/inc/bakshalipour_framework.h:279:7: note: shadowed declaration is here
   int size;
       ^~~~
In file included from /mnt/data/lyq/Kairos/prefetcher/prophet/prophet.h:16,
                 from .csconfig/core_inst.cc.inc:15,
                 from src/generated_environment.cc:28:
/mnt/data/lyq/Kairos/inc/bakshalipour_framework.h: In instantiation of ‘SetAssociativeCache<T>::SetAssociativeCache(int, int, int) [with T = ProphetMetaTableEntry]’:
/mnt/data/lyq/Kairos/inc/bakshalipour_framework.h:382:155:   required from ‘LRUSetAssociativeCache<T>::LRUSetAssociativeCache(int, int, int) [with T = ProphetMetaTableEntry]’
/mnt/data/lyq/Kairos/prefetcher/prophet/prophet.h:99:120:   required from here
/mnt/data/lyq/Kairos/inc/bakshalipour_framework.h:147:3: warning: declaration of ‘debug_level’ shadows a member of ‘SetAssociativeCache<ProphetMetaTableEntry>’ [-Wshadow]
   SetAssociativeCache(int size, int num_ways, int debug_level = 0)
   ^~~~~~~~~~~~~~~~~~~
In file included from /mnt/data/lyq/Kairos/prefetcher/prophet/prophet.h:16,
                 from .csconfig/core_inst.cc.inc:15,
                 from src/generated_environment.cc:28:
/mnt/data/lyq/Kairos/inc/bakshalipour_framework.h:285:21: note: shadowed declaration is here
   int debug_level = 0;
                     ^
In file included from /mnt/data/lyq/Kairos/prefetcher/prophet/prophet.h:16,
                 from .csconfig/core_inst.cc.inc:15,
                 from src/generated_environment.cc:28:
/mnt/data/lyq/Kairos/inc/bakshalipour_framework.h:147:3: warning: declaration of ‘num_ways’ shadows a member of ‘SetAssociativeCache<ProphetMetaTableEntry>’ [-Wshadow]
   SetAssociativeCache(int size, int num_ways, int debug_level = 0)
   ^~~~~~~~~~~~~~~~~~~
In file included from /mnt/data/lyq/Kairos/prefetcher/prophet/prophet.h:16,
                 from .csconfig/core_inst.cc.inc:15,
                 from src/generated_environment.cc:28:
/mnt/data/lyq/Kairos/inc/bakshalipour_framework.h:280:7: note: shadowed declaration is here
   int num_ways;
       ^~~~~~~~
In file included from /mnt/data/lyq/Kairos/prefetcher/prophet/prophet.h:16,
                 from .csconfig/core_inst.cc.inc:15,
                 from src/generated_environment.cc:28:
/mnt/data/lyq/Kairos/inc/bakshalipour_framework.h:147:3: warning: declaration of ‘size’ shadows a member of ‘SetAssociativeCache<ProphetMetaTableEntry>’ [-Wshadow]
   SetAssociativeCache(int size, int num_ways, int debug_level = 0)
   ^~~~~~~~~~~~~~~~~~~
In file included from /mnt/data/lyq/Kairos/prefetcher/prophet/prophet.h:16,
                 from .csconfig/core_inst.cc.inc:15,
                 from src/generated_environment.cc:28:
/mnt/data/lyq/Kairos/inc/bakshalipour_framework.h:279:7: note: shadowed declaration is here
   int size;
       ^~~~
In file included from /mnt/data/lyq/Kairos/prefetcher/prophet/prophet.h:16,
                 from .csconfig/core_inst.cc.inc:15,
                 from src/generated_environment.cc:28:
/mnt/data/lyq/Kairos/inc/bakshalipour_framework.h: In instantiation of ‘SetAssociativeCache<T>::SetAssociativeCache(int, int, int) [with T = ProphetMRBTableEntry]’:
/mnt/data/lyq/Kairos/inc/bakshalipour_framework.h:382:155:   required from ‘LRUSetAssociativeCache<T>::LRUSetAssociativeCache(int, int, int) [with T = ProphetMRBTableEntry]’
/mnt/data/lyq/Kairos/prefetcher/prophet/prophet.h:158:65:   required from here
/mnt/data/lyq/Kairos/inc/bakshalipour_framework.h:147:3: warning: declaration of ‘debug_level’ shadows a member of ‘SetAssociativeCache<ProphetMRBTableEntry>’ [-Wshadow]
   SetAssociativeCache(int size, int num_ways, int debug_level = 0)
   ^~~~~~~~~~~~~~~~~~~
In file included from /mnt/data/lyq/Kairos/prefetcher/prophet/prophet.h:16,
                 from .csconfig/core_inst.cc.inc:15,
                 from src/generated_environment.cc:28:
/mnt/data/lyq/Kairos/inc/bakshalipour_framework.h:285:21: note: shadowed declaration is here
   int debug_level = 0;
                     ^
In file included from /mnt/data/lyq/Kairos/prefetcher/prophet/prophet.h:16,
                 from .csconfig/core_inst.cc.inc:15,
                 from src/generated_environment.cc:28:
/mnt/data/lyq/Kairos/inc/bakshalipour_framework.h:147:3: warning: declaration of ‘num_ways’ shadows a member of ‘SetAssociativeCache<ProphetMRBTableEntry>’ [-Wshadow]
   SetAssociativeCache(int size, int num_ways, int debug_level = 0)
   ^~~~~~~~~~~~~~~~~~~
In file included from /mnt/data/lyq/Kairos/prefetcher/prophet/prophet.h:16,
                 from .csconfig/core_inst.cc.inc:15,
                 from src/generated_environment.cc:28:
/mnt/data/lyq/Kairos/inc/bakshalipour_framework.h:280:7: note: shadowed declaration is here
   int num_ways;
       ^~~~~~~~
In file included from /mnt/data/lyq/Kairos/prefetcher/prophet/prophet.h:16,
                 from .csconfig/core_inst.cc.inc:15,
                 from src/generated_environment.cc:28:
/mnt/data/lyq/Kairos/inc/bakshalipour_framework.h:147:3: warning: declaration of ‘size’ shadows a member of ‘SetAssociativeCache<ProphetMRBTableEntry>’ [-Wshadow]
   SetAssociativeCache(int size, int num_ways, int debug_level = 0)
   ^~~~~~~~~~~~~~~~~~~
In file included from /mnt/data/lyq/Kairos/prefetcher/prophet/prophet.h:16,
                 from .csconfig/core_inst.cc.inc:15,
                 from src/generated_environment.cc:28:
/mnt/data/lyq/Kairos/inc/bakshalipour_framework.h:279:7: note: shadowed declaration is here
   int size;
       ^~~~
/mnt/data/lyq/Kairos/inc/bakshalipour_framework.h: In instantiation of ‘int SetAssociativeCache<T>::select_victim(uint64_t) [with T = ProphetMRBTableEntry; uint64_t = long unsigned int]’:
/mnt/data/lyq/Kairos/inc/bakshalipour_framework.h:198:26:   required from ‘SetAssociativeCache<T>::Entry SetAssociativeCache<T>::insert(uint64_t, const T&) [with T = ProphetMRBTableEntry; uint64_t = long unsigned int]’
/mnt/data/lyq/Kairos/prefetcher/prophet/prophet.h:174:12:   required from here
/mnt/data/lyq/Kairos/inc/bakshalipour_framework.h:263:38: warning: unused parameter ‘index’ [-Wunused-parameter]
   virtual int select_victim(uint64_t index)
                             ~~~~~~~~~^~~~~
In file included from /mnt/data/lyq/Kairos/prefetcher/prophet/prophet.h:16,
                 from .csconfig/core_inst.cc.inc:15,
                 from src/generated_environment.cc:28:
/mnt/data/lyq/Kairos/inc/bakshalipour_framework.h: In instantiation of ‘SetAssociativeCache<T>::SetAssociativeCache(int, int, int) [with T = long unsigned int]’:
/mnt/data/lyq/Kairos/inc/bakshalipour_framework.h:382:155:   required from ‘LRUSetAssociativeCache<T>::LRUSetAssociativeCache(int, int, int) [with T = long unsigned int]’
/mnt/data/lyq/Kairos/prefetcher/prophet/prophet.h:247:113:   required from here
/mnt/data/lyq/Kairos/inc/bakshalipour_framework.h:147:3: warning: declaration of ‘debug_level’ shadows a member of ‘SetAssociativeCache<long unsigned int>’ [-Wshadow]
   SetAssociativeCache(int size, int num_ways, int debug_level = 0)
   ^~~~~~~~~~~~~~~~~~~
In file included from /mnt/data/lyq/Kairos/prefetcher/prophet/prophet.h:16,
                 from .csconfig/core_inst.cc.inc:15,
                 from src/generated_environment.cc:28:
/mnt/data/lyq/Kairos/inc/bakshalipour_framework.h:285:21: note: shadowed declaration is here
   int debug_level = 0;
                     ^
In file included from /mnt/data/lyq/Kairos/prefetcher/prophet/prophet.h:16,
                 from .csconfig/core_inst.cc.inc:15,
                 from src/generated_environment.cc:28:
/mnt/data/lyq/Kairos/inc/bakshalipour_framework.h:147:3: warning: declaration of ‘num_ways’ shadows a member of ‘SetAssociativeCache<long unsigned int>’ [-Wshadow]
   SetAssociativeCache(int size, int num_ways, int debug_level = 0)
   ^~~~~~~~~~~~~~~~~~~
In file included from /mnt/data/lyq/Kairos/prefetcher/prophet/prophet.h:16,
                 from .csconfig/core_inst.cc.inc:15,
                 from src/generated_environment.cc:28:
/mnt/data/lyq/Kairos/inc/bakshalipour_framework.h:280:7: note: shadowed declaration is here
   int num_ways;
       ^~~~~~~~
In file included from /mnt/data/lyq/Kairos/prefetcher/prophet/prophet.h:16,
                 from .csconfig/core_inst.cc.inc:15,
                 from src/generated_environment.cc:28:
/mnt/data/lyq/Kairos/inc/bakshalipour_framework.h:147:3: warning: declaration of ‘size’ shadows a member of ‘SetAssociativeCache<long unsigned int>’ [-Wshadow]
   SetAssociativeCache(int size, int num_ways, int debug_level = 0)
   ^~~~~~~~~~~~~~~~~~~
In file included from /mnt/data/lyq/Kairos/prefetcher/prophet/prophet.h:16,
                 from .csconfig/core_inst.cc.inc:15,
                 from src/generated_environment.cc:28:
/mnt/data/lyq/Kairos/inc/bakshalipour_framework.h:279:7: note: shadowed declaration is here
   int size;
       ^~~~
In file included from /mnt/data/lyq/Kairos/inc/environment.h:23,
                 from .csconfig/core_inst.inc:6,
                 from src/generated_environment.cc:5:
/mnt/data/lyq/Kairos/inc/cache.h: In instantiation of ‘CACHE::CACHE(champsim::cache_builder<champsim::cache_builder_module_type_holder<Ps ...>, champsim::cache_builder_module_type_holder<Rs ...> >) [with Ps = {no}; Rs = {drrip}]’:
/usr/include/c++/8/ext/new_allocator.h:136:4:   required from ‘void __gnu_cxx::new_allocator<_Tp>::construct(_Up*, _Args&& ...) [with _Up = CACHE; _Args = {champsim::cache_builder<champsim::cache_builder_module_type_holder<no>, champsim::cache_builder_module_type_holder<drrip> >&}; _Tp = std::_Fwd_list_node<CACHE>]’
/usr/include/c++/8/bits/alloc_traits.h:475:4:   required from ‘static void std::allocator_traits<std::allocator<_Tp1> >::construct(std::allocator_traits<std::allocator<_Tp1> >::allocator_type&, _Up*, _Args&& ...) [with _Up = CACHE; _Args = {champsim::cache_builder<champsim::cache_builder_module_type_holder<no>, champsim::cache_builder_module_type_holder<drrip> >&}; _Tp = std::_Fwd_list_node<CACHE>; std::allocator_traits<std::allocator<_Tp1> >::allocator_type = std::allocator<std::_Fwd_list_node<CACHE> >]’
/usr/include/c++/8/bits/forward_list.h:366:37:   required from ‘std::_Fwd_list_base<_Tp, _Alloc>::_Node* std::_Fwd_list_base<_Tp, _Alloc>::_M_create_node(_Args&& ...) [with _Args = {champsim::cache_builder<champsim::cache_builder_module_type_holder<no>, champsim::cache_builder_module_type_holder<drrip> >&}; _Tp = CACHE; _Alloc = std::allocator<CACHE>; std::_Fwd_list_base<_Tp, _Alloc>::_Node = std::_Fwd_list_node<CACHE>]’
/usr/include/c++/8/bits/forward_list.tcc:55:9:   required from ‘std::_Fwd_list_node_base* std::_Fwd_list_base<_Tp, _Alloc>::_M_insert_after(std::_Fwd_list_base<_Tp, _Alloc>::const_iterator, _Args&& ...) [with _Args = {champsim::cache_builder<champsim::cache_builder_module_type_holder<no>, champsim::cache_builder_module_type_holder<drrip> >&}; _Tp = CACHE; _Alloc = std::allocator<CACHE>; std::_Fwd_list_base<_Tp, _Alloc>::const_iterator = std::_Fwd_list_const_iterator<CACHE>]’
/usr/include/c++/8/bits/forward_list.h:838:4:   required from ‘std::forward_list<_Tp, _Alloc>::value_type& std::forward_list<_Tp, _Alloc>::emplace_front(_Args&& ...) [with _Args = {champsim::cache_builder<champsim::cache_builder_module_type_holder<no>, champsim::cache_builder_module_type_holder<drrip> >&}; _Tp = CACHE; _Alloc = std::allocator<CACHE>; std::forward_list<_Tp, _Alloc>::reference = CACHE&; std::forward_list<_Tp, _Alloc>::value_type = CACHE]’
src/generated_environment.cc:22:3:   required from ‘auto champsim::configured::build(PTWs ...) [with R = CACHE; PTWs = {champsim::cache_builder<champsim::cache_builder_module_type_holder<no>, champsim::cache_builder_module_type_holder<drrip> >, champsim::cache_builder<champsim::cache_builder_module_type_holder<no>, champsim::cache_builder_module_type_holder<lru> >, champsim::cache_builder<champsim::cache_builder_module_type_holder<no>, champsim::cache_builder_module_type_holder<lru> >, champsim::cache_builder<champsim::cache_builder_module_type_holder<ip_stride>, champsim::cache_builder_module_type_holder<lru> >, champsim::cache_builder<champsim::cache_builder_module_type_holder<no>, champsim::cache_builder_module_type_holder<lru> >, champsim::cache_builder<champsim::cache_builder_module_type_holder<prophet>, champsim::cache_builder_module_type_holder<lru> >, champsim::cache_builder<champsim::cache_builder_module_type_holder<no>, champsim::cache_builder_module_type_holder<lru> >}]’
.csconfig/core_inst.cc.inc:183:1:   required from here
/mnt/data/lyq/Kairos/inc/cache.h:166:12: warning: ‘CACHE::available_ways’ will be initialized after [-Wreorder]
   uint32_t available_ways;  // 可用路数
            ^~~~~~~~~~~~~~
/mnt/data/lyq/Kairos/inc/cache.h:164:30: warning:   ‘uint32_t CACHE::MSHR_SIZE’ [-Wreorder]
   uint32_t NUM_SET, NUM_WAY, MSHR_SIZE;
                              ^~~~~~~~~
In file included from /mnt/data/lyq/Kairos/inc/environment.h:23,
                 from .csconfig/core_inst.inc:6,
                 from src/generated_environment.cc:5:
/mnt/data/lyq/Kairos/inc/cache.h:358:12: warning:   when initialized here [-Wreorder]
   explicit CACHE(champsim::cache_builder<champsim::cache_builder_module_type_holder<Ps...>, champsim::cache_builder_module_type_holder<Rs...>> b)
            ^~~~~
In file included from /mnt/data/lyq/Kairos/inc/environment.h:23,
                 from .csconfig/core_inst.inc:6,
                 from src/generated_environment.cc:5:
/mnt/data/lyq/Kairos/inc/cache.h: In instantiation of ‘CACHE::CACHE(champsim::cache_builder<champsim::cache_builder_module_type_holder<Ps ...>, champsim::cache_builder_module_type_holder<Rs ...> >) [with Ps = {no}; Rs = {lru}]’:
/usr/include/c++/8/ext/new_allocator.h:136:4:   required from ‘void __gnu_cxx::new_allocator<_Tp>::construct(_Up*, _Args&& ...) [with _Up = CACHE; _Args = {champsim::cache_builder<champsim::cache_builder_module_type_holder<no>, champsim::cache_builder_module_type_holder<lru> >&}; _Tp = std::_Fwd_list_node<CACHE>]’
/usr/include/c++/8/bits/alloc_traits.h:475:4:   required from ‘static void std::allocator_traits<std::allocator<_Tp1> >::construct(std::allocator_traits<std::allocator<_Tp1> >::allocator_type&, _Up*, _Args&& ...) [with _Up = CACHE; _Args = {champsim::cache_builder<champsim::cache_builder_module_type_holder<no>, champsim::cache_builder_module_type_holder<lru> >&}; _Tp = std::_Fwd_list_node<CACHE>; std::allocator_traits<std::allocator<_Tp1> >::allocator_type = std::allocator<std::_Fwd_list_node<CACHE> >]’
/usr/include/c++/8/bits/forward_list.h:366:37:   required from ‘std::_Fwd_list_base<_Tp, _Alloc>::_Node* std::_Fwd_list_base<_Tp, _Alloc>::_M_create_node(_Args&& ...) [with _Args = {champsim::cache_builder<champsim::cache_builder_module_type_holder<no>, champsim::cache_builder_module_type_holder<lru> >&}; _Tp = CACHE; _Alloc = std::allocator<CACHE>; std::_Fwd_list_base<_Tp, _Alloc>::_Node = std::_Fwd_list_node<CACHE>]’
/usr/include/c++/8/bits/forward_list.tcc:55:9:   required from ‘std::_Fwd_list_node_base* std::_Fwd_list_base<_Tp, _Alloc>::_M_insert_after(std::_Fwd_list_base<_Tp, _Alloc>::const_iterator, _Args&& ...) [with _Args = {champsim::cache_builder<champsim::cache_builder_module_type_holder<no>, champsim::cache_builder_module_type_holder<lru> >&}; _Tp = CACHE; _Alloc = std::allocator<CACHE>; std::_Fwd_list_base<_Tp, _Alloc>::const_iterator = std::_Fwd_list_const_iterator<CACHE>]’
/usr/include/c++/8/bits/forward_list.h:838:4:   required from ‘std::forward_list<_Tp, _Alloc>::value_type& std::forward_list<_Tp, _Alloc>::emplace_front(_Args&& ...) [with _Args = {champsim::cache_builder<champsim::cache_builder_module_type_holder<no>, champsim::cache_builder_module_type_holder<lru> >&}; _Tp = CACHE; _Alloc = std::allocator<CACHE>; std::forward_list<_Tp, _Alloc>::reference = CACHE&; std::forward_list<_Tp, _Alloc>::value_type = CACHE]’
src/generated_environment.cc:22:3:   required from ‘auto champsim::configured::build(PTWs ...) [with R = CACHE; PTWs = {champsim::cache_builder<champsim::cache_builder_module_type_holder<no>, champsim::cache_builder_module_type_holder<drrip> >, champsim::cache_builder<champsim::cache_builder_module_type_holder<no>, champsim::cache_builder_module_type_holder<lru> >, champsim::cache_builder<champsim::cache_builder_module_type_holder<no>, champsim::cache_builder_module_type_holder<lru> >, champsim::cache_builder<champsim::cache_builder_module_type_holder<ip_stride>, champsim::cache_builder_module_type_holder<lru> >, champsim::cache_builder<champsim::cache_builder_module_type_holder<no>, champsim::cache_builder_module_type_holder<lru> >, champsim::cache_builder<champsim::cache_builder_module_type_holder<prophet>, champsim::cache_builder_module_type_holder<lru> >, champsim::cache_builder<champsim::cache_builder_module_type_holder<no>, champsim::cache_builder_module_type_holder<lru> >}]’
.csconfig/core_inst.cc.inc:183:1:   required from here
/mnt/data/lyq/Kairos/inc/cache.h:166:12: warning: ‘CACHE::available_ways’ will be initialized after [-Wreorder]
   uint32_t available_ways;  // 可用路数
            ^~~~~~~~~~~~~~
/mnt/data/lyq/Kairos/inc/cache.h:164:30: warning:   ‘uint32_t CACHE::MSHR_SIZE’ [-Wreorder]
   uint32_t NUM_SET, NUM_WAY, MSHR_SIZE;
                              ^~~~~~~~~
In file included from /mnt/data/lyq/Kairos/inc/environment.h:23,
                 from .csconfig/core_inst.inc:6,
                 from src/generated_environment.cc:5:
/mnt/data/lyq/Kairos/inc/cache.h:358:12: warning:   when initialized here [-Wreorder]
   explicit CACHE(champsim::cache_builder<champsim::cache_builder_module_type_holder<Ps...>, champsim::cache_builder_module_type_holder<Rs...>> b)
            ^~~~~
In file included from /mnt/data/lyq/Kairos/inc/environment.h:23,
                 from .csconfig/core_inst.inc:6,
                 from src/generated_environment.cc:5:
/mnt/data/lyq/Kairos/inc/cache.h: In instantiation of ‘CACHE::CACHE(champsim::cache_builder<champsim::cache_builder_module_type_holder<Ps ...>, champsim::cache_builder_module_type_holder<Rs ...> >) [with Ps = {ip_stride}; Rs = {lru}]’:
/usr/include/c++/8/ext/new_allocator.h:136:4:   required from ‘void __gnu_cxx::new_allocator<_Tp>::construct(_Up*, _Args&& ...) [with _Up = CACHE; _Args = {champsim::cache_builder<champsim::cache_builder_module_type_holder<ip_stride>, champsim::cache_builder_module_type_holder<lru> >&}; _Tp = std::_Fwd_list_node<CACHE>]’
/usr/include/c++/8/bits/alloc_traits.h:475:4:   required from ‘static void std::allocator_traits<std::allocator<_Tp1> >::construct(std::allocator_traits<std::allocator<_Tp1> >::allocator_type&, _Up*, _Args&& ...) [with _Up = CACHE; _Args = {champsim::cache_builder<champsim::cache_builder_module_type_holder<ip_stride>, champsim::cache_builder_module_type_holder<lru> >&}; _Tp = std::_Fwd_list_node<CACHE>; std::allocator_traits<std::allocator<_Tp1> >::allocator_type = std::allocator<std::_Fwd_list_node<CACHE> >]’
/usr/include/c++/8/bits/forward_list.h:366:37:   required from ‘std::_Fwd_list_base<_Tp, _Alloc>::_Node* std::_Fwd_list_base<_Tp, _Alloc>::_M_create_node(_Args&& ...) [with _Args = {champsim::cache_builder<champsim::cache_builder_module_type_holder<ip_stride>, champsim::cache_builder_module_type_holder<lru> >&}; _Tp = CACHE; _Alloc = std::allocator<CACHE>; std::_Fwd_list_base<_Tp, _Alloc>::_Node = std::_Fwd_list_node<CACHE>]’
/usr/include/c++/8/bits/forward_list.tcc:55:9:   required from ‘std::_Fwd_list_node_base* std::_Fwd_list_base<_Tp, _Alloc>::_M_insert_after(std::_Fwd_list_base<_Tp, _Alloc>::const_iterator, _Args&& ...) [with _Args = {champsim::cache_builder<champsim::cache_builder_module_type_holder<ip_stride>, champsim::cache_builder_module_type_holder<lru> >&}; _Tp = CACHE; _Alloc = std::allocator<CACHE>; std::_Fwd_list_base<_Tp, _Alloc>::const_iterator = std::_Fwd_list_const_iterator<CACHE>]’
/usr/include/c++/8/bits/forward_list.h:838:4:   required from ‘std::forward_list<_Tp, _Alloc>::value_type& std::forward_list<_Tp, _Alloc>::emplace_front(_Args&& ...) [with _Args = {champsim::cache_builder<champsim::cache_builder_module_type_holder<ip_stride>, champsim::cache_builder_module_type_holder<lru> >&}; _Tp = CACHE; _Alloc = std::allocator<CACHE>; std::forward_list<_Tp, _Alloc>::reference = CACHE&; std::forward_list<_Tp, _Alloc>::value_type = CACHE]’
src/generated_environment.cc:22:3:   required from ‘auto champsim::configured::build(PTWs ...) [with R = CACHE; PTWs = {champsim::cache_builder<champsim::cache_builder_module_type_holder<no>, champsim::cache_builder_module_type_holder<drrip> >, champsim::cache_builder<champsim::cache_builder_module_type_holder<no>, champsim::cache_builder_module_type_holder<lru> >, champsim::cache_builder<champsim::cache_builder_module_type_holder<no>, champsim::cache_builder_module_type_holder<lru> >, champsim::cache_builder<champsim::cache_builder_module_type_holder<ip_stride>, champsim::cache_builder_module_type_holder<lru> >, champsim::cache_builder<champsim::cache_builder_module_type_holder<no>, champsim::cache_builder_module_type_holder<lru> >, champsim::cache_builder<champsim::cache_builder_module_type_holder<prophet>, champsim::cache_builder_module_type_holder<lru> >, champsim::cache_builder<champsim::cache_builder_module_type_holder<no>, champsim::cache_builder_module_type_holder<lru> >}]’
.csconfig/core_inst.cc.inc:183:1:   required from here
/mnt/data/lyq/Kairos/inc/cache.h:166:12: warning: ‘CACHE::available_ways’ will be initialized after [-Wreorder]
   uint32_t available_ways;  // 可用路数
            ^~~~~~~~~~~~~~
/mnt/data/lyq/Kairos/inc/cache.h:164:30: warning:   ‘uint32_t CACHE::MSHR_SIZE’ [-Wreorder]
   uint32_t NUM_SET, NUM_WAY, MSHR_SIZE;
                              ^~~~~~~~~
In file included from /mnt/data/lyq/Kairos/inc/environment.h:23,
                 from .csconfig/core_inst.inc:6,
                 from src/generated_environment.cc:5:
/mnt/data/lyq/Kairos/inc/cache.h:358:12: warning:   when initialized here [-Wreorder]
   explicit CACHE(champsim::cache_builder<champsim::cache_builder_module_type_holder<Ps...>, champsim::cache_builder_module_type_holder<Rs...>> b)
            ^~~~~
In file included from /mnt/data/lyq/Kairos/inc/environment.h:23,
                 from .csconfig/core_inst.inc:6,
                 from src/generated_environment.cc:5:
/mnt/data/lyq/Kairos/inc/cache.h: In instantiation of ‘CACHE::CACHE(champsim::cache_builder<champsim::cache_builder_module_type_holder<Ps ...>, champsim::cache_builder_module_type_holder<Rs ...> >) [with Ps = {prophet}; Rs = {lru}]’:
/usr/include/c++/8/ext/new_allocator.h:136:4:   required from ‘void __gnu_cxx::new_allocator<_Tp>::construct(_Up*, _Args&& ...) [with _Up = CACHE; _Args = {champsim::cache_builder<champsim::cache_builder_module_type_holder<prophet>, champsim::cache_builder_module_type_holder<lru> >&}; _Tp = std::_Fwd_list_node<CACHE>]’
/usr/include/c++/8/bits/alloc_traits.h:475:4:   required from ‘static void std::allocator_traits<std::allocator<_Tp1> >::construct(std::allocator_traits<std::allocator<_Tp1> >::allocator_type&, _Up*, _Args&& ...) [with _Up = CACHE; _Args = {champsim::cache_builder<champsim::cache_builder_module_type_holder<prophet>, champsim::cache_builder_module_type_holder<lru> >&}; _Tp = std::_Fwd_list_node<CACHE>; std::allocator_traits<std::allocator<_Tp1> >::allocator_type = std::allocator<std::_Fwd_list_node<CACHE> >]’
/usr/include/c++/8/bits/forward_list.h:366:37:   required from ‘std::_Fwd_list_base<_Tp, _Alloc>::_Node* std::_Fwd_list_base<_Tp, _Alloc>::_M_create_node(_Args&& ...) [with _Args = {champsim::cache_builder<champsim::cache_builder_module_type_holder<prophet>, champsim::cache_builder_module_type_holder<lru> >&}; _Tp = CACHE; _Alloc = std::allocator<CACHE>; std::_Fwd_list_base<_Tp, _Alloc>::_Node = std::_Fwd_list_node<CACHE>]’
/usr/include/c++/8/bits/forward_list.tcc:55:9:   required from ‘std::_Fwd_list_node_base* std::_Fwd_list_base<_Tp, _Alloc>::_M_insert_after(std::_Fwd_list_base<_Tp, _Alloc>::const_iterator, _Args&& ...) [with _Args = {champsim::cache_builder<champsim::cache_builder_module_type_holder<prophet>, champsim::cache_builder_module_type_holder<lru> >&}; _Tp = CACHE; _Alloc = std::allocator<CACHE>; std::_Fwd_list_base<_Tp, _Alloc>::const_iterator = std::_Fwd_list_const_iterator<CACHE>]’
/usr/include/c++/8/bits/forward_list.h:838:4:   required from ‘std::forward_list<_Tp, _Alloc>::value_type& std::forward_list<_Tp, _Alloc>::emplace_front(_Args&& ...) [with _Args = {champsim::cache_builder<champsim::cache_builder_module_type_holder<prophet>, champsim::cache_builder_module_type_holder<lru> >&}; _Tp = CACHE; _Alloc = std::allocator<CACHE>; std::forward_list<_Tp, _Alloc>::reference = CACHE&; std::forward_list<_Tp, _Alloc>::value_type = CACHE]’
src/generated_environment.cc:22:3:   required from ‘auto champsim::configured::build(PTWs ...) [with R = CACHE; PTWs = {champsim::cache_builder<champsim::cache_builder_module_type_holder<no>, champsim::cache_builder_module_type_holder<drrip> >, champsim::cache_builder<champsim::cache_builder_module_type_holder<no>, champsim::cache_builder_module_type_holder<lru> >, champsim::cache_builder<champsim::cache_builder_module_type_holder<no>, champsim::cache_builder_module_type_holder<lru> >, champsim::cache_builder<champsim::cache_builder_module_type_holder<ip_stride>, champsim::cache_builder_module_type_holder<lru> >, champsim::cache_builder<champsim::cache_builder_module_type_holder<no>, champsim::cache_builder_module_type_holder<lru> >, champsim::cache_builder<champsim::cache_builder_module_type_holder<prophet>, champsim::cache_builder_module_type_holder<lru> >, champsim::cache_builder<champsim::cache_builder_module_type_holder<no>, champsim::cache_builder_module_type_holder<lru> >}]’
.csconfig/core_inst.cc.inc:183:1:   required from here
/mnt/data/lyq/Kairos/inc/cache.h:166:12: warning: ‘CACHE::available_ways’ will be initialized after [-Wreorder]
   uint32_t available_ways;  // 可用路数
            ^~~~~~~~~~~~~~
/mnt/data/lyq/Kairos/inc/cache.h:164:30: warning:   ‘uint32_t CACHE::MSHR_SIZE’ [-Wreorder]
   uint32_t NUM_SET, NUM_WAY, MSHR_SIZE;
                              ^~~~~~~~~
In file included from /mnt/data/lyq/Kairos/inc/environment.h:23,
                 from .csconfig/core_inst.inc:6,
                 from src/generated_environment.cc:5:
/mnt/data/lyq/Kairos/inc/cache.h:358:12: warning:   when initialized here [-Wreorder]
   explicit CACHE(champsim::cache_builder<champsim::cache_builder_module_type_holder<Ps...>, champsim::cache_builder_module_type_holder<Rs...>> b)
            ^~~~~
In file included from /mnt/data/lyq/Kairos/prefetcher/prophet/prophet.h:16,
                 from .csconfig/core_inst.cc.inc:15,
                 from src/generated_environment.cc:28:
/mnt/data/lyq/Kairos/inc/bakshalipour_framework.h: In instantiation of ‘void SetAssociativeCache<T>::write_data(SetAssociativeCache<T>::Entry&, Table&, int) [with T = long unsigned int]’:
/mnt/data/lyq/Kairos/inc/bakshalipour_framework.h:258:16:   required from here
/mnt/data/lyq/Kairos/inc/bakshalipour_framework.h:258:34: warning: unused parameter ‘entry’ [-Wunused-parameter]
   virtual void write_data(Entry& entry, Table& table, int row) {}
                           ~~~~~~~^~~~~
/mnt/data/lyq/Kairos/inc/bakshalipour_framework.h:258:48: warning: unused parameter ‘table’ [-Wunused-parameter]
   virtual void write_data(Entry& entry, Table& table, int row) {}
                                         ~~~~~~~^~~~~
/mnt/data/lyq/Kairos/inc/bakshalipour_framework.h:258:59: warning: unused parameter ‘row’ [-Wunused-parameter]
   virtual void write_data(Entry& entry, Table& table, int row) {}
                                                       ~~~~^~~
/mnt/data/lyq/Kairos/inc/bakshalipour_framework.h: In instantiation of ‘int LRUSetAssociativeCache<T>::select_victim(uint64_t) [with T = long unsigned int; uint64_t = long unsigned int]’:
/mnt/data/lyq/Kairos/inc/bakshalipour_framework.h:393:15:   required from here
/mnt/data/lyq/Kairos/inc/bakshalipour_framework.h:396:56: warning: conversion from ‘__gnu_cxx::__normal_iterator<long unsigned int*, std::vector<long unsigned int> >::difference_type’ {aka ‘long int’} to ‘int’ may change value [-Wconversion]
     return min_element(lru_set.begin(), lru_set.end()) - lru_set.begin();
            ~~~~~~~~~~~~~~~~~~~~~~~~~~~~~~~~~~~~~~~~~~~~^~~~~~~~~~~~~~~~~
/mnt/data/lyq/Kairos/inc/bakshalipour_framework.h: In instantiation of ‘int SetAssociativeCache<T>::select_victim(uint64_t) [with T = long unsigned int; uint64_t = long unsigned int]’:
/mnt/data/lyq/Kairos/inc/bakshalipour_framework.h:263:15:   required from here
/mnt/data/lyq/Kairos/inc/bakshalipour_framework.h:263:38: warning: unused parameter ‘index’ [-Wunused-parameter]
   virtual int select_victim(uint64_t index)
                             ~~~~~~~~~^~~~~
/mnt/data/lyq/Kairos/inc/bakshalipour_framework.h: In instantiation of ‘void SetAssociativeCache<T>::write_data(SetAssociativeCache<T>::Entry&, Table&, int) [with T = ProphetMRBTableEntry]’:
/mnt/data/lyq/Kairos/inc/bakshalipour_framework.h:258:16:   required from here
/mnt/data/lyq/Kairos/inc/bakshalipour_framework.h:258:34: warning: unused parameter ‘entry’ [-Wunused-parameter]
   virtual void write_data(Entry& entry, Table& table, int row) {}
                           ~~~~~~~^~~~~
/mnt/data/lyq/Kairos/inc/bakshalipour_framework.h:258:48: warning: unused parameter ‘table’ [-Wunused-parameter]
   virtual void write_data(Entry& entry, Table& table, int row) {}
                                         ~~~~~~~^~~~~
/mnt/data/lyq/Kairos/inc/bakshalipour_framework.h:258:59: warning: unused parameter ‘row’ [-Wunused-parameter]
   virtual void write_data(Entry& entry, Table& table, int row) {}
                                                       ~~~~^~~
/mnt/data/lyq/Kairos/inc/bakshalipour_framework.h: In instantiation of ‘int LRUSetAssociativeCache<T>::select_victim(uint64_t) [with T = ProphetMRBTableEntry; uint64_t = long unsigned int]’:
/mnt/data/lyq/Kairos/inc/bakshalipour_framework.h:393:15:   required from here
/mnt/data/lyq/Kairos/inc/bakshalipour_framework.h:396:56: warning: conversion from ‘__gnu_cxx::__normal_iterator<long unsigned int*, std::vector<long unsigned int> >::difference_type’ {aka ‘long int’} to ‘int’ may change value [-Wconversion]
     return min_element(lru_set.begin(), lru_set.end()) - lru_set.begin();
            ~~~~~~~~~~~~~~~~~~~~~~~~~~~~~~~~~~~~~~~~~~~~^~~~~~~~~~~~~~~~~
/mnt/data/lyq/Kairos/inc/bakshalipour_framework.h: In instantiation of ‘void SetAssociativeCache<T>::write_data(SetAssociativeCache<T>::Entry&, Table&, int) [with T = ProphetMetaTableEntry]’:
/mnt/data/lyq/Kairos/inc/bakshalipour_framework.h:258:16:   required from here
/mnt/data/lyq/Kairos/inc/bakshalipour_framework.h:258:34: warning: unused parameter ‘entry’ [-Wunused-parameter]
   virtual void write_data(Entry& entry, Table& table, int row) {}
                           ~~~~~~~^~~~~
/mnt/data/lyq/Kairos/inc/bakshalipour_framework.h:258:48: warning: unused parameter ‘table’ [-Wunused-parameter]
   virtual void write_data(Entry& entry, Table& table, int row) {}
                                         ~~~~~~~^~~~~
/mnt/data/lyq/Kairos/inc/bakshalipour_framework.h:258:59: warning: unused parameter ‘row’ [-Wunused-parameter]
   virtual void write_data(Entry& entry, Table& table, int row) {}
                                                       ~~~~^~~
/mnt/data/lyq/Kairos/inc/bakshalipour_framework.h: In instantiation of ‘int LRUSetAssociativeCache<T>::select_victim(uint64_t) [with T = ProphetMetaTableEntry; uint64_t = long unsigned int]’:
/mnt/data/lyq/Kairos/inc/bakshalipour_framework.h:393:15:   required from here
/mnt/data/lyq/Kairos/inc/bakshalipour_framework.h:396:56: warning: conversion from ‘__gnu_cxx::__normal_iterator<long unsigned int*, std::vector<long unsigned int> >::difference_type’ {aka ‘long int’} to ‘int’ may change value [-Wconversion]
     return min_element(lru_set.begin(), lru_set.end()) - lru_set.begin();
            ~~~~~~~~~~~~~~~~~~~~~~~~~~~~~~~~~~~~~~~~~~~~^~~~~~~~~~~~~~~~~
/mnt/data/lyq/Kairos/inc/bakshalipour_framework.h: In instantiation of ‘int SetAssociativeCache<T>::select_victim(uint64_t) [with T = ProphetMetaTableEntry; uint64_t = long unsigned int]’:
/mnt/data/lyq/Kairos/inc/bakshalipour_framework.h:263:15:   required from here
/mnt/data/lyq/Kairos/inc/bakshalipour_framework.h:263:38: warning: unused parameter ‘index’ [-Wunused-parameter]
   virtual int select_victim(uint64_t index)
                             ~~~~~~~~~^~~~~
