Return code: 2

=== STDOUT ===
g++ @global.options @absolute.options @module.options -MM -MT .csconfig/modules/replacement/srrip/srrip.d -MT .csconfig/modules/replacement/srrip/srrip.o -I.csconfig -MF .csconfig/modules/replacement/srrip/srrip.d replacement/srrip/srrip.cc
g++ @global.options @absolute.options @module.options -MM -MT .csconfig/modules/replacement/ship/ship.d -MT .csconfig/modules/replacement/ship/ship.o -I.csconfig -MF .csconfig/modules/replacement/ship/ship.d replacement/ship/ship.cc
g++ @global.options @absolute.options @module.options -MM -MT .csconfig/modules/replacement/random/random.d -MT .csconfig/modules/replacement/random/random.o -I.csconfig -MF .csconfig/modules/replacement/random/random.d replacement/random/random.cc
g++ @global.options @absolute.options @module.options -MM -MT .csconfig/modules/replacement/lru/lru.d -MT .csconfig/modules/replacement/lru/lru.o -I.csconfig -MF .csconfig/modules/replacement/lru/lru.d replacement/lru/lru.cc
g++ @global.options @absolute.options @module.options -MM -MT .csconfig/modules/replacement/drrip/drrip.d -MT .csconfig/modules/replacement/drrip/drrip.o -I.csconfig -MF .csconfig/modules/replacement/drrip/drrip.d replacement/drrip/drrip.cc
g++ @global.options @absolute.options @module.options -MM -MT .csconfig/modules/prefetcher/vberti/vberti.d -MT .csconfig/modules/prefetcher/vberti/vberti.o -I.csconfig -MF .csconfig/modules/prefetcher/vberti/vberti.d prefetcher/vberti/vberti.cc
g++ @global.options @absolute.options @module.options -MM -MT .csconfig/modules/prefetcher/va_ampm_lite/va_ampm_lite.d -MT .csconfig/modules/prefetcher/va_ampm_lite/va_ampm_lite.o -I.csconfig -MF .csconfig/modules/prefetcher/va_ampm_lite/va_ampm_lite.d prefetcher/va_ampm_lite/va_ampm_lite.cc
g++ @global.options @absolute.options @module.options -MM -MT .csconfig/modules/prefetcher/triangel/triangel.d -MT .csconfig/modules/prefetcher/triangel/triangel.o -I.csconfig -MF .csconfig/modules/prefetcher/triangel/triangel.d prefetcher/triangel/triangel.cc
g++ @global.options @absolute.options @module.options -MM -MT .csconfig/modules/prefetcher/spp_dev/spp_dev.d -MT .csconfig/modules/prefetcher/spp_dev/spp_dev.o -I.csconfig -MF .csconfig/modules/prefetcher/spp_dev/spp_dev.d prefetcher/spp_dev/spp_dev.cc
g++ @global.options @absolute.options @module.options -MM -MT .csconfig/modules/prefetcher/resize_tr/resize_tr.d -MT .csconfig/modules/prefetcher/resize_tr/resize_tr.o -I.csconfig -MF .csconfig/modules/prefetcher/resize_tr/resize_tr.d prefetcher/resize_tr/resize_tr.cc
g++ @global.options @absolute.options @module.options -MM -MT .csconfig/modules/prefetcher/resize_pr/resize_pr.d -MT .csconfig/modules/prefetcher/resize_pr/resize_pr.o -I.csconfig -MF .csconfig/modules/prefetcher/resize_pr/resize_pr.d prefetcher/resize_pr/resize_pr.cc
g++ @global.options @absolute.options @module.options -MM -MT .csconfig/modules/prefetcher/resize_kr/resize_kr.d -MT .csconfig/modules/prefetcher/resize_kr/resize_kr.o -I.csconfig -MF .csconfig/modules/prefetcher/resize_kr/resize_kr.d prefetcher/resize_kr/resize_kr.cc
g++ @global.options @absolute.options @module.options -MM -MT .csconfig/modules/prefetcher/resize/resize.d -MT .csconfig/modules/prefetcher/resize/resize.o -I.csconfig -MF .csconfig/modules/prefetcher/resize/resize.d prefetcher/resize/resize.cc
g++ @global.options @absolute.options @module.options -MM -MT .csconfig/modules/prefetcher/prophet/prophet.d -MT .csconfig/modules/prefetcher/prophet/prophet.o -I.csconfig -MF .csconfig/modules/prefetcher/prophet/prophet.d prefetcher/prophet/prophet.cc
g++ @global.options @absolute.options @module.options -MM -MT .csconfig/modules/prefetcher/prism/prism.d -MT .csconfig/modules/prefetcher/prism/prism.o -I.csconfig -MF .csconfig/modules/prefetcher/prism/prism.d prefetcher/prism/prism.cc
g++ @global.options @absolute.options @module.options -MM -MT .csconfig/modules/prefetcher/pctp/pctp.d -MT .csconfig/modules/prefetcher/pctp/pctp.o -I.csconfig -MF .csconfig/modules/prefetcher/pctp/pctp.d prefetcher/pctp/pctp.cc
g++ @global.options @absolute.options @module.options -MM -MT .csconfig/modules/prefetcher/no/no.d -MT .csconfig/modules/prefetcher/no/no.o -I.csconfig -MF .csconfig/modules/prefetcher/no/no.d prefetcher/no/no.cc
g++ @global.options @absolute.options @module.options -MM -MT .csconfig/modules/prefetcher/next_line/next_line.d -MT .csconfig/modules/prefetcher/next_line/next_line.o -I.csconfig -MF .csconfig/modules/prefetcher/next_line/next_line.d prefetcher/next_line/next_line.cc
g++ @global.options @absolute.options @module.options -MM -MT .csconfig/modules/prefetcher/latetp/latetp.d -MT .csconfig/modules/prefetcher/latetp/latetp.o -I.csconfig -MF .csconfig/modules/prefetcher/latetp/latetp.d prefetcher/latetp/latetp.cc
g++ @global.options @absolute.options @module.options -MM -MT .csconfig/modules/prefetcher/kairos/kairos.d -MT .csconfig/modules/prefetcher/kairos/kairos.o -I.csconfig -MF .csconfig/modules/prefetcher/kairos/kairos.d prefetcher/kairos/kairos.cc
g++ @global.options @absolute.options @module.options -MM -MT .csconfig/modules/prefetcher/ip_stride/ip_stride.d -MT .csconfig/modules/prefetcher/ip_stride/ip_stride.o -I.csconfig -MF .csconfig/modules/prefetcher/ip_stride/ip_stride.d prefetcher/ip_stride/ip_stride.cc
g++ @global.options @absolute.options @module.options -MM -MT .csconfig/modules/prefetcher/ipcp/ipcp.d -MT .csconfig/modules/prefetcher/ipcp/ipcp.o -I.csconfig -MF .csconfig/modules/prefetcher/ipcp/ipcp.d prefetcher/ipcp/ipcp.cc
g++ @global.options @absolute.options @module.options -MM -MT .csconfig/modules/prefetcher/inftable/inftable.d -MT .csconfig/modules/prefetcher/inftable/inftable.o -I.csconfig -MF .csconfig/modules/prefetcher/inftable/inftable.d prefetcher/inftable/inftable.cc
g++ @global.options @absolute.options @module.options -MM -MT .csconfig/modules/prefetcher/infpctable/infpctable.d -MT .csconfig/modules/prefetcher/infpctable/infpctable.o -I.csconfig -MF .csconfig/modules/prefetcher/infpctable/infpctable.d prefetcher/infpctable/infpctable.cc
g++ @global.options @absolute.options @module.options -MM -MT .csconfig/modules/prefetcher/croage/croage.d -MT .csconfig/modules/prefetcher/croage/croage.o -I.csconfig -MF .csconfig/modules/prefetcher/croage/croage.d prefetcher/croage/croage.cc
g++ @global.options @absolute.options @module.options -MM -MT .csconfig/modules/prefetcher/conftp/conftp.d -MT .csconfig/modules/prefetcher/conftp/conftp.o -I.csconfig -MF .csconfig/modules/prefetcher/conftp/conftp.d prefetcher/conftp/conftp.cc
g++ @global.options @absolute.options @module.options -MM -MT .csconfig/modules/prefetcher/baseline/baseline.d -MT .csconfig/modules/prefetcher/baseline/baseline.o -I.csconfig -MF .csconfig/modules/prefetcher/baseline/baseline.d prefetcher/baseline/baseline.cc
g++ @global.options @absolute.options @module.options -MM -MT .csconfig/modules/btb/basic_btb/return_stack.d -MT .csconfig/modules/btb/basic_btb/return_stack.o -I.csconfig -MF .csconfig/modules/btb/basic_btb/return_stack.d btb/basic_btb/return_stack.cc
g++ @global.options @absolute.options @module.options -MM -MT .csconfig/modules/btb/basic_btb/indirect_predictor.d -MT .csconfig/modules/btb/basic_btb/indirect_predictor.o -I.csconfig -MF .csconfig/modules/btb/basic_btb/indirect_predictor.d btb/basic_btb/indirect_predictor.cc
g++ @global.options @absolute.options @module.options -MM -MT .csconfig/modules/btb/basic_btb/direct_predictor.d -MT .csconfig/modules/btb/basic_btb/direct_predictor.o -I.csconfig -MF .csconfig/modules/btb/basic_btb/direct_predictor.d btb/basic_btb/direct_predictor.cc
g++ @global.options @absolute.options @module.options -MM -MT .csconfig/modules/btb/basic_btb/basic_btb.d -MT .csconfig/modules/btb/basic_btb/basic_btb.o -I.csconfig -MF .csconfig/modules/btb/basic_btb/basic_btb.d btb/basic_btb/basic_btb.cc
g++ @global.options @absolute.options @module.options -MM -MT .csconfig/modules/branch/perceptron/perceptron.d -MT .csconfig/modules/branch/perceptron/perceptron.o -I.csconfig -MF .csconfig/modules/branch/perceptron/perceptron.d branch/perceptron/perceptron.cc
g++ @global.options @absolute.options @module.options -MM -MT .csconfig/modules/branch/hashed_perceptron/hashed_perceptron.d -MT .csconfig/modules/branch/hashed_perceptron/hashed_perceptron.o -I.csconfig -MF .csconfig/modules/branch/hashed_perceptron/hashed_perceptron.d branch/hashed_perceptron/hashed_perceptron.cc
g++ @global.options @absolute.options @module.options -MM -MT .csconfig/modules/branch/gshare/gshare.d -MT .csconfig/modules/branch/gshare/gshare.o -I.csconfig -MF .csconfig/modules/branch/gshare/gshare.d branch/gshare/gshare.cc
g++ @global.options @absolute.options @module.options -MM -MT .csconfig/modules/branch/bimodal/bimodal.d -MT .csconfig/modules/branch/bimodal/bimodal.o -I.csconfig -MF .csconfig/modules/branch/bimodal/bimodal.d branch/bimodal/bimodal.cc
g++ @global.options @absolute.options -MM -MT .csconfig/test/instr.d -MT .csconfig/test/instr.o -I.csconfig -MF .csconfig/test/instr.d test/cpp/src/instr.cc
g++ @global.options @absolute.options -MM -MT .csconfig/test/900-btb-bounds-check.d -MT .csconfig/test/900-btb-bounds-check.o -I.csconfig -MF .csconfig/test/900-btb-bounds-check.d test/cpp/src/900-btb-bounds-check.cc
g++ @global.options @absolute.options -MM -MT .csconfig/test/803-vmem-offset.d -MT .csconfig/test/803-vmem-offset.o -I.csconfig -MF .csconfig/test/803-vmem-offset.d test/cpp/src/803-vmem-offset.cc
g++ @global.options @absolute.options -MM -MT .csconfig/test/802-pte-page.d -MT .csconfig/test/802-pte-page.o -I.csconfig -MF .csconfig/test/802-pte-page.d test/cpp/src/802-pte-page.cc
g++ @global.options @absolute.options -MM -MT .csconfig/test/801-vmem-duplicated.d -MT .csconfig/test/801-vmem-duplicated.o -I.csconfig -MF .csconfig/test/801-vmem-duplicated.d test/cpp/src/801-vmem-duplicated.cc
g++ @global.options @absolute.options -MM -MT .csconfig/test/798-dram-plain-printer.d -MT .csconfig/test/798-dram-plain-printer.o -I.csconfig -MF .csconfig/test/798-dram-plain-printer.d test/cpp/src/798-dram-plain-printer.cc
g++ @global.options @absolute.options -MM -MT .csconfig/test/751-channel-bit-select.d -MT .csconfig/test/751-channel-bit-select.o -I.csconfig -MF .csconfig/test/751-channel-bit-select.d test/cpp/src/751-channel-bit-select.cc
g++ @global.options @absolute.options -MM -MT .csconfig/test/750-channel-dimensions.d -MT .csconfig/test/750-channel-dimensions.o -I.csconfig -MF .csconfig/test/750-channel-dimensions.d test/cpp/src/750-channel-dimensions.cc
g++ @global.options @absolute.options -MM -MT .csconfig/test/702-dram-refresh.d -MT .csconfig/test/702-dram-refresh.o -I.csconfig -MF .csconfig/test/702-dram-refresh.d test/cpp/src/702-dram-refresh.cc
g++ @global.options @absolute.options -MM -MT .csconfig/test/701-dram-scheduler.d -MT .csconfig/test/701-dram-scheduler.o -I.csconfig -MF .csconfig/test/701-dram-scheduler.d test/cpp/src/701-dram-scheduler.cc
g++ @global.options @absolute.options -MM -MT .csconfig/test/700-dram-size.d -MT .csconfig/test/700-dram-size.o -I.csconfig -MF .csconfig/test/700-dram-size.d test/cpp/src/700-dram-size.cc
g++ @global.options @absolute.options -MM -MT .csconfig/test/603-pte-page-correctness.d -MT .csconfig/test/603-pte-page-correctness.o -I.csconfig -MF .csconfig/test/603-pte-page-correctness.d test/cpp/src/603-pte-page-correctness.cc
g++ @global.options @absolute.options -MM -MT .csconfig/test/602-walk-latency.d -MT .csconfig/test/602-walk-latency.o -I.csconfig -MF .csconfig/test/602-walk-latency.d test/cpp/src/602-walk-latency.cc
g++ @global.options @absolute.options -MM -MT .csconfig/test/601-multiple-inflight-walks.d -MT .csconfig/test/601-multiple-inflight-walks.o -I.csconfig -MF .csconfig/test/601-multiple-inflight-walks.d test/cpp/src/601-multiple-inflight-walks.cc
g++ @global.options @absolute.options -MM -MT .csconfig/test/600-ptw-path.d -MT .csconfig/test/600-ptw-path.o -I.csconfig -MF .csconfig/test/600-ptw-path.d test/cpp/src/600-ptw-path.cc
g++ @global.options @absolute.options -MM -MT .csconfig/test/498-cache-plain-printer.d -MT .csconfig/test/498-cache-plain-printer.o -I.csconfig -MF .csconfig/test/498-cache-plain-printer.d test/cpp/src/498-cache-plain-printer.cc
g++ @global.options @absolute.options -MM -MT .csconfig/test/453-va-ampm-lite-behavior.d -MT .csconfig/test/453-va-ampm-lite-behavior.o -I.csconfig -MF .csconfig/test/453-va-ampm-lite-behavior.d test/cpp/src/453-va-ampm-lite-behavior.cc
g++ @global.options @absolute.options -MM -MT .csconfig/test/452-ip-stride-behavior.d -MT .csconfig/test/452-ip-stride-behavior.o -I.csconfig -MF .csconfig/test/452-ip-stride-behavior.d test/cpp/src/452-ip-stride-behavior.cc
g++ @global.options @absolute.options -MM -MT .csconfig/test/451-next-line-behavior.d -MT .csconfig/test/451-next-line-behavior.o -I.csconfig -MF .csconfig/test/451-next-line-behavior.d test/cpp/src/451-next-line-behavior.cc
g++ @global.options @absolute.options -MM -MT .csconfig/test/444-srrip-replacement.d -MT .csconfig/test/444-srrip-replacement.o -I.csconfig -MF .csconfig/test/444-srrip-replacement.d test/cpp/src/444-srrip-replacement.cc
g++ @global.options @absolute.options -MM -MT .csconfig/test/443-replacement-interface-selection.d -MT .csconfig/test/443-replacement-interface-selection.o -I.csconfig -MF .csconfig/test/443-replacement-interface-selection.d test/cpp/src/443-replacement-interface-selection.cc
g++ @global.options @absolute.options -MM -MT .csconfig/test/442-replacement-interface.d -MT .csconfig/test/442-replacement-interface.o -I.csconfig -MF .csconfig/test/442-replacement-interface.d test/cpp/src/442-replacement-interface.cc
g++ @global.options @absolute.options -MM -MT .csconfig/test/441-replacement-bypass.d -MT .csconfig/test/441-replacement-bypass.o -I.csconfig -MF .csconfig/test/441-replacement-bypass.d test/cpp/src/441-replacement-bypass.cc
g++ @global.options @absolute.options -MM -MT .csconfig/test/432-prefetch-metadata.d -MT .csconfig/test/432-prefetch-metadata.o -I.csconfig -MF .csconfig/test/432-prefetch-metadata.d test/cpp/src/432-prefetch-metadata.cc
g++ @global.options @absolute.options -MM -MT .csconfig/test/431-merge-prefetch.d -MT .csconfig/test/431-merge-prefetch.o -I.csconfig -MF .csconfig/test/431-merge-prefetch.d test/cpp/src/431-merge-prefetch.cc
g++ @global.options @absolute.options -MM -MT .csconfig/test/430-prefetcher-interface.d -MT .csconfig/test/430-prefetcher-interface.o -I.csconfig -MF .csconfig/test/430-prefetcher-interface.d test/cpp/src/430-prefetcher-interface.cc
g++ @global.options @absolute.options -MM -MT .csconfig/test/426-internal-pq-size.d -MT .csconfig/test/426-internal-pq-size.o -I.csconfig -MF .csconfig/test/426-internal-pq-size.d test/cpp/src/426-internal-pq-size.cc
g++ @global.options @absolute.options -MM -MT .csconfig/test/425-useless-prefetch.d -MT .csconfig/test/425-useless-prefetch.o -I.csconfig -MF .csconfig/test/425-useless-prefetch.d test/cpp/src/425-useless-prefetch.cc
g++ @global.options @absolute.options -MM -MT .csconfig/test/424-duplicate-prefetch.d -MT .csconfig/test/424-duplicate-prefetch.o -I.csconfig -MF .csconfig/test/424-duplicate-prefetch.d test/cpp/src/424-duplicate-prefetch.cc
g++ @global.options @absolute.options -MM -MT .csconfig/test/423-prefetcher-activate.d -MT .csconfig/test/423-prefetcher-activate.o -I.csconfig -MF .csconfig/test/423-prefetcher-activate.d test/cpp/src/423-prefetcher-activate.cc
g++ @global.options @absolute.options -MM -MT .csconfig/test/422-prefetch-hit.d -MT .csconfig/test/422-prefetch-hit.o -I.csconfig -MF .csconfig/test/422-prefetch-hit.d test/cpp/src/422-prefetch-hit.cc
g++ @global.options @absolute.options -MM -MT .csconfig/test/421-prefetch-fill-level.d -MT .csconfig/test/421-prefetch-fill-level.o -I.csconfig -MF .csconfig/test/421-prefetch-fill-level.d test/cpp/src/421-prefetch-fill-level.cc
g++ @global.options @absolute.options -MM -MT .csconfig/test/420-issue-prefetch.d -MT .csconfig/test/420-issue-prefetch.o -I.csconfig -MF .csconfig/test/420-issue-prefetch.d test/cpp/src/420-issue-prefetch.cc
g++ @global.options @absolute.options -MM -MT .csconfig/test/415-translation-collision.d -MT .csconfig/test/415-translation-collision.o -I.csconfig -MF .csconfig/test/415-translation-collision.d test/cpp/src/415-translation-collision.cc
g++ @global.options @absolute.options -MM -MT .csconfig/test/414-tag-check-bound.d -MT .csconfig/test/414-tag-check-bound.o -I.csconfig -MF .csconfig/test/414-tag-check-bound.d test/cpp/src/414-tag-check-bound.cc
g++ @global.options @absolute.options -MM -MT .csconfig/test/413-hit-under-miss.d -MT .csconfig/test/413-hit-under-miss.o -I.csconfig -MF .csconfig/test/413-hit-under-miss.d test/cpp/src/413-hit-under-miss.cc
g++ @global.options @absolute.options -MM -MT .csconfig/test/412-queue-translation-miss.d -MT .csconfig/test/412-queue-translation-miss.o -I.csconfig -MF .csconfig/test/412-queue-translation-miss.d test/cpp/src/412-queue-translation-miss.cc
g++ @global.options @absolute.options -MM -MT .csconfig/test/411-queue-translation-hit.d -MT .csconfig/test/411-queue-translation-hit.o -I.csconfig -MF .csconfig/test/411-queue-translation-hit.d test/cpp/src/411-queue-translation-hit.cc
g++ @global.options @absolute.options -MM -MT .csconfig/test/410-queue-collision.d -MT .csconfig/test/410-queue-collision.o -I.csconfig -MF .csconfig/test/410-queue-collision.d test/cpp/src/410-queue-collision.cc
g++ @global.options @absolute.options -MM -MT .csconfig/test/408-set-independence.d -MT .csconfig/test/408-set-independence.o -I.csconfig -MF .csconfig/test/408-set-independence.d test/cpp/src/408-set-independence.cc
g++ @global.options @absolute.options -MM -MT .csconfig/test/407-writeback-dirty.d -MT .csconfig/test/407-writeback-dirty.o -I.csconfig -MF .csconfig/test/407-writeback-dirty.d test/cpp/src/407-writeback-dirty.cc
g++ @global.options @absolute.options -MM -MT .csconfig/test/406-mshr-merge.d -MT .csconfig/test/406-mshr-merge.o -I.csconfig -MF .csconfig/test/406-mshr-merge.d test/cpp/src/406-mshr-merge.cc
g++ @global.options @absolute.options -MM -MT .csconfig/test/405-fill-eviction.d -MT .csconfig/test/405-fill-eviction.o -I.csconfig -MF .csconfig/test/405-fill-eviction.d test/cpp/src/405-fill-eviction.cc
g++ @global.options @absolute.options -MM -MT .csconfig/test/404-fill-bandwidth.d -MT .csconfig/test/404-fill-bandwidth.o -I.csconfig -MF .csconfig/test/404-fill-bandwidth.d test/cpp/src/404-fill-bandwidth.cc
g++ @global.options @absolute.options -MM -MT .csconfig/test/403-read-bandwidth.d -MT .csconfig/test/403-read-bandwidth.o -I.csconfig -MF .csconfig/test/403-read-bandwidth.d test/cpp/src/403-read-bandwidth.cc
g++ @global.options @absolute.options -MM -MT .csconfig/test/402-miss-latency.d -MT .csconfig/test/402-miss-latency.o -I.csconfig -MF .csconfig/test/402-miss-latency.d test/cpp/src/402-miss-latency.cc
g++ @global.options @absolute.options -MM -MT .csconfig/test/401-hit-latency.d -MT .csconfig/test/401-hit-latency.o -I.csconfig -MF .csconfig/test/401-hit-latency.d test/cpp/src/401-hit-latency.cc
g++ @global.options @absolute.options -MM -MT .csconfig/test/400-cache-occupancy-size.d -MT .csconfig/test/400-cache-occupancy-size.o -I.csconfig -MF .csconfig/test/400-cache-occupancy-size.d test/cpp/src/400-cache-occupancy-size.cc
g++ @global.options @absolute.options -MM -MT .csconfig/test/300-retire-from-rob.d -MT .csconfig/test/300-retire-from-rob.o -I.csconfig -MF .csconfig/test/300-retire-from-rob.d test/cpp/src/300-retire-from-rob.cc
g++ @global.options @absolute.options -MM -MT .csconfig/test/250-load-scheduling.d -MT .csconfig/test/250-load-scheduling.o -I.csconfig -MF .csconfig/test/250-load-scheduling.d test/cpp/src/250-load-scheduling.cc
g++ @global.options @absolute.options -MM -MT .csconfig/test/201-register-rename.d -MT .csconfig/test/201-register-rename.o -I.csconfig -MF .csconfig/test/201-register-rename.d test/cpp/src/201-register-rename.cc
g++ @global.options @absolute.options -MM -MT .csconfig/test/200-rob-scheduling.d -MT .csconfig/test/200-rob-scheduling.o -I.csconfig -MF .csconfig/test/200-rob-scheduling.d test/cpp/src/200-rob-scheduling.cc
g++ @global.options @absolute.options -MM -MT .csconfig/test/198-core-plain-printer.d -MT .csconfig/test/198-core-plain-printer.o -I.csconfig -MF .csconfig/test/198-core-plain-printer.d test/cpp/src/198-core-plain-printer.cc
g++ @global.options @absolute.options -MM -MT .csconfig/test/174-hashed-perceptron-ghist.d -MT .csconfig/test/174-hashed-perceptron-ghist.o -I.csconfig -MF .csconfig/test/174-hashed-perceptron-ghist.d test/cpp/src/174-hashed-perceptron-ghist.cc
g++ @global.options @absolute.options -MM -MT .csconfig/test/171-bimodal-branch-predictor.d -MT .csconfig/test/171-bimodal-branch-predictor.o -I.csconfig -MF .csconfig/test/171-bimodal-branch-predictor.d test/cpp/src/171-bimodal-branch-predictor.cc
g++ @global.options @absolute.options -MM -MT .csconfig/test/166-issue296-basic-btb-no-mispredict-on-not-taken.d -MT .csconfig/test/166-issue296-basic-btb-no-mispredict-on-not-taken.o -I.csconfig -MF .csconfig/test/166-issue296-basic-btb-no-mispredict-on-not-taken.d test/cpp/src/166-issue296-basic-btb-no-mispredict-on-not-taken.cc
g++ @global.options @absolute.options -MM -MT .csconfig/test/165-basic-btb-no-evict-on-unknown-target.d -MT .csconfig/test/165-basic-btb-no-evict-on-unknown-target.o -I.csconfig -MF .csconfig/test/165-basic-btb-no-evict-on-unknown-target.d test/cpp/src/165-basic-btb-no-evict-on-unknown-target.cc
g++ @global.options @absolute.options -MM -MT .csconfig/test/151-fetch-across-dib-hit.d -MT .csconfig/test/151-fetch-across-dib-hit.o -I.csconfig -MF .csconfig/test/151-fetch-across-dib-hit.d test/cpp/src/151-fetch-across-dib-hit.cc
g++ @global.options @absolute.options -MM -MT .csconfig/test/150-fetch-bandwidth.d -MT .csconfig/test/150-fetch-bandwidth.o -I.csconfig -MF .csconfig/test/150-fetch-bandwidth.d test/cpp/src/150-fetch-bandwidth.cc
g++ @global.options @absolute.options -MM -MT .csconfig/test/140-single-dib-lookup.d -MT .csconfig/test/140-single-dib-lookup.o -I.csconfig -MF .csconfig/test/140-single-dib-lookup.d test/cpp/src/140-single-dib-lookup.cc
g++ @global.options @absolute.options -MM -MT .csconfig/test/121-dib-inorder.d -MT .csconfig/test/121-dib-inorder.o -I.csconfig -MF .csconfig/test/121-dib-inorder.d test/cpp/src/121-dib-inorder.cc
g++ @global.options @absolute.options -MM -MT .csconfig/test/120-dib-bypass-decode.d -MT .csconfig/test/120-dib-bypass-decode.o -I.csconfig -MF .csconfig/test/120-dib-bypass-decode.d test/cpp/src/120-dib-bypass-decode.cc
g++ @global.options @absolute.options -MM -MT .csconfig/test/100-core-latency.d -MT .csconfig/test/100-core-latency.o -I.csconfig -MF .csconfig/test/100-core-latency.d test/cpp/src/100-core-latency.cc
g++ @global.options @absolute.options -MM -MT .csconfig/test/092-ptw-builder.d -MT .csconfig/test/092-ptw-builder.o -I.csconfig -MF .csconfig/test/092-ptw-builder.d test/cpp/src/092-ptw-builder.cc
g++ @global.options @absolute.options -MM -MT .csconfig/test/091-cache-builder.d -MT .csconfig/test/091-cache-builder.o -I.csconfig -MF .csconfig/test/091-cache-builder.d test/cpp/src/091-cache-builder.cc
g++ @global.options @absolute.options -MM -MT .csconfig/test/085-repeatable.d -MT .csconfig/test/085-repeatable.o -I.csconfig -MF .csconfig/test/085-repeatable.d test/cpp/src/085-repeatable.cc
g++ @global.options @absolute.options -MM -MT .csconfig/test/084-tracereader-eof.d -MT .csconfig/test/084-tracereader-eof.o -I.csconfig -MF .csconfig/test/084-tracereader-eof.d test/cpp/src/084-tracereader-eof.cc
g++ @global.options @absolute.options -MM -MT .csconfig/test/083-decompress-stream.d -MT .csconfig/test/083-decompress-stream.o -I.csconfig -MF .csconfig/test/083-decompress-stream.d test/cpp/src/083-decompress-stream.cc
g++ @global.options @absolute.options -MM -MT .csconfig/test/082-branch-targets.d -MT .csconfig/test/082-branch-targets.o -I.csconfig -MF .csconfig/test/082-branch-targets.d test/cpp/src/082-branch-targets.cc
g++ @global.options @absolute.options -MM -MT .csconfig/test/081-tracereader-instr-id.d -MT .csconfig/test/081-tracereader-instr-id.o -I.csconfig -MF .csconfig/test/081-tracereader-instr-id.d test/cpp/src/081-tracereader-instr-id.cc
g++ @global.options @absolute.options -MM -MT .csconfig/test/080-tracereader.d -MT .csconfig/test/080-tracereader.o -I.csconfig -MF .csconfig/test/080-tracereader.d test/cpp/src/080-tracereader.cc
g++ @global.options @absolute.options -MM -MT .csconfig/test/070-event-counter.d -MT .csconfig/test/070-event-counter.o -I.csconfig -MF .csconfig/test/070-event-counter.d test/cpp/src/070-event-counter.cc
g++ @global.options @absolute.options -MM -MT .csconfig/test/047-extent-set.d -MT .csconfig/test/047-extent-set.o -I.csconfig -MF .csconfig/test/047-extent-set.d test/cpp/src/047-extent-set.cc
g++ @global.options @absolute.options -MM -MT .csconfig/test/046-is-specialization.d -MT .csconfig/test/046-is-specialization.o -I.csconfig -MF .csconfig/test/046-is-specialization.d test/cpp/src/046-is-specialization.cc
g++ @global.options @absolute.options -MM -MT .csconfig/test/045-transform-while-n.d -MT .csconfig/test/045-transform-while-n.o -I.csconfig -MF .csconfig/test/045-transform-while-n.d test/cpp/src/045-transform-while-n.cc
g++ @global.options @absolute.options -MM -MT .csconfig/test/044-extract.d -MT .csconfig/test/044-extract.o -I.csconfig -MF .csconfig/test/044-extract.d test/cpp/src/044-extract.cc
g++ @global.options @absolute.options -MM -MT .csconfig/test/043-fwcounter.d -MT .csconfig/test/043-fwcounter.o -I.csconfig -MF .csconfig/test/043-fwcounter.d test/cpp/src/043-fwcounter.cc
g++ @global.options @absolute.options -MM -MT .csconfig/test/042-get-span.d -MT .csconfig/test/042-get-span.o -I.csconfig -MF .csconfig/test/042-get-span.d test/cpp/src/042-get-span.cc
g++ @global.options @absolute.options -MM -MT .csconfig/test/041-bitwise_ops.d -MT .csconfig/test/041-bitwise_ops.o -I.csconfig -MF .csconfig/test/041-bitwise_ops.d test/cpp/src/041-bitwise_ops.cc
g++ @global.options @absolute.options -MM -MT .csconfig/test/040-lru-table.d -MT .csconfig/test/040-lru-table.o -I.csconfig -MF .csconfig/test/040-lru-table.d test/cpp/src/040-lru-table.cc
g++ @global.options @absolute.options -MM -MT .csconfig/test/039-channel-members.d -MT .csconfig/test/039-channel-members.o -I.csconfig -MF .csconfig/test/039-channel-members.d test/cpp/src/039-channel-members.cc
g++ @global.options @absolute.options -MM -MT .csconfig/test/038-channel-occupancy-size.d -MT .csconfig/test/038-channel-occupancy-size.o -I.csconfig -MF .csconfig/test/038-channel-occupancy-size.d test/cpp/src/038-channel-occupancy-size.cc
g++ @global.options @absolute.options -MM -MT .csconfig/test/037-waitable.d -MT .csconfig/test/037-waitable.o -I.csconfig -MF .csconfig/test/037-waitable.d test/cpp/src/037-waitable.cc
g++ @global.options @absolute.options -MM -MT .csconfig/test/036-bandwidth.d -MT .csconfig/test/036-bandwidth.o -I.csconfig -MF .csconfig/test/036-bandwidth.d test/cpp/src/036-bandwidth.cc
g++ @global.options @absolute.options -MM -MT .csconfig/test/035-data-size.d -MT .csconfig/test/035-data-size.o -I.csconfig -MF .csconfig/test/035-data-size.d test/cpp/src/035-data-size.cc
g++ @global.options @absolute.options -MM -MT .csconfig/test/034-extent.d -MT .csconfig/test/034-extent.o -I.csconfig -MF .csconfig/test/034-extent.d test/cpp/src/034-extent.cc
g++ @global.options @absolute.options -MM -MT .csconfig/test/033-address-arithmetic.d -MT .csconfig/test/033-address-arithmetic.o -I.csconfig -MF .csconfig/test/033-address-arithmetic.d test/cpp/src/033-address-arithmetic.cc
g++ @global.options @absolute.options -MM -MT .csconfig/test/032-address-slice-dynamic.d -MT .csconfig/test/032-address-slice-dynamic.o -I.csconfig -MF .csconfig/test/032-address-slice-dynamic.d test/cpp/src/032-address-slice-dynamic.cc
g++ @global.options @absolute.options -MM -MT .csconfig/test/031-address-slice.d -MT .csconfig/test/031-address-slice.o -I.csconfig -MF .csconfig/test/031-address-slice.d test/cpp/src/031-address-slice.cc
g++ @global.options @absolute.options -MM -MT .csconfig/test/030-address-ops.d -MT .csconfig/test/030-address-ops.o -I.csconfig -MF .csconfig/test/030-address-ops.d test/cpp/src/030-address-ops.cc
g++ @global.options @absolute.options -MM -MT .csconfig/test/001-operable.d -MT .csconfig/test/001-operable.o -I.csconfig -MF .csconfig/test/001-operable.d test/cpp/src/001-operable.cc
g++ @global.options @absolute.options -MM -MT .csconfig/test/TEST_000-test-main.d -MT .csconfig/test/TEST_000-test-main.o -I.csconfig -MF .csconfig/test/TEST_000-test-main.d test/cpp/src/000-test-main.cc
g++ @global.options @absolute.options -MM -MT .csconfig/vmem.d -MT .csconfig/vmem.o -I.csconfig -MF .csconfig/vmem.d src/vmem.cc
g++ @global.options @absolute.options -MM -MT .csconfig/tracereader.d -MT .csconfig/tracereader.o -I.csconfig -MF .csconfig/tracereader.d src/tracereader.cc
g++ @global.options @absolute.options -MM -MT .csconfig/register_allocator.d -MT .csconfig/register_allocator.o -I.csconfig -MF .csconfig/register_allocator.d src/register_allocator.cc
g++ @global.options @absolute.options -MM -MT .csconfig/ptw.d -MT .csconfig/ptw.o -I.csconfig -MF .csconfig/ptw.d src/ptw.cc
g++ @global.options @absolute.options -MM -MT .csconfig/ptw_builder.d -MT .csconfig/ptw_builder.o -I.csconfig -MF .csconfig/ptw_builder.d src/ptw_builder.cc
g++ @global.options @absolute.options -MM -MT .csconfig/plain_printer.d -MT .csconfig/plain_printer.o -I.csconfig -MF .csconfig/plain_printer.d src/plain_printer.cc
g++ @global.options @absolute.options -MM -MT .csconfig/operable.d -MT .csconfig/operable.o -I.csconfig -MF .csconfig/operable.d src/operable.cc
g++ @global.options @absolute.options -MM -MT .csconfig/ooo_cpu.d -MT .csconfig/ooo_cpu.o -I.csconfig -MF .csconfig/ooo_cpu.d src/ooo_cpu.cc
g++ @global.options @absolute.options -MM -MT .csconfig/modules.d -MT .csconfig/modules.o -I.csconfig -MF .csconfig/modules.d src/modules.cc
g++ @global.options @absolute.options -MM -MT .csconfig/8098a882251aa634_main.d -MT .csconfig/8098a882251aa634_main.o -I.csconfig -DCHAMPSIM_BUILD=0x8098a882251aa634 -MF .csconfig/8098a882251aa634_main.d src/main.cc
g++ @global.options @absolute.options -MM -MT .csconfig/json_printer.d -MT .csconfig/json_printer.o -I.csconfig -MF .csconfig/json_printer.d src/json_printer.cc
g++ @global.options @absolute.options -MM -MT .csconfig/generated_environment.d -MT .csconfig/generated_environment.o -I.csconfig -MF .csconfig/generated_environment.d src/generated_environment.cc
g++ @global.options @absolute.options -MM -MT .csconfig/extent.d -MT .csconfig/extent.o -I.csconfig -MF .csconfig/extent.d src/extent.cc
g++ @global.options @absolute.options -MM -MT .csconfig/dram_stats.d -MT .csconfig/dram_stats.o -I.csconfig -MF .csconfig/dram_stats.d src/dram_stats.cc
g++ @global.options @absolute.options -MM -MT .csconfig/dram_controller.d -MT .csconfig/dram_controller.o -I.csconfig -MF .csconfig/dram_controller.d src/dram_controller.cc
g++ @global.options @absolute.options -MM -MT .csconfig/core_stats.d -MT .csconfig/core_stats.o -I.csconfig -MF .csconfig/core_stats.d src/core_stats.cc
g++ @global.options @absolute.options -MM -MT .csconfig/chrono.d -MT .csconfig/chrono.o -I.csconfig -MF .csconfig/chrono.d src/chrono.cc
g++ @global.options @absolute.options -MM -MT .csconfig/channel.d -MT .csconfig/channel.o -I.csconfig -MF .csconfig/channel.d src/channel.cc
g++ @global.options @absolute.options -MM -MT .csconfig/champsim.d -MT .csconfig/champsim.o -I.csconfig -MF .csconfig/champsim.d src/champsim.cc
g++ @global.options @absolute.options -MM -MT .csconfig/cache_stats.d -MT .csconfig/cache_stats.o -I.csconfig -MF .csconfig/cache_stats.d src/cache_stats.cc
g++ @global.options @absolute.options -MM -MT .csconfig/cache.d -MT .csconfig/cache.o -I.csconfig -MF .csconfig/cache.d src/cache.cc
g++ @global.options @absolute.options -MM -MT .csconfig/bandwidth.d -MT .csconfig/bandwidth.o -I.csconfig -MF .csconfig/bandwidth.d src/bandwidth.cc
g++ @global.options @absolute.options -MM -MT .csconfig/address.d -MT .csconfig/address.o -I.csconfig -MF .csconfig/address.d src/address.cc
g++ @global.options @absolute.options -MM -MT .csconfig/TEST_main.d -MT .csconfig/TEST_main.o -I.csconfig -DCHAMPSIM_BUILD=0xTEST -MF .csconfig/TEST_main.d src/main.cc
g++ @global.options @absolute.options -I.csconfig  -c -o .csconfig/address.o src/address.cc
g++ @global.options @absolute.options -I.csconfig  -c -o .csconfig/bandwidth.o src/bandwidth.cc
g++ @global.options @absolute.options -I.csconfig  -c -o .csconfig/cache.o src/cache.cc
g++ @global.options @absolute.options -I.csconfig  -c -o .csconfig/cache_stats.o src/cache_stats.cc
g++ @global.options @absolute.options -I.csconfig  -c -o .csconfig/champsim.o src/champsim.cc
g++ @global.options @absolute.options -I.csconfig  -c -o .csconfig/channel.o src/channel.cc
g++ @global.options @absolute.options -I.csconfig  -c -o .csconfig/chrono.o src/chrono.cc
g++ @global.options @absolute.options -I.csconfig  -c -o .csconfig/core_stats.o src/core_stats.cc
g++ @global.options @absolute.options -I.csconfig  -c -o .csconfig/dram_controller.o src/dram_controller.cc
g++ @global.options @absolute.options -I.csconfig  -c -o .csconfig/dram_stats.o src/dram_stats.cc
g++ @global.options @absolute.options -I.csconfig  -c -o .csconfig/extent.o src/extent.cc
g++ @global.options @absolute.options -I.csconfig  -c -o .csconfig/generated_environment.o src/generated_environment.cc
g++ @global.options @absolute.options -I.csconfig  -c -o .csconfig/json_printer.o src/json_printer.cc
g++ @global.options @absolute.options -I.csconfig -DCHAMPSIM_BUILD=0x8098a882251aa634  -c -o .csconfig/8098a882251aa634_main.o src/main.cc
g++ @global.options @absolute.options -I.csconfig  -c -o .csconfig/modules.o src/modules.cc
g++ @global.options @absolute.options -I.csconfig  -c -o .csconfig/ooo_cpu.o src/ooo_cpu.cc
g++ @global.options @absolute.options -I.csconfig  -c -o .csconfig/operable.o src/operable.cc
g++ @global.options @absolute.options -I.csconfig  -c -o .csconfig/plain_printer.o src/plain_printer.cc
g++ @global.options @absolute.options -I.csconfig  -c -o .csconfig/ptw_builder.o src/ptw_builder.cc
g++ @global.options @absolute.options -I.csconfig  -c -o .csconfig/ptw.o src/ptw.cc
g++ @global.options @absolute.options -I.csconfig  -c -o .csconfig/register_allocator.o src/register_allocator.cc
g++ @global.options @absolute.options -I.csconfig  -c -o .csconfig/tracereader.o src/tracereader.cc
g++ @global.options @absolute.options -I.csconfig  -c -o .csconfig/vmem.o src/vmem.cc
g++ @global.options @absolute.options @module.options -I.csconfig  -c -o .csconfig/modules/branch/bimodal/bimodal.o branch/bimodal/bimodal.cc
g++ @global.options @absolute.options @module.options -I.csconfig  -c -o .csconfig/modules/branch/gshare/gshare.o branch/gshare/gshare.cc
g++ @global.options @absolute.options @module.options -I.csconfig  -c -o .csconfig/modules/branch/hashed_perceptron/hashed_perceptron.o branch/hashed_perceptron/hashed_perceptron.cc
g++ @global.options @absolute.options @module.options -I.csconfig  -c -o .csconfig/modules/branch/perceptron/perceptron.o branch/perceptron/perceptron.cc
g++ @global.options @absolute.options @module.options -I.csconfig  -c -o .csconfig/modules/btb/basic_btb/basic_btb.o btb/basic_btb/basic_btb.cc
g++ @global.options @absolute.options @module.options -I.csconfig  -c -o .csconfig/modules/btb/basic_btb/direct_predictor.o btb/basic_btb/direct_predictor.cc
g++ @global.options @absolute.options @module.options -I.csconfig  -c -o .csconfig/modules/btb/basic_btb/indirect_predictor.o btb/basic_btb/indirect_predictor.cc
g++ @global.options @absolute.options @module.options -I.csconfig  -c -o .csconfig/modules/btb/basic_btb/return_stack.o btb/basic_btb/return_stack.cc
g++ @global.options @absolute.options @module.options -I.csconfig  -c -o .csconfig/modules/prefetcher/baseline/baseline.o prefetcher/baseline/baseline.cc
g++ @global.options @absolute.options @module.options -I.csconfig  -c -o .csconfig/modules/prefetcher/conftp/conftp.o prefetcher/conftp/conftp.cc
g++ @global.options @absolute.options @module.options -I.csconfig  -c -o .csconfig/modules/prefetcher/croage/croage.o prefetcher/croage/croage.cc
g++ @global.options @absolute.options @module.options -I.csconfig  -c -o .csconfig/modules/prefetcher/infpctable/infpctable.o prefetcher/infpctable/infpctable.cc
g++ @global.options @absolute.options @module.options -I.csconfig  -c -o .csconfig/modules/prefetcher/inftable/inftable.o prefetcher/inftable/inftable.cc
g++ @global.options @absolute.options @module.options -I.csconfig  -c -o .csconfig/modules/prefetcher/ipcp/ipcp.o prefetcher/ipcp/ipcp.cc
g++ @global.options @absolute.options @module.options -I.csconfig  -c -o .csconfig/modules/prefetcher/ip_stride/ip_stride.o prefetcher/ip_stride/ip_stride.cc
g++ @global.options @absolute.options @module.options -I.csconfig  -c -o .csconfig/modules/prefetcher/kairos/kairos.o prefetcher/kairos/kairos.cc
g++ @global.options @absolute.options @module.options -I.csconfig  -c -o .csconfig/modules/prefetcher/latetp/latetp.o prefetcher/latetp/latetp.cc
g++ @global.options @absolute.options @module.options -I.csconfig  -c -o .csconfig/modules/prefetcher/next_line/next_line.o prefetcher/next_line/next_line.cc
g++ @global.options @absolute.options @module.options -I.csconfig  -c -o .csconfig/modules/prefetcher/no/no.o prefetcher/no/no.cc
g++ @global.options @absolute.options @module.options -I.csconfig  -c -o .csconfig/modules/prefetcher/pctp/pctp.o prefetcher/pctp/pctp.cc
g++ @global.options @absolute.options @module.options -I.csconfig  -c -o .csconfig/modules/prefetcher/prism/prism.o prefetcher/prism/prism.cc
g++ @global.options @absolute.options @module.options -I.csconfig  -c -o .csconfig/modules/prefetcher/prophet/prophet.o prefetcher/prophet/prophet.cc
g++ @global.options @absolute.options @module.options -I.csconfig  -c -o .csconfig/modules/prefetcher/resize/resize.o prefetcher/resize/resize.cc
g++ @global.options @absolute.options @module.options -I.csconfig  -c -o .csconfig/modules/prefetcher/resize_kr/resize_kr.o prefetcher/resize_kr/resize_kr.cc
g++ @global.options @absolute.options @module.options -I.csconfig  -c -o .csconfig/modules/prefetcher/resize_pr/resize_pr.o prefetcher/resize_pr/resize_pr.cc
g++ @global.options @absolute.options @module.options -I.csconfig  -c -o .csconfig/modules/prefetcher/resize_tr/resize_tr.o prefetcher/resize_tr/resize_tr.cc
g++ @global.options @absolute.options @module.options -I.csconfig  -c -o .csconfig/modules/prefetcher/spp_dev/spp_dev.o prefetcher/spp_dev/spp_dev.cc
g++ @global.options @absolute.options @module.options -I.csconfig  -c -o .csconfig/modules/prefetcher/triangel/triangel.o prefetcher/triangel/triangel.cc
g++ @global.options @absolute.options @module.options -I.csconfig  -c -o .csconfig/modules/prefetcher/va_ampm_lite/va_ampm_lite.o prefetcher/va_ampm_lite/va_ampm_lite.cc
g++ @global.options @absolute.options @module.options -I.csconfig  -c -o .csconfig/modules/prefetcher/vberti/vberti.o prefetcher/vberti/vberti.cc
g++ @global.options @absolute.options @module.options -I.csconfig  -c -o .csconfig/modules/replacement/drrip/drrip.o replacement/drrip/drrip.cc
g++ @global.options @absolute.options @module.options -I.csconfig  -c -o .csconfig/modules/replacement/lru/lru.o replacement/lru/lru.cc
g++ @global.options @absolute.options @module.options -I.csconfig  -c -o .csconfig/modules/replacement/random/random.o replacement/random/random.cc
g++ @global.options @absolute.options @module.options -I.csconfig  -c -o .csconfig/modules/replacement/ship/ship.o replacement/ship/ship.cc
g++ @global.options @absolute.options @module.options -I.csconfig  -c -o .csconfig/modules/replacement/srrip/srrip.o replacement/srrip/srrip.cc

=== STDERR ===
In file included from prefetcher/conftp/conftp.h:16,
                 from prefetcher/conftp/conftp.cc:1:
/mnt/data/lyq/PRISM/inc/prism_framework.h: In constructor ‘SetAssociativeCache<T>::SetAssociativeCache(int, int, int)’:
/mnt/data/lyq/PRISM/inc/prism_framework.h:31:51: warning: declaration of ‘debug_level’ shadows a member of ‘SetAssociativeCache<T>’ [-Wshadow]
   31 |   SetAssociativeCache(int size, int num_ways, int debug_level = 0)
      |                                               ~~~~^~~~~~~~~~~~~~~
In file included from prefetcher/conftp/conftp.h:16,
                 from prefetcher/conftp/conftp.cc:1:
/mnt/data/lyq/PRISM/inc/prism_framework.h:157:7: note: shadowed declaration is here
  157 |   int debug_level = 0;
      |       ^~~~~~~~~~~
In file included from prefetcher/conftp/conftp.h:16,
                 from prefetcher/conftp/conftp.cc:1:
/mnt/data/lyq/PRISM/inc/prism_framework.h:31:37: warning: declaration of ‘num_ways’ shadows a member of ‘SetAssociativeCache<T>’ [-Wshadow]
   31 |   SetAssociativeCache(int size, int num_ways, int debug_level = 0)
      |                                 ~~~~^~~~~~~~
In file included from prefetcher/conftp/conftp.h:16,
                 from prefetcher/conftp/conftp.cc:1:
/mnt/data/lyq/PRISM/inc/prism_framework.h:152:7: note: shadowed declaration is here
  152 |   int num_ways;
      |       ^~~~~~~~
In file included from prefetcher/conftp/conftp.h:16,
                 from prefetcher/conftp/conftp.cc:1:
/mnt/data/lyq/PRISM/inc/prism_framework.h:31:27: warning: declaration of ‘size’ shadows a member of ‘SetAssociativeCache<T>’ [-Wshadow]
   31 |   SetAssociativeCache(int size, int num_ways, int debug_level = 0)
      |                       ~~~~^~~~
In file included from prefetcher/conftp/conftp.h:16,
                 from prefetcher/conftp/conftp.cc:1:
/mnt/data/lyq/PRISM/inc/prism_framework.h:151:7: note: shadowed declaration is here
  151 |   int size;
      |       ^~~~
In file included from prefetcher/infpctable/infpctable.h:16,
                 from prefetcher/infpctable/infpctable.cc:1:
/mnt/data/lyq/PRISM/inc/prism_framework.h: In constructor ‘SetAssociativeCache<T>::SetAssociativeCache(int, int, int)’:
/mnt/data/lyq/PRISM/inc/prism_framework.h:31:51: warning: declaration of ‘debug_level’ shadows a member of ‘SetAssociativeCache<T>’ [-Wshadow]
   31 |   SetAssociativeCache(int size, int num_ways, int debug_level = 0)
      |                                               ~~~~^~~~~~~~~~~~~~~
In file included from prefetcher/infpctable/infpctable.h:16,
                 from prefetcher/infpctable/infpctable.cc:1:
/mnt/data/lyq/PRISM/inc/prism_framework.h:157:7: note: shadowed declaration is here
  157 |   int debug_level = 0;
      |       ^~~~~~~~~~~
In file included from prefetcher/infpctable/infpctable.h:16,
                 from prefetcher/infpctable/infpctable.cc:1:
/mnt/data/lyq/PRISM/inc/prism_framework.h:31:37: warning: declaration of ‘num_ways’ shadows a member of ‘SetAssociativeCache<T>’ [-Wshadow]
   31 |   SetAssociativeCache(int size, int num_ways, int debug_level = 0)
      |                                 ~~~~^~~~~~~~
In file included from prefetcher/infpctable/infpctable.h:16,
                 from prefetcher/infpctable/infpctable.cc:1:
/mnt/data/lyq/PRISM/inc/prism_framework.h:152:7: note: shadowed declaration is here
  152 |   int num_ways;
      |       ^~~~~~~~
In file included from prefetcher/infpctable/infpctable.h:16,
                 from prefetcher/infpctable/infpctable.cc:1:
/mnt/data/lyq/PRISM/inc/prism_framework.h:31:27: warning: declaration of ‘size’ shadows a member of ‘SetAssociativeCache<T>’ [-Wshadow]
   31 |   SetAssociativeCache(int size, int num_ways, int debug_level = 0)
      |                       ~~~~^~~~
In file included from prefetcher/infpctable/infpctable.h:16,
                 from prefetcher/infpctable/infpctable.cc:1:
/mnt/data/lyq/PRISM/inc/prism_framework.h:151:7: note: shadowed declaration is here
  151 |   int size;
      |       ^~~~
/mnt/data/lyq/PRISM/inc/prism_framework.h: In member function ‘void SetAssociativeCache<T>::set_debug_level(int)’:
/mnt/data/lyq/PRISM/inc/prism_framework.h:123:28: warning: declaration of ‘debug_level’ shadows a member of ‘SetAssociativeCache<T>’ [-Wshadow]
  123 |   void set_debug_level(int debug_level) { this->debug_level = debug_level; }
      |                        ~~~~^~~~~~~~~~~
/mnt/data/lyq/PRISM/inc/prism_framework.h:157:7: note: shadowed declaration is here
  157 |   int debug_level = 0;
      |       ^~~~~~~~~~~
In file included from prefetcher/prophet/prophet.h:16,
                 from prefetcher/prophet/prophet.cc:1:
/mnt/data/lyq/PRISM/inc/prism_framework.h: In constructor ‘SetAssociativeCache<T>::SetAssociativeCache(int, int, int)’:
/mnt/data/lyq/PRISM/inc/prism_framework.h:31:51: warning: declaration of ‘debug_level’ shadows a member of ‘SetAssociativeCache<T>’ [-Wshadow]
   31 |   SetAssociativeCache(int size, int num_ways, int debug_level = 0)
      |                                               ~~~~^~~~~~~~~~~~~~~
In file included from prefetcher/baseline/baseline.h:16,
                 from prefetcher/baseline/baseline.cc:1:
/mnt/data/lyq/PRISM/inc/prism_framework.h: In constructor ‘SetAssociativeCache<T>::SetAssociativeCache(int, int, int)’:
/mnt/data/lyq/PRISM/inc/prism_framework.h:31:51: warning: declaration of ‘debug_level’ shadows a member of ‘SetAssociativeCache<T>’ [-Wshadow]
   31 |   SetAssociativeCache(int size, int num_ways, int debug_level = 0)
      |                                               ~~~~^~~~~~~~~~~~~~~
In file included from prefetcher/prophet/prophet.h:16,
                 from prefetcher/prophet/prophet.cc:1:
/mnt/data/lyq/PRISM/inc/prism_framework.h:157:7: note: shadowed declaration is here
  157 |   int debug_level = 0;
      |       ^~~~~~~~~~~
In file included from prefetcher/baseline/baseline.h:16,
                 from prefetcher/baseline/baseline.cc:1:
/mnt/data/lyq/PRISM/inc/prism_framework.h:157:7: note: shadowed declaration is here
  157 |   int debug_level = 0;
      |       ^~~~~~~~~~~
In file included from prefetcher/prophet/prophet.h:16,
                 from prefetcher/prophet/prophet.cc:1:
/mnt/data/lyq/PRISM/inc/prism_framework.h:31:37: warning: declaration of ‘num_ways’ shadows a member of ‘SetAssociativeCache<T>’ [-Wshadow]
   31 |   SetAssociativeCache(int size, int num_ways, int debug_level = 0)
      |                                 ~~~~^~~~~~~~
In file included from prefetcher/baseline/baseline.h:16,
                 from prefetcher/baseline/baseline.cc:1:
/mnt/data/lyq/PRISM/inc/prism_framework.h:31:37: warning: declaration of ‘num_ways’ shadows a member of ‘SetAssociativeCache<T>’ [-Wshadow]
   31 |   SetAssociativeCache(int size, int num_ways, int debug_level = 0)
      |                                 ~~~~^~~~~~~~
In file included from prefetcher/prophet/prophet.h:16,
                 from prefetcher/prophet/prophet.cc:1:
/mnt/data/lyq/PRISM/inc/prism_framework.h:152:7: note: shadowed declaration is here
  152 |   int num_ways;
      |       ^~~~~~~~
In file included from prefetcher/baseline/baseline.h:16,
                 from prefetcher/baseline/baseline.cc:1:
/mnt/data/lyq/PRISM/inc/prism_framework.h:152:7: note: shadowed declaration is here
  152 |   int num_ways;
      |       ^~~~~~~~
In file included from prefetcher/prophet/prophet.h:16,
                 from prefetcher/prophet/prophet.cc:1:
/mnt/data/lyq/PRISM/inc/prism_framework.h:31:27: warning: declaration of ‘size’ shadows a member of ‘SetAssociativeCache<T>’ [-Wshadow]
   31 |   SetAssociativeCache(int size, int num_ways, int debug_level = 0)
      |                       ~~~~^~~~
In file included from prefetcher/baseline/baseline.h:16,
                 from prefetcher/baseline/baseline.cc:1:
/mnt/data/lyq/PRISM/inc/prism_framework.h:31:27: warning: declaration of ‘size’ shadows a member of ‘SetAssociativeCache<T>’ [-Wshadow]
   31 |   SetAssociativeCache(int size, int num_ways, int debug_level = 0)
      |                       ~~~~^~~~
In file included from prefetcher/prophet/prophet.h:16,
                 from prefetcher/prophet/prophet.cc:1:
/mnt/data/lyq/PRISM/inc/prism_framework.h:151:7: note: shadowed declaration is here
  151 |   int size;
      |       ^~~~
In file included from prefetcher/baseline/baseline.h:16,
                 from prefetcher/baseline/baseline.cc:1:
/mnt/data/lyq/PRISM/inc/prism_framework.h:151:7: note: shadowed declaration is here
  151 |   int size;
      |       ^~~~
/mnt/data/lyq/PRISM/inc/prism_framework.h: In member function ‘void SetAssociativeCache<T>::set_debug_level(int)’:
/mnt/data/lyq/PRISM/inc/prism_framework.h:123:28: warning: declaration of ‘debug_level’ shadows a member of ‘SetAssociativeCache<T>’ [-Wshadow]
  123 |   void set_debug_level(int debug_level) { this->debug_level = debug_level; }
      |                        ~~~~^~~~~~~~~~~
/mnt/data/lyq/PRISM/inc/prism_framework.h:157:7: note: shadowed declaration is here
  157 |   int debug_level = 0;
      |       ^~~~~~~~~~~
In file included from prefetcher/resize_kr/resize_kr.h:16,
                 from prefetcher/resize_kr/resize_kr.cc:1:
/mnt/data/lyq/PRISM/inc/prism_framework.h: In constructor ‘SetAssociativeCache<T>::SetAssociativeCache(int, int, int)’:
/mnt/data/lyq/PRISM/inc/prism_framework.h:31:51: warning: declaration of ‘debug_level’ shadows a member of ‘SetAssociativeCache<T>’ [-Wshadow]
   31 |   SetAssociativeCache(int size, int num_ways, int debug_level = 0)
      |                                               ~~~~^~~~~~~~~~~~~~~
In file included from prefetcher/resize_kr/resize_kr.h:16,
                 from prefetcher/resize_kr/resize_kr.cc:1:
/mnt/data/lyq/PRISM/inc/prism_framework.h:157:7: note: shadowed declaration is here
  157 |   int debug_level = 0;
      |       ^~~~~~~~~~~
In file included from prefetcher/resize_kr/resize_kr.h:16,
                 from prefetcher/resize_kr/resize_kr.cc:1:
/mnt/data/lyq/PRISM/inc/prism_framework.h:31:37: warning: declaration of ‘num_ways’ shadows a member of ‘SetAssociativeCache<T>’ [-Wshadow]
   31 |   SetAssociativeCache(int size, int num_ways, int debug_level = 0)
      |                                 ~~~~^~~~~~~~
In file included from prefetcher/resize_kr/resize_kr.h:16,
                 from prefetcher/resize_kr/resize_kr.cc:1:
/mnt/data/lyq/PRISM/inc/prism_framework.h:152:7: note: shadowed declaration is here
  152 |   int num_ways;
      |       ^~~~~~~~
In file included from prefetcher/resize_kr/resize_kr.h:16,
                 from prefetcher/resize_kr/resize_kr.cc:1:
/mnt/data/lyq/PRISM/inc/prism_framework.h:31:27: warning: declaration of ‘size’ shadows a member of ‘SetAssociativeCache<T>’ [-Wshadow]
   31 |   SetAssociativeCache(int size, int num_ways, int debug_level = 0)
      |                       ~~~~^~~~
In file included from prefetcher/resize_kr/resize_kr.h:16,
                 from prefetcher/resize_kr/resize_kr.cc:1:
/mnt/data/lyq/PRISM/inc/prism_framework.h:151:7: note: shadowed declaration is here
  151 |   int size;
      |       ^~~~
In file included from prefetcher/inftable/inftable.h:16,
                 from prefetcher/inftable/inftable.cc:1:
/mnt/data/lyq/PRISM/inc/prism_framework.h: In constructor ‘SetAssociativeCache<T>::SetAssociativeCache(int, int, int)’:
/mnt/data/lyq/PRISM/inc/prism_framework.h:31:51: warning: declaration of ‘debug_level’ shadows a member of ‘SetAssociativeCache<T>’ [-Wshadow]
   31 |   SetAssociativeCache(int size, int num_ways, int debug_level = 0)
      |                                               ~~~~^~~~~~~~~~~~~~~
In file included from prefetcher/inftable/inftable.h:16,
                 from prefetcher/inftable/inftable.cc:1:
/mnt/data/lyq/PRISM/inc/prism_framework.h:157:7: note: shadowed declaration is here
  157 |   int debug_level = 0;
      |       ^~~~~~~~~~~
In file included from prefetcher/inftable/inftable.h:16,
                 from prefetcher/inftable/inftable.cc:1:
/mnt/data/lyq/PRISM/inc/prism_framework.h:31:37: warning: declaration of ‘num_ways’ shadows a member of ‘SetAssociativeCache<T>’ [-Wshadow]
   31 |   SetAssociativeCache(int size, int num_ways, int debug_level = 0)
      |                                 ~~~~^~~~~~~~
In file included from prefetcher/inftable/inftable.h:16,
                 from prefetcher/inftable/inftable.cc:1:
/mnt/data/lyq/PRISM/inc/prism_framework.h:152:7: note: shadowed declaration is here
  152 |   int num_ways;
      |       ^~~~~~~~
In file included from prefetcher/inftable/inftable.h:16,
                 from prefetcher/inftable/inftable.cc:1:
/mnt/data/lyq/PRISM/inc/prism_framework.h:31:27: warning: declaration of ‘size’ shadows a member of ‘SetAssociativeCache<T>’ [-Wshadow]
   31 |   SetAssociativeCache(int size, int num_ways, int debug_level = 0)
      |                       ~~~~^~~~
In file included from prefetcher/inftable/inftable.h:16,
                 from prefetcher/inftable/inftable.cc:1:
/mnt/data/lyq/PRISM/inc/prism_framework.h:151:7: note: shadowed declaration is here
  151 |   int size;
      |       ^~~~
/mnt/data/lyq/PRISM/inc/prism_framework.h: In member function ‘void SetAssociativeCache<T>::set_debug_level(int)’:
/mnt/data/lyq/PRISM/inc/prism_framework.h:123:28: warning: declaration of ‘debug_level’ shadows a member of ‘SetAssociativeCache<T>’ [-Wshadow]
  123 |   void set_debug_level(int debug_level) { this->debug_level = debug_level; }
      |                        ~~~~^~~~~~~~~~~
/mnt/data/lyq/PRISM/inc/prism_framework.h:157:7: note: shadowed declaration is here
  157 |   int debug_level = 0;
      |       ^~~~~~~~~~~
/mnt/data/lyq/PRISM/inc/prism_framework.h: In member function ‘void SetAssociativeCache<T>::set_debug_level(int)’:
/mnt/data/lyq/PRISM/inc/prism_framework.h:123:28: warning: declaration of ‘debug_level’ shadows a member of ‘SetAssociativeCache<T>’ [-Wshadow]
  123 |   void set_debug_level(int debug_level) { this->debug_level = debug_level; }
      |                        ~~~~^~~~~~~~~~~
/mnt/data/lyq/PRISM/inc/prism_framework.h:157:7: note: shadowed declaration is here
  157 |   int debug_level = 0;
      |       ^~~~~~~~~~~
In file included from prefetcher/latetp/latetp.h:16,
                 from prefetcher/latetp/latetp.cc:1:
/mnt/data/lyq/PRISM/inc/prism_framework.h: In constructor ‘SetAssociativeCache<T>::SetAssociativeCache(int, int, int)’:
/mnt/data/lyq/PRISM/inc/prism_framework.h:31:51: warning: declaration of ‘debug_level’ shadows a member of ‘SetAssociativeCache<T>’ [-Wshadow]
   31 |   SetAssociativeCache(int size, int num_ways, int debug_level = 0)
      |                                               ~~~~^~~~~~~~~~~~~~~
In file included from prefetcher/latetp/latetp.h:16,
                 from prefetcher/latetp/latetp.cc:1:
/mnt/data/lyq/PRISM/inc/prism_framework.h:157:7: note: shadowed declaration is here
  157 |   int debug_level = 0;
      |       ^~~~~~~~~~~
In file included from prefetcher/latetp/latetp.h:16,
                 from prefetcher/latetp/latetp.cc:1:
/mnt/data/lyq/PRISM/inc/prism_framework.h:31:37: warning: declaration of ‘num_ways’ shadows a member of ‘SetAssociativeCache<T>’ [-Wshadow]
   31 |   SetAssociativeCache(int size, int num_ways, int debug_level = 0)
      |                                 ~~~~^~~~~~~~
In file included from prefetcher/latetp/latetp.h:16,
                 from prefetcher/latetp/latetp.cc:1:
/mnt/data/lyq/PRISM/inc/prism_framework.h:152:7: note: shadowed declaration is here
  152 |   int num_ways;
      |       ^~~~~~~~
In file included from prefetcher/latetp/latetp.h:16,
                 from prefetcher/latetp/latetp.cc:1:
/mnt/data/lyq/PRISM/inc/prism_framework.h:31:27: warning: declaration of ‘size’ shadows a member of ‘SetAssociativeCache<T>’ [-Wshadow]
   31 |   SetAssociativeCache(int size, int num_ways, int debug_level = 0)
      |                       ~~~~^~~~
In file included from prefetcher/latetp/latetp.h:16,
                 from prefetcher/latetp/latetp.cc:1:
/mnt/data/lyq/PRISM/inc/prism_framework.h:151:7: note: shadowed declaration is here
  151 |   int size;
      |       ^~~~
/mnt/data/lyq/PRISM/inc/prism_framework.h: In member function ‘void SetAssociativeCache<T>::set_debug_level(int)’:
/mnt/data/lyq/PRISM/inc/prism_framework.h:123:28: warning: declaration of ‘debug_level’ shadows a member of ‘SetAssociativeCache<T>’ [-Wshadow]
  123 |   void set_debug_level(int debug_level) { this->debug_level = debug_level; }
      |                        ~~~~^~~~~~~~~~~
/mnt/data/lyq/PRISM/inc/prism_framework.h:157:7: note: shadowed declaration is here
  157 |   int debug_level = 0;
      |       ^~~~~~~~~~~
/mnt/data/lyq/PRISM/inc/prism_framework.h: In member function ‘void SetAssociativeCache<T>::set_debug_level(int)’:
/mnt/data/lyq/PRISM/inc/prism_framework.h:123:28: warning: declaration of ‘debug_level’ shadows a member of ‘SetAssociativeCache<T>’ [-Wshadow]
  123 |   void set_debug_level(int debug_level) { this->debug_level = debug_level; }
      |                        ~~~~^~~~~~~~~~~
/mnt/data/lyq/PRISM/inc/prism_framework.h:157:7: note: shadowed declaration is here
  157 |   int debug_level = 0;
      |       ^~~~~~~~~~~
/mnt/data/lyq/PRISM/inc/prism_framework.h: In member function ‘void SetAssociativeCache<T>::set_debug_level(int)’:
/mnt/data/lyq/PRISM/inc/prism_framework.h:123:28: warning: declaration of ‘debug_level’ shadows a member of ‘SetAssociativeCache<T>’ [-Wshadow]
  123 |   void set_debug_level(int debug_level) { this->debug_level = debug_level; }
      |                        ~~~~^~~~~~~~~~~
/mnt/data/lyq/PRISM/inc/prism_framework.h:157:7: note: shadowed declaration is here
  157 |   int debug_level = 0;
      |       ^~~~~~~~~~~
In file included from prefetcher/resize_tr/resize_tr.h:16,
                 from prefetcher/resize_tr/resize_tr.cc:1:
/mnt/data/lyq/PRISM/inc/prism_framework.h: In constructor ‘SetAssociativeCache<T>::SetAssociativeCache(int, int, int)’:
/mnt/data/lyq/PRISM/inc/prism_framework.h:31:51: warning: declaration of ‘debug_level’ shadows a member of ‘SetAssociativeCache<T>’ [-Wshadow]
   31 |   SetAssociativeCache(int size, int num_ways, int debug_level = 0)
      |                                               ~~~~^~~~~~~~~~~~~~~
In file included from prefetcher/resize_tr/resize_tr.h:16,
                 from prefetcher/resize_tr/resize_tr.cc:1:
/mnt/data/lyq/PRISM/inc/prism_framework.h:157:7: note: shadowed declaration is here
  157 |   int debug_level = 0;
      |       ^~~~~~~~~~~
In file included from prefetcher/resize_tr/resize_tr.h:16,
                 from prefetcher/resize_tr/resize_tr.cc:1:
/mnt/data/lyq/PRISM/inc/prism_framework.h:31:37: warning: declaration of ‘num_ways’ shadows a member of ‘SetAssociativeCache<T>’ [-Wshadow]
   31 |   SetAssociativeCache(int size, int num_ways, int debug_level = 0)
      |                                 ~~~~^~~~~~~~
In file included from prefetcher/resize_tr/resize_tr.h:16,
                 from prefetcher/resize_tr/resize_tr.cc:1:
/mnt/data/lyq/PRISM/inc/prism_framework.h:152:7: note: shadowed declaration is here
  152 |   int num_ways;
      |       ^~~~~~~~
In file included from prefetcher/resize_tr/resize_tr.h:16,
                 from prefetcher/resize_tr/resize_tr.cc:1:
/mnt/data/lyq/PRISM/inc/prism_framework.h:31:27: warning: declaration of ‘size’ shadows a member of ‘SetAssociativeCache<T>’ [-Wshadow]
   31 |   SetAssociativeCache(int size, int num_ways, int debug_level = 0)
      |                       ~~~~^~~~
In file included from prefetcher/resize_tr/resize_tr.h:16,
                 from prefetcher/resize_tr/resize_tr.cc:1:
/mnt/data/lyq/PRISM/inc/prism_framework.h:151:7: note: shadowed declaration is here
  151 |   int size;
      |       ^~~~
In file included from prefetcher/pctp/pctp.h:16,
                 from prefetcher/pctp/pctp.cc:1:
/mnt/data/lyq/PRISM/inc/prism_framework.h: In constructor ‘SetAssociativeCache<T>::SetAssociativeCache(int, int, int)’:
/mnt/data/lyq/PRISM/inc/prism_framework.h:31:51: warning: declaration of ‘debug_level’ shadows a member of ‘SetAssociativeCache<T>’ [-Wshadow]
   31 |   SetAssociativeCache(int size, int num_ways, int debug_level = 0)
      |                                               ~~~~^~~~~~~~~~~~~~~
In file included from prefetcher/pctp/pctp.h:16,
                 from prefetcher/pctp/pctp.cc:1:
/mnt/data/lyq/PRISM/inc/prism_framework.h:157:7: note: shadowed declaration is here
  157 |   int debug_level = 0;
      |       ^~~~~~~~~~~
In file included from prefetcher/pctp/pctp.h:16,
                 from prefetcher/pctp/pctp.cc:1:
/mnt/data/lyq/PRISM/inc/prism_framework.h:31:37: warning: declaration of ‘num_ways’ shadows a member of ‘SetAssociativeCache<T>’ [-Wshadow]
   31 |   SetAssociativeCache(int size, int num_ways, int debug_level = 0)
      |                                 ~~~~^~~~~~~~
In file included from prefetcher/pctp/pctp.h:16,
                 from prefetcher/pctp/pctp.cc:1:
/mnt/data/lyq/PRISM/inc/prism_framework.h:152:7: note: shadowed declaration is here
  152 |   int num_ways;
      |       ^~~~~~~~
In file included from prefetcher/pctp/pctp.h:16,
                 from prefetcher/pctp/pctp.cc:1:
/mnt/data/lyq/PRISM/inc/prism_framework.h:31:27: warning: declaration of ‘size’ shadows a member of ‘SetAssociativeCache<T>’ [-Wshadow]
   31 |   SetAssociativeCache(int size, int num_ways, int debug_level = 0)
      |                       ~~~~^~~~
In file included from prefetcher/pctp/pctp.h:16,
                 from prefetcher/pctp/pctp.cc:1:
/mnt/data/lyq/PRISM/inc/prism_framework.h:151:7: note: shadowed declaration is here
  151 |   int size;
      |       ^~~~
/mnt/data/lyq/PRISM/inc/prism_framework.h: In member function ‘void SetAssociativeCache<T>::set_debug_level(int)’:
/mnt/data/lyq/PRISM/inc/prism_framework.h:123:28: warning: declaration of ‘debug_level’ shadows a member of ‘SetAssociativeCache<T>’ [-Wshadow]
  123 |   void set_debug_level(int debug_level) { this->debug_level = debug_level; }
      |                        ~~~~^~~~~~~~~~~
/mnt/data/lyq/PRISM/inc/prism_framework.h:157:7: note: shadowed declaration is here
  157 |   int debug_level = 0;
      |       ^~~~~~~~~~~
In file included from prefetcher/resize_pr/resize_pr.h:16,
                 from prefetcher/resize_pr/resize_pr.cc:1:
/mnt/data/lyq/PRISM/inc/prism_framework.h: In constructor ‘SetAssociativeCache<T>::SetAssociativeCache(int, int, int)’:
/mnt/data/lyq/PRISM/inc/prism_framework.h:31:51: warning: declaration of ‘debug_level’ shadows a member of ‘SetAssociativeCache<T>’ [-Wshadow]
   31 |   SetAssociativeCache(int size, int num_ways, int debug_level = 0)
      |                                               ~~~~^~~~~~~~~~~~~~~
In file included from prefetcher/resize_pr/resize_pr.h:16,
                 from prefetcher/resize_pr/resize_pr.cc:1:
/mnt/data/lyq/PRISM/inc/prism_framework.h:157:7: note: shadowed declaration is here
  157 |   int debug_level = 0;
      |       ^~~~~~~~~~~
In file included from prefetcher/resize_pr/resize_pr.h:16,
                 from prefetcher/resize_pr/resize_pr.cc:1:
/mnt/data/lyq/PRISM/inc/prism_framework.h:31:37: warning: declaration of ‘num_ways’ shadows a member of ‘SetAssociativeCache<T>’ [-Wshadow]
   31 |   SetAssociativeCache(int size, int num_ways, int debug_level = 0)
      |                                 ~~~~^~~~~~~~
In file included from prefetcher/resize_pr/resize_pr.h:16,
                 from prefetcher/resize_pr/resize_pr.cc:1:
/mnt/data/lyq/PRISM/inc/prism_framework.h:152:7: note: shadowed declaration is here
  152 |   int num_ways;
      |       ^~~~~~~~
In file included from prefetcher/resize_pr/resize_pr.h:16,
                 from prefetcher/resize_pr/resize_pr.cc:1:
/mnt/data/lyq/PRISM/inc/prism_framework.h:31:27: warning: declaration of ‘size’ shadows a member of ‘SetAssociativeCache<T>’ [-Wshadow]
   31 |   SetAssociativeCache(int size, int num_ways, int debug_level = 0)
      |                       ~~~~^~~~
In file included from prefetcher/resize_pr/resize_pr.h:16,
                 from prefetcher/resize_pr/resize_pr.cc:1:
/mnt/data/lyq/PRISM/inc/prism_framework.h:151:7: note: shadowed declaration is here
  151 |   int size;
      |       ^~~~
In file included from prefetcher/resize/resize.h:16,
                 from prefetcher/resize/resize.cc:1:
/mnt/data/lyq/PRISM/inc/prism_framework.h: In constructor ‘SetAssociativeCache<T>::SetAssociativeCache(int, int, int)’:
/mnt/data/lyq/PRISM/inc/prism_framework.h:31:51: warning: declaration of ‘debug_level’ shadows a member of ‘SetAssociativeCache<T>’ [-Wshadow]
   31 |   SetAssociativeCache(int size, int num_ways, int debug_level = 0)
      |                                               ~~~~^~~~~~~~~~~~~~~
In file included from prefetcher/resize/resize.h:16,
                 from prefetcher/resize/resize.cc:1:
/mnt/data/lyq/PRISM/inc/prism_framework.h:157:7: note: shadowed declaration is here
  157 |   int debug_level = 0;
      |       ^~~~~~~~~~~
In file included from prefetcher/resize/resize.h:16,
                 from prefetcher/resize/resize.cc:1:
/mnt/data/lyq/PRISM/inc/prism_framework.h:31:37: warning: declaration of ‘num_ways’ shadows a member of ‘SetAssociativeCache<T>’ [-Wshadow]
   31 |   SetAssociativeCache(int size, int num_ways, int debug_level = 0)
      |                                 ~~~~^~~~~~~~
In file included from prefetcher/resize/resize.h:16,
                 from prefetcher/resize/resize.cc:1:
/mnt/data/lyq/PRISM/inc/prism_framework.h:152:7: note: shadowed declaration is here
  152 |   int num_ways;
      |       ^~~~~~~~
In file included from prefetcher/resize/resize.h:16,
                 from prefetcher/resize/resize.cc:1:
/mnt/data/lyq/PRISM/inc/prism_framework.h:31:27: warning: declaration of ‘size’ shadows a member of ‘SetAssociativeCache<T>’ [-Wshadow]
   31 |   SetAssociativeCache(int size, int num_ways, int debug_level = 0)
      |                       ~~~~^~~~
In file included from prefetcher/resize/resize.h:16,
                 from prefetcher/resize/resize.cc:1:
/mnt/data/lyq/PRISM/inc/prism_framework.h:151:7: note: shadowed declaration is here
  151 |   int size;
      |       ^~~~
/mnt/data/lyq/PRISM/inc/prism_framework.h: In member function ‘void SetAssociativeCache<T>::set_debug_level(int)’:
/mnt/data/lyq/PRISM/inc/prism_framework.h:123:28: warning: declaration of ‘debug_level’ shadows a member of ‘SetAssociativeCache<T>’ [-Wshadow]
  123 |   void set_debug_level(int debug_level) { this->debug_level = debug_level; }
      |                        ~~~~^~~~~~~~~~~
/mnt/data/lyq/PRISM/inc/prism_framework.h:157:7: note: shadowed declaration is here
  157 |   int debug_level = 0;
      |       ^~~~~~~~~~~
/mnt/data/lyq/PRISM/inc/prism_framework.h: In member function ‘void SetAssociativeCache<T>::set_debug_level(int)’:
/mnt/data/lyq/PRISM/inc/prism_framework.h:123:28: warning: declaration of ‘debug_level’ shadows a member of ‘SetAssociativeCache<T>’ [-Wshadow]
  123 |   void set_debug_level(int debug_level) { this->debug_level = debug_level; }
      |                        ~~~~^~~~~~~~~~~
/mnt/data/lyq/PRISM/inc/prism_framework.h:157:7: note: shadowed declaration is here
  157 |   int debug_level = 0;
      |       ^~~~~~~~~~~
/mnt/data/lyq/PRISM/inc/prism_framework.h: In member function ‘void SetAssociativeCache<T>::set_debug_level(int)’:
/mnt/data/lyq/PRISM/inc/prism_framework.h:123:28: warning: declaration of ‘debug_level’ shadows a member of ‘SetAssociativeCache<T>’ [-Wshadow]
  123 |   void set_debug_level(int debug_level) { this->debug_level = debug_level; }
      |                        ~~~~^~~~~~~~~~~
/mnt/data/lyq/PRISM/inc/prism_framework.h:157:7: note: shadowed declaration is here
  157 |   int debug_level = 0;
      |       ^~~~~~~~~~~
In file included from prefetcher/croage/croage.cc:1:
prefetcher/croage/croage.h: In constructor ‘LRUCache<T>::LRUCache(int)’:
prefetcher/croage/croage.h:44:16: warning: declaration of ‘capacity’ shadows a member of ‘LRUCache<T>’ [-Wshadow]
   44 |   LRUCache(int capacity)
      |            ~~~~^~~~~~~~
prefetcher/croage/croage.h:39:7: note: shadowed declaration is here
   39 |   int capacity;
      |       ^~~~~~~~
In file included from prefetcher/croage/croage.cc:1:
prefetcher/croage/croage.h: In constructor ‘FIFOCache<T>::FIFOCache(int)’:
prefetcher/croage/croage.h:224:17: warning: declaration of ‘capacity’ shadows a member of ‘FIFOCache<T>’ [-Wshadow]
  224 |   FIFOCache(int capacity)
      |             ~~~~^~~~~~~~
prefetcher/croage/croage.h:219:7: note: shadowed declaration is here
  219 |   int capacity;
      |       ^~~~~~~~
prefetcher/croage/croage.h: In constructor ‘CroageRepl<T>::CroageRepl(int)’:
prefetcher/croage/croage.h:435:18: warning: declaration of ‘capacity’ shadows a member of ‘CroageRepl<T>’ [-Wshadow]
  435 |   CroageRepl(int capacity) : count(0), capacity(capacity), head(new DLinkedNode()), tail(new DLinkedNode())
      |              ~~~~^~~~~~~~
prefetcher/croage/croage.h:429:7: note: shadowed declaration is here
  429 |   int capacity;
      |       ^~~~~~~~
prefetcher/croage/croage.h: In constructor ‘KeyDetectEntry::KeyDetectEntry(uint64_t, uint64_t, uint64_t)’:
prefetcher/croage/croage.h:666:27: warning: declaration of ‘pc’ shadows a member of ‘KeyDetectEntry’ [-Wshadow]
  666 |   KeyDetectEntry(uint64_t pc = 0, uint64_t issue = 0, uint64_t miss = 0) : pc(pc), issue_count(issue), miss_count(miss) {}
      |                  ~~~~~~~~~^~~~~~
prefetcher/croage/croage.h:667:12: note: shadowed declaration is here
  667 |   uint64_t pc;
      |            ^~
prefetcher/croage/croage.h: In constructor ‘KeyDetectEntry::KeyDetectEntry(uint64_t, uint64_t, uint64_t)’:
prefetcher/croage/croage.h:666:27: warning: declaration of ‘pc’ shadows a member of ‘KeyDetectEntry’ [-Wshadow]
  666 |   KeyDetectEntry(uint64_t pc = 0, uint64_t issue = 0, uint64_t miss = 0) : pc(pc), issue_count(issue), miss_count(miss) {}
      |                  ~~~~~~~~~^~~~~~
prefetcher/croage/croage.h:667:12: note: shadowed declaration is here
  667 |   uint64_t pc;
      |            ^~
prefetcher/croage/croage.h: In constructor ‘KeyDetectEntry::KeyDetectEntry(uint64_t, uint64_t, uint64_t)’:
prefetcher/croage/croage.h:666:27: warning: declaration of ‘pc’ shadows a member of ‘KeyDetectEntry’ [-Wshadow]
  666 |   KeyDetectEntry(uint64_t pc = 0, uint64_t issue = 0, uint64_t miss = 0) : pc(pc), issue_count(issue), miss_count(miss) {}
      |                  ~~~~~~~~~^~~~~~
prefetcher/croage/croage.h:667:12: note: shadowed declaration is here
  667 |   uint64_t pc;
      |            ^~
In file included from prefetcher/triangel/triangel.cc:1:
prefetcher/triangel/triangel.h: In constructor ‘Cacheway<T>::Cacheway(int, ReplacementPolicy, const string&)’:
prefetcher/triangel/triangel.h:127:77: warning: declaration of ‘owner’ shadows a member of ‘Cacheway<T>’ [-Wshadow]
  127 |   Cacheway(int capacity, ReplacementPolicy policy = LRU, const std::string& owner = "unknown") : count(0), capacity(capacity), policy(policy), owner(owner)
      |                                                          ~~~~~~~~~~~~~~~~~~~^~~~~~~~~~~~~~~~~
prefetcher/triangel/triangel.h:120:15: note: shadowed declaration is here
  120 |   std::string owner;
      |               ^~~~~
prefetcher/triangel/triangel.h:127:44: warning: declaration of ‘policy’ shadows a member of ‘Cacheway<T>’ [-Wshadow]
  127 |   Cacheway(int capacity, ReplacementPolicy policy = LRU, const std::string& owner = "unknown") : count(0), capacity(capacity), policy(policy), owner(owner)
      |                          ~~~~~~~~~~~~~~~~~~^~~~~~~~~~~~
prefetcher/triangel/triangel.h:118:21: note: shadowed declaration is here
  118 |   ReplacementPolicy policy;
      |                     ^~~~~~
prefetcher/triangel/triangel.h:127:16: warning: declaration of ‘capacity’ shadows a member of ‘Cacheway<T>’ [-Wshadow]
  127 |   Cacheway(int capacity, ReplacementPolicy policy = LRU, const std::string& owner = "unknown") : count(0), capacity(capacity), policy(policy), owner(owner)
      |            ~~~~^~~~~~~~
prefetcher/triangel/triangel.h:116:7: note: shadowed declaration is here
  116 |   int capacity;
      |       ^~~~~~~~
In file included from prefetcher/conftp/conftp.cc:1:
prefetcher/conftp/conftp.h: In constructor ‘conftpMetaTable::conftpMetaTable(int, int)’:
prefetcher/conftp/conftp.h:50:33: warning: declaration of ‘num_ways’ shadows a member of ‘conftpMetaTable’ [-Wshadow]
   50 |   conftpMetaTable(int size, int num_ways) : Super(size, num_ways), prefetcher(nullptr) {}
      |                             ~~~~^~~~~~~~
In file included from prefetcher/conftp/conftp.h:16,
                 from prefetcher/conftp/conftp.cc:1:
/mnt/data/lyq/PRISM/inc/prism_framework.h:152:7: note: shadowed declaration is here
  152 |   int num_ways;
      |       ^~~~~~~~
In file included from prefetcher/conftp/conftp.cc:1:
prefetcher/conftp/conftp.h:50:23: warning: declaration of ‘size’ shadows a member of ‘conftpMetaTable’ [-Wshadow]
   50 |   conftpMetaTable(int size, int num_ways) : Super(size, num_ways), prefetcher(nullptr) {}
      |                   ~~~~^~~~
In file included from prefetcher/conftp/conftp.h:16,
                 from prefetcher/conftp/conftp.cc:1:
/mnt/data/lyq/PRISM/inc/prism_framework.h:151:7: note: shadowed declaration is here
  151 |   int size;
      |       ^~~~
In file included from prefetcher/triangel/triangel.cc:1:
prefetcher/triangel/triangel.h: In constructor ‘RRIPCacheway<T>::RRIPCacheway(int, const string&)’:
prefetcher/triangel/triangel.h:352:49: warning: declaration of ‘owner’ shadows a member of ‘RRIPCacheway<T>’ [-Wshadow]
  352 |   RRIPCacheway(int capacity, const std::string& owner = "unknown"):capacity(capacity), owner(owner), count(0) {}
      |                              ~~~~~~~~~~~~~~~~~~~^~~~~~~~~~~~~~~~~
prefetcher/triangel/triangel.h:343:15: note: shadowed declaration is here
  343 |   std::string owner;
      |               ^~~~~
prefetcher/triangel/triangel.h:352:20: warning: declaration of ‘capacity’ shadows a member of ‘RRIPCacheway<T>’ [-Wshadow]
  352 |   RRIPCacheway(int capacity, const std::string& owner = "unknown"):capacity(capacity), owner(owner), count(0) {}
      |                ~~~~^~~~~~~~
prefetcher/triangel/triangel.h:344:7: note: shadowed declaration is here
  344 |   int capacity;
      |       ^~~~~~~~
prefetcher/triangel/triangel.h: In constructor ‘AssociativeCache<T>::AssociativeCache(uint64_t, int, ReplacementPolicy, const string&)’:
prefetcher/triangel/triangel.h:480:39: warning: declaration of ‘ways’ shadows a member of ‘AssociativeCache<T>’ [-Wshadow]
  480 |   AssociativeCache(uint64_t sets, int ways, ReplacementPolicy policy, const std::string& owner = "unknown") : count(0), set_mask(sets - 1), ways(ways), read_n(0), write_n(0)
      |                                   ~~~~^~~~
prefetcher/triangel/triangel.h:474:12: note: shadowed declaration is here
  474 |   uint64_t ways;
      |            ^~~~
In file included from prefetcher/conftp/conftp.cc:1:
prefetcher/conftp/conftp.h: In constructor ‘conftpMetaTable::conftpMetaTable(int, int)’:
prefetcher/conftp/conftp.h:50:33: warning: declaration of ‘num_ways’ shadows a member of ‘conftpMetaTable’ [-Wshadow]
   50 |   conftpMetaTable(int size, int num_ways) : Super(size, num_ways), prefetcher(nullptr) {}
      |                             ~~~~^~~~~~~~
In file included from prefetcher/conftp/conftp.h:16,
                 from prefetcher/conftp/conftp.cc:1:
/mnt/data/lyq/PRISM/inc/prism_framework.h:152:7: note: shadowed declaration is here
  152 |   int num_ways;
      |       ^~~~~~~~
In file included from prefetcher/conftp/conftp.cc:1:
prefetcher/conftp/conftp.h:50:23: warning: declaration of ‘size’ shadows a member of ‘conftpMetaTable’ [-Wshadow]
   50 |   conftpMetaTable(int size, int num_ways) : Super(size, num_ways), prefetcher(nullptr) {}
      |                   ~~~~^~~~
In file included from prefetcher/conftp/conftp.h:16,
                 from prefetcher/conftp/conftp.cc:1:
/mnt/data/lyq/PRISM/inc/prism_framework.h:151:7: note: shadowed declaration is here
  151 |   int size;
      |       ^~~~
In file included from prefetcher/conftp/conftp.cc:1:
prefetcher/conftp/conftp.h: In constructor ‘conftpMetaTable::conftpMetaTable(int, int)’:
prefetcher/conftp/conftp.h:50:33: warning: declaration of ‘num_ways’ shadows a member of ‘conftpMetaTable’ [-Wshadow]
   50 |   conftpMetaTable(int size, int num_ways) : Super(size, num_ways), prefetcher(nullptr) {}
      |                             ~~~~^~~~~~~~
In file included from prefetcher/conftp/conftp.h:16,
                 from prefetcher/conftp/conftp.cc:1:
/mnt/data/lyq/PRISM/inc/prism_framework.h:152:7: note: shadowed declaration is here
  152 |   int num_ways;
      |       ^~~~~~~~
In file included from prefetcher/conftp/conftp.cc:1:
prefetcher/conftp/conftp.h:50:23: warning: declaration of ‘size’ shadows a member of ‘conftpMetaTable’ [-Wshadow]
   50 |   conftpMetaTable(int size, int num_ways) : Super(size, num_ways), prefetcher(nullptr) {}
      |                   ~~~~^~~~
In file included from prefetcher/conftp/conftp.h:16,
                 from prefetcher/conftp/conftp.cc:1:
/mnt/data/lyq/PRISM/inc/prism_framework.h:151:7: note: shadowed declaration is here
  151 |   int size;
      |       ^~~~
prefetcher/triangel/triangel.h: In constructor ‘MetadataEntry::MetadataEntry(uint64_t, uint64_t)’:
prefetcher/triangel/triangel.h:601:41: warning: declaration of ‘target_addr’ shadows a member of ‘MetadataEntry’ [-Wshadow]
  601 |   MetadataEntry(uint64_t addr, uint64_t target_addr) : key(addr), target_addr(target_addr), conf(false), used(false) {}
      |                                ~~~~~~~~~^~~~~~~~~~~
prefetcher/triangel/triangel.h:573:12: note: shadowed declaration is here
  573 |   uint64_t target_addr;
      |            ^~~~~~~~~~~
prefetcher/triangel/triangel.h: In constructor ‘MetadataEntry::MetadataEntry(uint64_t, uint64_t)’:
prefetcher/triangel/triangel.h:601:41: warning: declaration of ‘target_addr’ shadows a member of ‘MetadataEntry’ [-Wshadow]
  601 |   MetadataEntry(uint64_t addr, uint64_t target_addr) : key(addr), target_addr(target_addr), conf(false), used(false) {}
      |                                ~~~~~~~~~^~~~~~~~~~~
prefetcher/triangel/triangel.h:573:12: note: shadowed declaration is here
  573 |   uint64_t target_addr;
      |            ^~~~~~~~~~~
prefetcher/triangel/triangel.h: In constructor ‘MetadataEntry::MetadataEntry(uint64_t, uint64_t)’:
prefetcher/triangel/triangel.h:601:41: warning: declaration of ‘target_addr’ shadows a member of ‘MetadataEntry’ [-Wshadow]
  601 |   MetadataEntry(uint64_t addr, uint64_t target_addr) : key(addr), target_addr(target_addr), conf(false), used(false) {}
      |                                ~~~~~~~~~^~~~~~~~~~~
prefetcher/triangel/triangel.h:573:12: note: shadowed declaration is here
  573 |   uint64_t target_addr;
      |            ^~~~~~~~~~~
prefetcher/triangel/triangel.h: In constructor ‘HistorySamplerEntry::HistorySamplerEntry(uint64_t, uint64_t, uint64_t, uint64_t)’:
prefetcher/triangel/triangel.h:628:88: warning: declaration of ‘timestamp’ shadows a member of ‘HistorySamplerEntry’ [-Wshadow]
  628 |   HistorySamplerEntry(uint64_t addr, uint64_t tu_entry, uint64_t target_addr, uint64_t timestamp)
      |                                                                               ~~~~~~~~~^~~~~~~~~
prefetcher/triangel/triangel.h:610:12: note: shadowed declaration is here
  610 |   uint64_t timestamp;   // local_timestamp
      |            ^~~~~~~~~
prefetcher/triangel/triangel.h:628:66: warning: declaration of ‘target_addr’ shadows a member of ‘HistorySamplerEntry’ [-Wshadow]
  628 |   HistorySamplerEntry(uint64_t addr, uint64_t tu_entry, uint64_t target_addr, uint64_t timestamp)
      |                                                         ~~~~~~~~~^~~~~~~~~~~
prefetcher/triangel/triangel.h:611:12: note: shadowed declaration is here
  611 |   uint64_t target_addr; // next
      |            ^~~~~~~~~~~
prefetcher/triangel/triangel.h:611:12: warning: ‘HistorySamplerEntry::target_addr’ will be initialized after [-Wreorder]
prefetcher/triangel/triangel.h:610:12: warning:   ‘uint64_t HistorySamplerEntry::timestamp’ [-Wreorder]
  610 |   uint64_t timestamp;   // local_timestamp
      |            ^~~~~~~~~
prefetcher/triangel/triangel.h:628:3: warning:   when initialized here [-Wreorder]
  628 |   HistorySamplerEntry(uint64_t addr, uint64_t tu_entry, uint64_t target_addr, uint64_t timestamp)
      |   ^~~~~~~~~~~~~~~~~~~
prefetcher/triangel/triangel.h: In constructor ‘HistorySamplerEntry::HistorySamplerEntry(uint64_t, uint64_t, uint64_t, uint64_t)’:
prefetcher/triangel/triangel.h:628:88: warning: declaration of ‘timestamp’ shadows a member of ‘HistorySamplerEntry’ [-Wshadow]
  628 |   HistorySamplerEntry(uint64_t addr, uint64_t tu_entry, uint64_t target_addr, uint64_t timestamp)
      |                                                                               ~~~~~~~~~^~~~~~~~~
prefetcher/triangel/triangel.h:610:12: note: shadowed declaration is here
  610 |   uint64_t timestamp;   // local_timestamp
      |            ^~~~~~~~~
prefetcher/triangel/triangel.h:628:66: warning: declaration of ‘target_addr’ shadows a member of ‘HistorySamplerEntry’ [-Wshadow]
  628 |   HistorySamplerEntry(uint64_t addr, uint64_t tu_entry, uint64_t target_addr, uint64_t timestamp)
      |                                                         ~~~~~~~~~^~~~~~~~~~~
prefetcher/triangel/triangel.h:611:12: note: shadowed declaration is here
  611 |   uint64_t target_addr; // next
      |            ^~~~~~~~~~~
prefetcher/triangel/triangel.h: In constructor ‘HistorySamplerEntry::HistorySamplerEntry(uint64_t, uint64_t, uint64_t, uint64_t)’:
prefetcher/triangel/triangel.h:628:88: warning: declaration of ‘timestamp’ shadows a member of ‘HistorySamplerEntry’ [-Wshadow]
  628 |   HistorySamplerEntry(uint64_t addr, uint64_t tu_entry, uint64_t target_addr, uint64_t timestamp)
      |                                                                               ~~~~~~~~~^~~~~~~~~
prefetcher/triangel/triangel.h:610:12: note: shadowed declaration is here
  610 |   uint64_t timestamp;   // local_timestamp
      |            ^~~~~~~~~
prefetcher/triangel/triangel.h:628:66: warning: declaration of ‘target_addr’ shadows a member of ‘HistorySamplerEntry’ [-Wshadow]
  628 |   HistorySamplerEntry(uint64_t addr, uint64_t tu_entry, uint64_t target_addr, uint64_t timestamp)
      |                                                         ~~~~~~~~~^~~~~~~~~~~
prefetcher/triangel/triangel.h:611:12: note: shadowed declaration is here
  611 |   uint64_t target_addr; // next
      |            ^~~~~~~~~~~
prefetcher/triangel/triangel.h: In constructor ‘SecondChanceSamplerEntry::SecondChanceSamplerEntry(uint64_t, uint64_t, uint64_t)’:
prefetcher/triangel/triangel.h:667:71: warning: declaration of ‘timestamp’ shadows a member of ‘SecondChanceSamplerEntry’ [-Wshadow]
  667 |   SecondChanceSamplerEntry(uint64_t addr, uint64_t train_pc, uint64_t timestamp) : key(addr), train_pc(train_pc), timestamp(timestamp), used(false) {}
      |                                                              ~~~~~~~~~^~~~~~~~~
prefetcher/triangel/triangel.h:654:12: note: shadowed declaration is here
  654 |   uint64_t timestamp;
      |            ^~~~~~~~~
prefetcher/triangel/triangel.h:667:52: warning: declaration of ‘train_pc’ shadows a member of ‘SecondChanceSamplerEntry’ [-Wshadow]
  667 |   SecondChanceSamplerEntry(uint64_t addr, uint64_t train_pc, uint64_t timestamp) : key(addr), train_pc(train_pc), timestamp(timestamp), used(false) {}
      |                                           ~~~~~~~~~^~~~~~~~
prefetcher/triangel/triangel.h:653:12: note: shadowed declaration is here
  653 |   uint64_t train_pc;
      |            ^~~~~~~~
prefetcher/triangel/triangel.h: In constructor ‘SecondChanceSamplerEntry::SecondChanceSamplerEntry(uint64_t, uint64_t, uint64_t)’:
prefetcher/triangel/triangel.h:667:71: warning: declaration of ‘timestamp’ shadows a member of ‘SecondChanceSamplerEntry’ [-Wshadow]
  667 |   SecondChanceSamplerEntry(uint64_t addr, uint64_t train_pc, uint64_t timestamp) : key(addr), train_pc(train_pc), timestamp(timestamp), used(false) {}
      |                                                              ~~~~~~~~~^~~~~~~~~
prefetcher/triangel/triangel.h:654:12: note: shadowed declaration is here
  654 |   uint64_t timestamp;
      |            ^~~~~~~~~
prefetcher/triangel/triangel.h:667:52: warning: declaration of ‘train_pc’ shadows a member of ‘SecondChanceSamplerEntry’ [-Wshadow]
  667 |   SecondChanceSamplerEntry(uint64_t addr, uint64_t train_pc, uint64_t timestamp) : key(addr), train_pc(train_pc), timestamp(timestamp), used(false) {}
      |                                           ~~~~~~~~~^~~~~~~~
prefetcher/triangel/triangel.h:653:12: note: shadowed declaration is here
  653 |   uint64_t train_pc;
      |            ^~~~~~~~
prefetcher/triangel/triangel.h: In constructor ‘SecondChanceSamplerEntry::SecondChanceSamplerEntry(uint64_t, uint64_t, uint64_t)’:
prefetcher/triangel/triangel.h:667:71: warning: declaration of ‘timestamp’ shadows a member of ‘SecondChanceSamplerEntry’ [-Wshadow]
  667 |   SecondChanceSamplerEntry(uint64_t addr, uint64_t train_pc, uint64_t timestamp) : key(addr), train_pc(train_pc), timestamp(timestamp), used(false) {}
      |                                                              ~~~~~~~~~^~~~~~~~~
prefetcher/triangel/triangel.h:654:12: note: shadowed declaration is here
  654 |   uint64_t timestamp;
      |            ^~~~~~~~~
prefetcher/triangel/triangel.h:667:52: warning: declaration of ‘train_pc’ shadows a member of ‘SecondChanceSamplerEntry’ [-Wshadow]
  667 |   SecondChanceSamplerEntry(uint64_t addr, uint64_t train_pc, uint64_t timestamp) : key(addr), train_pc(train_pc), timestamp(timestamp), used(false) {}
      |                                           ~~~~~~~~~^~~~~~~~
prefetcher/triangel/triangel.h:653:12: note: shadowed declaration is here
  653 |   uint64_t train_pc;
      |            ^~~~~~~~
prefetcher/croage/croage.h: In member function ‘bool KeyDetect::update(uint64_t, uint8_t)’:
prefetcher/croage/croage.h:750:27: warning: conversion from ‘uint64_t’ {aka ‘long unsigned int’} to ‘std::set<unsigned int>::value_type’ {aka ‘unsigned int’} may change value [-Wconversion]
  750 |           key_pc.insert(i.pc);
      |                         ~~^~
In file included from prefetcher/infpctable/infpctable.cc:1:
prefetcher/infpctable/infpctable.h: In constructor ‘infpctableMetaTable::infpctableMetaTable(int, int)’:
prefetcher/infpctable/infpctable.h:49:37: warning: declaration of ‘num_ways’ shadows a member of ‘infpctableMetaTable’ [-Wshadow]
   49 |   infpctableMetaTable(int size, int num_ways) : Super(size, num_ways), prefetcher(nullptr) {}
      |                                 ~~~~^~~~~~~~
In file included from prefetcher/infpctable/infpctable.h:16,
                 from prefetcher/infpctable/infpctable.cc:1:
/mnt/data/lyq/PRISM/inc/prism_framework.h:152:7: note: shadowed declaration is here
  152 |   int num_ways;
      |       ^~~~~~~~
In file included from prefetcher/infpctable/infpctable.cc:1:
prefetcher/infpctable/infpctable.h:49:27: warning: declaration of ‘size’ shadows a member of ‘infpctableMetaTable’ [-Wshadow]
   49 |   infpctableMetaTable(int size, int num_ways) : Super(size, num_ways), prefetcher(nullptr) {}
      |                       ~~~~^~~~
In file included from prefetcher/infpctable/infpctable.h:16,
                 from prefetcher/infpctable/infpctable.cc:1:
/mnt/data/lyq/PRISM/inc/prism_framework.h:151:7: note: shadowed declaration is here
  151 |   int size;
      |       ^~~~
In file included from prefetcher/infpctable/infpctable.cc:1:
prefetcher/infpctable/infpctable.h: In constructor ‘infpctableMetaTable::infpctableMetaTable(int, int)’:
prefetcher/infpctable/infpctable.h:49:37: warning: declaration of ‘num_ways’ shadows a member of ‘infpctableMetaTable’ [-Wshadow]
   49 |   infpctableMetaTable(int size, int num_ways) : Super(size, num_ways), prefetcher(nullptr) {}
      |                                 ~~~~^~~~~~~~
In file included from prefetcher/infpctable/infpctable.h:16,
                 from prefetcher/infpctable/infpctable.cc:1:
/mnt/data/lyq/PRISM/inc/prism_framework.h:152:7: note: shadowed declaration is here
  152 |   int num_ways;
      |       ^~~~~~~~
In file included from prefetcher/infpctable/infpctable.cc:1:
prefetcher/infpctable/infpctable.h:49:27: warning: declaration of ‘size’ shadows a member of ‘infpctableMetaTable’ [-Wshadow]
   49 |   infpctableMetaTable(int size, int num_ways) : Super(size, num_ways), prefetcher(nullptr) {}
      |                       ~~~~^~~~
In file included from prefetcher/infpctable/infpctable.h:16,
                 from prefetcher/infpctable/infpctable.cc:1:
/mnt/data/lyq/PRISM/inc/prism_framework.h:151:7: note: shadowed declaration is here
  151 |   int size;
      |       ^~~~
In file included from prefetcher/infpctable/infpctable.cc:1:
prefetcher/infpctable/infpctable.h: In constructor ‘infpctableMetaTable::infpctableMetaTable(int, int)’:
prefetcher/infpctable/infpctable.h:49:37: warning: declaration of ‘num_ways’ shadows a member of ‘infpctableMetaTable’ [-Wshadow]
   49 |   infpctableMetaTable(int size, int num_ways) : Super(size, num_ways), prefetcher(nullptr) {}
      |                                 ~~~~^~~~~~~~
In file included from prefetcher/infpctable/infpctable.h:16,
                 from prefetcher/infpctable/infpctable.cc:1:
/mnt/data/lyq/PRISM/inc/prism_framework.h:152:7: note: shadowed declaration is here
  152 |   int num_ways;
      |       ^~~~~~~~
In file included from prefetcher/infpctable/infpctable.cc:1:
prefetcher/infpctable/infpctable.h:49:27: warning: declaration of ‘size’ shadows a member of ‘infpctableMetaTable’ [-Wshadow]
   49 |   infpctableMetaTable(int size, int num_ways) : Super(size, num_ways), prefetcher(nullptr) {}
      |                       ~~~~^~~~
In file included from prefetcher/infpctable/infpctable.h:16,
                 from prefetcher/infpctable/infpctable.cc:1:
/mnt/data/lyq/PRISM/inc/prism_framework.h:151:7: note: shadowed declaration is here
  151 |   int size;
      |       ^~~~
prefetcher/croage/croage.h: In constructor ‘TrainUnitEntry::TrainUnitEntry(uint64_t, uint64_t)’:
prefetcher/croage/croage.h:769:40: warning: declaration of ‘cur_addr’ shadows a member of ‘TrainUnitEntry’ [-Wshadow]
  769 |   TrainUnitEntry(uint64_t pc, uint64_t cur_addr) : pc(pc), last_addr(0), cur_addr(cur_addr), total_evict(0), useful_evict(0), useful_tu(false), bo(BOP()) {}
      |                               ~~~~~~~~~^~~~~~~~
prefetcher/croage/croage.h:772:12: note: shadowed declaration is here
  772 |   uint64_t cur_addr;
      |            ^~~~~~~~
prefetcher/croage/croage.h:769:27: warning: declaration of ‘pc’ shadows a member of ‘TrainUnitEntry’ [-Wshadow]
  769 |   TrainUnitEntry(uint64_t pc, uint64_t cur_addr) : pc(pc), last_addr(0), cur_addr(cur_addr), total_evict(0), useful_evict(0), useful_tu(false), bo(BOP()) {}
      |                  ~~~~~~~~~^~
prefetcher/croage/croage.h:770:12: note: shadowed declaration is here
  770 |   uint64_t pc;
      |            ^~
prefetcher/croage/croage.h: In constructor ‘TrainUnitEntry::TrainUnitEntry(uint64_t, uint64_t)’:
prefetcher/croage/croage.h:769:40: warning: declaration of ‘cur_addr’ shadows a member of ‘TrainUnitEntry’ [-Wshadow]
  769 |   TrainUnitEntry(uint64_t pc, uint64_t cur_addr) : pc(pc), last_addr(0), cur_addr(cur_addr), total_evict(0), useful_evict(0), useful_tu(false), bo(BOP()) {}
      |                               ~~~~~~~~~^~~~~~~~
prefetcher/croage/croage.h:772:12: note: shadowed declaration is here
  772 |   uint64_t cur_addr;
      |            ^~~~~~~~
prefetcher/croage/croage.h:769:27: warning: declaration of ‘pc’ shadows a member of ‘TrainUnitEntry’ [-Wshadow]
  769 |   TrainUnitEntry(uint64_t pc, uint64_t cur_addr) : pc(pc), last_addr(0), cur_addr(cur_addr), total_evict(0), useful_evict(0), useful_tu(false), bo(BOP()) {}
      |                  ~~~~~~~~~^~
prefetcher/croage/croage.h:770:12: note: shadowed declaration is here
  770 |   uint64_t pc;
      |            ^~
prefetcher/croage/croage.h: In constructor ‘TrainUnitEntry::TrainUnitEntry(uint64_t, uint64_t)’:
prefetcher/croage/croage.h:769:40: warning: declaration of ‘cur_addr’ shadows a member of ‘TrainUnitEntry’ [-Wshadow]
  769 |   TrainUnitEntry(uint64_t pc, uint64_t cur_addr) : pc(pc), last_addr(0), cur_addr(cur_addr), total_evict(0), useful_evict(0), useful_tu(false), bo(BOP()) {}
      |                               ~~~~~~~~~^~~~~~~~
prefetcher/croage/croage.h:772:12: note: shadowed declaration is here
  772 |   uint64_t cur_addr;
      |            ^~~~~~~~
prefetcher/croage/croage.h:769:27: warning: declaration of ‘pc’ shadows a member of ‘TrainUnitEntry’ [-Wshadow]
  769 |   TrainUnitEntry(uint64_t pc, uint64_t cur_addr) : pc(pc), last_addr(0), cur_addr(cur_addr), total_evict(0), useful_evict(0), useful_tu(false), bo(BOP()) {}
      |                  ~~~~~~~~~^~
prefetcher/croage/croage.h:770:12: note: shadowed declaration is here
  770 |   uint64_t pc;
      |            ^~
src/champsim.cc: In function ‘champsim::phase_stats champsim::do_phase(const champsim::phase_info&, champsim::environment&, std::vector<champsim::tracereader>&, champsim::chrono::clock&)’:
src/champsim.cc:72:20: warning: comparison of integer expressions of different signedness: ‘int’ and ‘std::vector<std::__cxx11::basic_string<char> >::size_type’ {aka ‘long unsigned int’} [-Wsign-compare]
   72 |   for(int i = 0; i < trace_names.size(); i++) {
      |                  ~~^~~~~~~~~~~~~~~~~~~~
prefetcher/conftp/conftp.cc: In member function ‘int conftp::issue_metatable(conftpMetaTable*, uint64_t, std::vector<long unsigned int>&)’:
prefetcher/conftp/conftp.cc:6:46: warning: declaration of ‘metaTable’ shadows a member of ‘conftp’ [-Wshadow]
    6 | int conftp::issue_metatable(conftpMetaTable* metaTable, uint64_t lookup, std::vector<uint64_t>& addresses)
      |                             ~~~~~~~~~~~~~~~~~^~~~~~~~~
In file included from prefetcher/conftp/conftp.cc:1:
prefetcher/conftp/conftp.h:92:20: note: shadowed declaration is here
   92 |   conftpMetaTable* metaTable = new conftpMetaTable(META_TABLE_SIZE, META_TABLE_ASSOC);
      |                    ^~~~~~~~~
prefetcher/triangel/triangel.h: In constructor ‘SetDuellerEntry::SetDuellerEntry(uint64_t)’:
prefetcher/triangel/triangel.h:689:28: warning: declaration of ‘set’ shadows a member of ‘SetDuellerEntry’ [-Wshadow]
  689 |   SetDuellerEntry(uint64_t set) : set(set) {}
      |                   ~~~~~~~~~^~~
prefetcher/triangel/triangel.h:682:12: note: shadowed declaration is here
  682 |   uint64_t set; // which set this entry corresponds to (0 ~ 2047)
      |            ^~~
prefetcher/triangel/triangel.h: In constructor ‘SetDuellerEntry::SetDuellerEntry(uint64_t)’:
prefetcher/triangel/triangel.h:689:28: warning: declaration of ‘set’ shadows a member of ‘SetDuellerEntry’ [-Wshadow]
  689 |   SetDuellerEntry(uint64_t set) : set(set) {}
      |                   ~~~~~~~~~^~~
prefetcher/triangel/triangel.h:682:12: note: shadowed declaration is here
  682 |   uint64_t set; // which set this entry corresponds to (0 ~ 2047)
      |            ^~~
prefetcher/triangel/triangel.h: In constructor ‘SetDuellerEntry::SetDuellerEntry(uint64_t)’:
prefetcher/triangel/triangel.h:689:28: warning: declaration of ‘set’ shadows a member of ‘SetDuellerEntry’ [-Wshadow]
  689 |   SetDuellerEntry(uint64_t set) : set(set) {}
      |                   ~~~~~~~~~^~~
prefetcher/triangel/triangel.h:682:12: note: shadowed declaration is here
  682 |   uint64_t set; // which set this entry corresponds to (0 ~ 2047)
      |            ^~~
prefetcher/conftp/conftp.cc: In member function ‘uint32_t conftp::prefetcher_cache_operate(champsim::address, champsim::address, uint8_t, bool, access_type, uint32_t, std::string)’:
prefetcher/conftp/conftp.cc:150:12: warning: variable ‘matched’ set but not used [-Wunused-but-set-variable]
  150 |       bool matched = false;
      |            ^~~~~~~
prefetcher/conftp/conftp.cc:206:21: warning: comparison of integer expressions of different signedness: ‘int’ and ‘std::vector<long unsigned int>::size_type’ {aka ‘long unsigned int’} [-Wsign-compare]
  206 |   for (int i = 0; i < pref_addr.size(); i++) {
      |                   ~~^~~~~~~~~~~~~~~~~~
prefetcher/conftp/conftp.cc:207:39: warning: ‘bool champsim::modules::prefetcher::prefetch_line(uint64_t, bool, uint32_t) const’ is deprecated [-Wdeprecated-declarations]
  207 |     const bool success = prefetch_line({pref_addr[i] << LOG2_BLOCK_SIZE}, true, 0);
      |                          ~~~~~~~~~~~~~^~~~~~~~~~~~~~~~~~~~~~~~~~~~~~~~~~~~~~~~~~~~
In file included from /mnt/data/lyq/PRISM/inc/cache.h:50,
                 from prefetcher/conftp/conftp.h:17,
                 from prefetcher/conftp/conftp.cc:1:
/mnt/data/lyq/PRISM/inc/modules.h:105:23: note: declared here
  105 |   [[deprecated]] bool prefetch_line(uint64_t pf_addr, bool fill_this_level, uint32_t prefetch_metadata) const;
      |                       ^~~~~~~~~~~~~
prefetcher/conftp/conftp.cc:207:16: warning: unused variable ‘success’ [-Wunused-variable]
  207 |     const bool success = prefetch_line({pref_addr[i] << LOG2_BLOCK_SIZE}, true, 0);
      |                ^~~~~~~
prefetcher/conftp/conftp.cc:140:7: warning: unused variable ‘issued_by_metatable’ [-Wunused-variable]
  140 |   int issued_by_metatable = issue_metatable(metaTable, lookup_key, pref_addr);
      |       ^~~~~~~~~~~~~~~~~~~
prefetcher/conftp/conftp.cc: In member function ‘void conftp::prefetcher_final_stats()’:
prefetcher/conftp/conftp.cc:233:76: warning: conversion from ‘uint64_t’ {aka ‘long unsigned int’} to ‘double’ may change value [-Wconversion]
  233 |   cout << "MT_hitrate " << (meta_table_lookups ? (double)meta_table_hits / meta_table_lookups : 0) << endl;
      |                                                                            ^~~~~~~~~~~~~~~~~~
prefetcher/infpctable/infpctable.cc: In member function ‘int infpctable::issue_metatable(infpctableMetaTable*, uint64_t, uint64_t, std::vector<long unsigned int>&)’:
prefetcher/infpctable/infpctable.cc:6:54: warning: declaration of ‘metaTable’ shadows a member of ‘infpctable’ [-Wshadow]
    6 | int infpctable::issue_metatable(infpctableMetaTable* metaTable, uint64_t pc, uint64_t lookup, std::vector<uint64_t>& addresses)
      |                                 ~~~~~~~~~~~~~~~~~~~~~^~~~~~~~~
In file included from prefetcher/infpctable/infpctable.cc:1:
prefetcher/infpctable/infpctable.h:91:24: note: shadowed declaration is here
   91 |   infpctableMetaTable* metaTable = new infpctableMetaTable(META_TABLE_SIZE, META_TABLE_ASSOC);
      |                        ^~~~~~~~~
prefetcher/conftp/conftp.cc:236:102: warning: conversion from ‘uint64_t’ {aka ‘long unsigned int’} to ‘double’ may change value [-Wconversion]
  236 |   cout << "MT_accuracy " << (meta_table_issued_prefetches ? (double)meta_table_accurate_prefetches / meta_table_issued_prefetches : 0) << endl;
      |                                                                                                      ^~~~~~~~~~~~~~~~~~~~~~~~~~~~
prefetcher/conftp/conftp.cc:240:84: warning: conversion from ‘uint64_t’ {aka ‘long unsigned int’} to ‘double’ may change value [-Wconversion]
  240 |   cout << "CT_hitrate " << (conflict_table_lookups ? (double)conflict_table_hits / conflict_table_lookups : 0) << endl;
      |                                                                                    ^~~~~~~~~~~~~~~~~~~~~~
prefetcher/conftp/conftp.cc:246:85: warning: conversion from ‘uint64_t’ {aka ‘long unsigned int’} to ‘double’ may change value [-Wconversion]
  246 |   cout << "CT_accuracy " << (CT_total_prefetches ? (double)CT_accurate_prefetches / CT_total_prefetches : 0) << endl;
      |                                                                                     ^~~~~~~~~~~~~~~~~~~
In file included from prefetcher/prophet/prophet.cc:1:
prefetcher/prophet/prophet.h: In constructor ‘ProphetMetaTable::ProphetMetaTable(int, int)’:
prefetcher/prophet/prophet.h:70:34: warning: declaration of ‘num_ways’ shadows a member of ‘ProphetMetaTable’ [-Wshadow]
   70 |   ProphetMetaTable(int size, int num_ways) : Super(size, num_ways), priority_pgo(num_sets, vector<uint8_t>(num_ways, 0)) {}
      |                              ~~~~^~~~~~~~
In file included from prefetcher/prophet/prophet.h:16,
                 from prefetcher/prophet/prophet.cc:1:
/mnt/data/lyq/PRISM/inc/prism_framework.h:152:7: note: shadowed declaration is here
  152 |   int num_ways;
      |       ^~~~~~~~
In file included from prefetcher/prophet/prophet.cc:1:
prefetcher/prophet/prophet.h:70:24: warning: declaration of ‘size’ shadows a member of ‘ProphetMetaTable’ [-Wshadow]
   70 |   ProphetMetaTable(int size, int num_ways) : Super(size, num_ways), priority_pgo(num_sets, vector<uint8_t>(num_ways, 0)) {}
      |                    ~~~~^~~~
In file included from prefetcher/prophet/prophet.h:16,
                 from prefetcher/prophet/prophet.cc:1:
/mnt/data/lyq/PRISM/inc/prism_framework.h:151:7: note: shadowed declaration is here
  151 |   int size;
      |       ^~~~
prefetcher/conftp/conftp.cc: In member function ‘bool conftpMetaTable::insert(uint64_t, const conftpMetaTableEntry&)’:
prefetcher/conftp/conftp.cc:264:12: warning: unused variable ‘index’ [-Wunused-variable]
  264 |   uint64_t index = key % this->num_sets;
      |            ^~~~~
prefetcher/conftp/conftp.cc:265:12: warning: unused variable ‘tag’ [-Wunused-variable]
  265 |   uint64_t tag = key / this->num_sets;
      |            ^~~
prefetcher/triangel/triangel.h: In constructor ‘SetDueller::SetDueller(uint64_t)’:
prefetcher/triangel/triangel.h:699:23: warning: declaration of ‘sets’ shadows a member of ‘SetDueller’ [-Wshadow]
  699 |   SetDueller(uint64_t sets = (1 << TRNGL_SD_INDEX_BITS)) : sets(sets), dueller_counters(9, 0) { Randomize(); }
      |              ~~~~~~~~~^~~~~~~~~~~~~~~~~~~~~~~~~~~~~~~~~
prefetcher/triangel/triangel.h:696:7: note: shadowed declaration is here
  696 |   int sets;
      |       ^~~~
prefetcher/infpctable/infpctable.cc: In member function ‘uint32_t infpctable::prefetcher_cache_operate(champsim::address, champsim::address, uint8_t, bool, access_type, uint32_t, std::string)’:
prefetcher/infpctable/infpctable.cc:172:18: warning: unused variable ‘victim_addr’ [-Wunused-variable]
  172 |         uint64_t victim_addr = last_meta->correlated_addr;
      |                  ^~~~~~~~~~~
prefetcher/infpctable/infpctable.cc:168:12: warning: variable ‘matched’ set but not used [-Wunused-but-set-variable]
  168 |       bool matched = false;
      |            ^~~~~~~
prefetcher/triangel/triangel.h:699:65: warning: conversion from ‘uint64_t’ {aka ‘long unsigned int’} to ‘int’ may change value [-Wconversion]
  699 |   SetDueller(uint64_t sets = (1 << TRNGL_SD_INDEX_BITS)) : sets(sets), dueller_counters(9, 0) { Randomize(); }
      |                                                                 ^~~~
prefetcher/infpctable/infpctable.cc:147:7: warning: unused variable ‘issued_by_metatable’ [-Wunused-variable]
  147 |   int issued_by_metatable = issue_metatable(metaTable, pc, lookup_key, pref_addr);
      |       ^~~~~~~~~~~~~~~~~~~
prefetcher/triangel/triangel.h: In constructor ‘SetDueller::SetDueller(uint64_t)’:
prefetcher/triangel/triangel.h:699:23: warning: declaration of ‘sets’ shadows a member of ‘SetDueller’ [-Wshadow]
  699 |   SetDueller(uint64_t sets = (1 << TRNGL_SD_INDEX_BITS)) : sets(sets), dueller_counters(9, 0) { Randomize(); }
      |              ~~~~~~~~~^~~~~~~~~~~~~~~~~~~~~~~~~~~~~~~~~
prefetcher/triangel/triangel.h:696:7: note: shadowed declaration is here
  696 |   int sets;
      |       ^~~~
prefetcher/triangel/triangel.h: In constructor ‘SetDueller::SetDueller(uint64_t)’:
prefetcher/triangel/triangel.h:699:23: warning: declaration of ‘sets’ shadows a member of ‘SetDueller’ [-Wshadow]
  699 |   SetDueller(uint64_t sets = (1 << TRNGL_SD_INDEX_BITS)) : sets(sets), dueller_counters(9, 0) { Randomize(); }
      |              ~~~~~~~~~^~~~~~~~~~~~~~~~~~~~~~~~~~~~~~~~~
prefetcher/triangel/triangel.h:696:7: note: shadowed declaration is here
  696 |   int sets;
      |       ^~~~
In file included from prefetcher/prophet/prophet.cc:1:
prefetcher/prophet/prophet.h: In constructor ‘ProphetMetaTable::ProphetMetaTable(int, int)’:
prefetcher/prophet/prophet.h:70:34: warning: declaration of ‘num_ways’ shadows a member of ‘ProphetMetaTable’ [-Wshadow]
   70 |   ProphetMetaTable(int size, int num_ways) : Super(size, num_ways), priority_pgo(num_sets, vector<uint8_t>(num_ways, 0)) {}
      |                              ~~~~^~~~~~~~
In file included from prefetcher/prophet/prophet.h:16,
                 from prefetcher/prophet/prophet.cc:1:
/mnt/data/lyq/PRISM/inc/prism_framework.h:152:7: note: shadowed declaration is here
  152 |   int num_ways;
      |       ^~~~~~~~
In file included from prefetcher/prophet/prophet.cc:1:
prefetcher/prophet/prophet.h:70:24: warning: declaration of ‘size’ shadows a member of ‘ProphetMetaTable’ [-Wshadow]
   70 |   ProphetMetaTable(int size, int num_ways) : Super(size, num_ways), priority_pgo(num_sets, vector<uint8_t>(num_ways, 0)) {}
      |                    ~~~~^~~~
In file included from prefetcher/prophet/prophet.h:16,
                 from prefetcher/prophet/prophet.cc:1:
/mnt/data/lyq/PRISM/inc/prism_framework.h:151:7: note: shadowed declaration is here
  151 |   int size;
      |       ^~~~
In file included from prefetcher/prophet/prophet.cc:1:
prefetcher/prophet/prophet.h: In constructor ‘ProphetMetaTable::ProphetMetaTable(int, int)’:
prefetcher/prophet/prophet.h:70:34: warning: declaration of ‘num_ways’ shadows a member of ‘ProphetMetaTable’ [-Wshadow]
   70 |   ProphetMetaTable(int size, int num_ways) : Super(size, num_ways), priority_pgo(num_sets, vector<uint8_t>(num_ways, 0)) {}
      |                              ~~~~^~~~~~~~
In file included from prefetcher/prophet/prophet.h:16,
                 from prefetcher/prophet/prophet.cc:1:
/mnt/data/lyq/PRISM/inc/prism_framework.h:152:7: note: shadowed declaration is here
  152 |   int num_ways;
      |       ^~~~~~~~
In file included from prefetcher/prophet/prophet.cc:1:
prefetcher/prophet/prophet.h:70:24: warning: declaration of ‘size’ shadows a member of ‘ProphetMetaTable’ [-Wshadow]
   70 |   ProphetMetaTable(int size, int num_ways) : Super(size, num_ways), priority_pgo(num_sets, vector<uint8_t>(num_ways, 0)) {}
      |                    ~~~~^~~~
In file included from prefetcher/prophet/prophet.h:16,
                 from prefetcher/prophet/prophet.cc:1:
/mnt/data/lyq/PRISM/inc/prism_framework.h:151:7: note: shadowed declaration is here
  151 |   int size;
      |       ^~~~
In file included from prefetcher/prophet/prophet.cc:1:
prefetcher/prophet/prophet.h: In member function ‘virtual int ProphetMetaTable::select_victim(uint64_t)’:
prefetcher/prophet/prophet.h:99:26: warning: comparison of integer expressions of different signedness: ‘size_t’ {aka ‘long unsigned int’} and ‘int’ [-Wsign-compare]
   99 |     for (size_t i = 0; i < num_ways; i++) {
      |                        ~~^~~~~~~~~~
prefetcher/prophet/prophet.h:103:24: warning: conversion from ‘size_t’ {aka ‘long unsigned int’} to ‘int’ may change value [-Wconversion]
  103 |         victim_index = i;
      |                        ^
prefetcher/prophet/prophet.h:107:26: warning: conversion from ‘size_t’ {aka ‘long unsigned int’} to ‘int’ may change value [-Wconversion]
  107 |           victim_index = i;
      |                          ^
prefetcher/infpctable/infpctable.cc: In member function ‘void infpctable::prefetcher_final_stats()’:
prefetcher/infpctable/infpctable.cc:237:76: warning: conversion from ‘uint64_t’ {aka ‘long unsigned int’} to ‘double’ may change value [-Wconversion]
  237 |   cout << "MT_hitrate " << (meta_table_lookups ? (double)meta_table_hits / meta_table_lookups : 0) << endl;
      |                                                                            ^~~~~~~~~~~~~~~~~~
prefetcher/infpctable/infpctable.cc:240:102: warning: conversion from ‘uint64_t’ {aka ‘long unsigned int’} to ‘double’ may change value [-Wconversion]
  240 |   cout << "MT_accuracy " << (meta_table_issued_prefetches ? (double)meta_table_accurate_prefetches / meta_table_issued_prefetches : 0) << endl;
      |                                                                                                      ^~~~~~~~~~~~~~~~~~~~~~~~~~~~
prefetcher/infpctable/infpctable.cc: In member function ‘bool infpctableMetaTable::insert(uint64_t, const infpctableMetaTableEntry&)’:
prefetcher/infpctable/infpctable.cc:258:12: warning: unused variable ‘index’ [-Wunused-variable]
  258 |   uint64_t index = key % this->num_sets;
      |            ^~~~~
prefetcher/infpctable/infpctable.cc:259:12: warning: unused variable ‘tag’ [-Wunused-variable]
  259 |   uint64_t tag = key / this->num_sets;
      |            ^~~
prefetcher/prophet/prophet.h: In constructor ‘ProphetMRBTable::ProphetMRBTable(int, int)’:
prefetcher/prophet/prophet.h:129:33: warning: declaration of ‘num_ways’ shadows a member of ‘ProphetMRBTable’ [-Wshadow]
  129 |   ProphetMRBTable(int size, int num_ways) : Super(size, num_ways)
      |                             ~~~~^~~~~~~~
In file included from prefetcher/prophet/prophet.h:16,
                 from prefetcher/prophet/prophet.cc:1:
/mnt/data/lyq/PRISM/inc/prism_framework.h:152:7: note: shadowed declaration is here
  152 |   int num_ways;
      |       ^~~~~~~~
In file included from prefetcher/prophet/prophet.cc:1:
prefetcher/prophet/prophet.h:129:23: warning: declaration of ‘size’ shadows a member of ‘ProphetMRBTable’ [-Wshadow]
  129 |   ProphetMRBTable(int size, int num_ways) : Super(size, num_ways)
      |                   ~~~~^~~~
In file included from prefetcher/prophet/prophet.h:16,
                 from prefetcher/prophet/prophet.cc:1:
/mnt/data/lyq/PRISM/inc/prism_framework.h:151:7: note: shadowed declaration is here
  151 |   int size;
      |       ^~~~
In file included from prefetcher/prism/prism.h:18,
                 from prefetcher/prism/prism.cc:1:
/mnt/data/lyq/PRISM/inc/prism_framework.h: In constructor ‘SetAssociativeCache<T>::SetAssociativeCache(int, int, int)’:
/mnt/data/lyq/PRISM/inc/prism_framework.h:31:51: warning: declaration of ‘debug_level’ shadows a member of ‘SetAssociativeCache<T>’ [-Wshadow]
   31 |   SetAssociativeCache(int size, int num_ways, int debug_level = 0)
      |                                               ~~~~^~~~~~~~~~~~~~~
In file included from prefetcher/prism/prism.h:18,
                 from prefetcher/prism/prism.cc:1:
/mnt/data/lyq/PRISM/inc/prism_framework.h:157:7: note: shadowed declaration is here
  157 |   int debug_level = 0;
      |       ^~~~~~~~~~~
In file included from prefetcher/prism/prism.h:18,
                 from prefetcher/prism/prism.cc:1:
/mnt/data/lyq/PRISM/inc/prism_framework.h:31:37: warning: declaration of ‘num_ways’ shadows a member of ‘SetAssociativeCache<T>’ [-Wshadow]
   31 |   SetAssociativeCache(int size, int num_ways, int debug_level = 0)
      |                                 ~~~~^~~~~~~~
In file included from prefetcher/prism/prism.h:18,
                 from prefetcher/prism/prism.cc:1:
/mnt/data/lyq/PRISM/inc/prism_framework.h:152:7: note: shadowed declaration is here
  152 |   int num_ways;
      |       ^~~~~~~~
In file included from prefetcher/prism/prism.h:18,
                 from prefetcher/prism/prism.cc:1:
/mnt/data/lyq/PRISM/inc/prism_framework.h:31:27: warning: declaration of ‘size’ shadows a member of ‘SetAssociativeCache<T>’ [-Wshadow]
   31 |   SetAssociativeCache(int size, int num_ways, int debug_level = 0)
      |                       ~~~~^~~~
In file included from prefetcher/prism/prism.h:18,
                 from prefetcher/prism/prism.cc:1:
/mnt/data/lyq/PRISM/inc/prism_framework.h:151:7: note: shadowed declaration is here
  151 |   int size;
      |       ^~~~
In file included from prefetcher/prophet/prophet.cc:1:
prefetcher/prophet/prophet.h: In constructor ‘ProphetMRBTable::ProphetMRBTable(int, int)’:
prefetcher/prophet/prophet.h:129:33: warning: declaration of ‘num_ways’ shadows a member of ‘ProphetMRBTable’ [-Wshadow]
  129 |   ProphetMRBTable(int size, int num_ways) : Super(size, num_ways)
      |                             ~~~~^~~~~~~~
In file included from prefetcher/prophet/prophet.h:16,
                 from prefetcher/prophet/prophet.cc:1:
/mnt/data/lyq/PRISM/inc/prism_framework.h:152:7: note: shadowed declaration is here
  152 |   int num_ways;
      |       ^~~~~~~~
In file included from prefetcher/prophet/prophet.cc:1:
prefetcher/prophet/prophet.h:129:23: warning: declaration of ‘size’ shadows a member of ‘ProphetMRBTable’ [-Wshadow]
  129 |   ProphetMRBTable(int size, int num_ways) : Super(size, num_ways)
      |                   ~~~~^~~~
In file included from prefetcher/prophet/prophet.h:16,
                 from prefetcher/prophet/prophet.cc:1:
/mnt/data/lyq/PRISM/inc/prism_framework.h:151:7: note: shadowed declaration is here
  151 |   int size;
      |       ^~~~
In file included from prefetcher/prophet/prophet.cc:1:
prefetcher/prophet/prophet.h: In constructor ‘ProphetMRBTable::ProphetMRBTable(int, int)’:
prefetcher/prophet/prophet.h:129:33: warning: declaration of ‘num_ways’ shadows a member of ‘ProphetMRBTable’ [-Wshadow]
  129 |   ProphetMRBTable(int size, int num_ways) : Super(size, num_ways)
      |                             ~~~~^~~~~~~~
In file included from prefetcher/prophet/prophet.h:16,
                 from prefetcher/prophet/prophet.cc:1:
/mnt/data/lyq/PRISM/inc/prism_framework.h:152:7: note: shadowed declaration is here
  152 |   int num_ways;
      |       ^~~~~~~~
In file included from prefetcher/prophet/prophet.cc:1:
prefetcher/prophet/prophet.h:129:23: warning: declaration of ‘size’ shadows a member of ‘ProphetMRBTable’ [-Wshadow]
  129 |   ProphetMRBTable(int size, int num_ways) : Super(size, num_ways)
      |                   ~~~~^~~~
In file included from prefetcher/prophet/prophet.h:16,
                 from prefetcher/prophet/prophet.cc:1:
/mnt/data/lyq/PRISM/inc/prism_framework.h:151:7: note: shadowed declaration is here
  151 |   int size;
      |       ^~~~
In file included from prefetcher/prophet/prophet.cc:1:
prefetcher/prophet/prophet.h: In member function ‘virtual int ProphetMRBTable::select_victim(uint64_t)’:
prefetcher/prophet/prophet.h:158:26: warning: comparison of integer expressions of different signedness: ‘size_t’ {aka ‘long unsigned int’} and ‘int’ [-Wsign-compare]
  158 |     for (size_t i = 0; i < num_ways; i++) {
      |                        ~~^~~~~~~~~~
prefetcher/prophet/prophet.h:160:16: warning: conversion from ‘size_t’ {aka ‘long unsigned int’} to ‘int’ may change value [-Wconversion]
  160 |         return i;
      |                ^
prefetcher/prophet/prophet.h:163:24: warning: conversion from ‘size_t’ {aka ‘long unsigned int’} to ‘int’ may change value [-Wconversion]
  163 |         victim_index = i;
      |                        ^
prefetcher/prophet/prophet.h:167:26: warning: conversion from ‘size_t’ {aka ‘long unsigned int’} to ‘int’ may change value [-Wconversion]
  167 |           victim_index = i;
      |                          ^
In file included from prefetcher/kairos/kairos.h:7,
                 from prefetcher/kairos/kairos.cc:1:
/mnt/data/lyq/PRISM/inc/prism_framework.h: In constructor ‘SetAssociativeCache<T>::SetAssociativeCache(int, int, int)’:
/mnt/data/lyq/PRISM/inc/prism_framework.h:31:51: warning: declaration of ‘debug_level’ shadows a member of ‘SetAssociativeCache<T>’ [-Wshadow]
   31 |   SetAssociativeCache(int size, int num_ways, int debug_level = 0)
      |                                               ~~~~^~~~~~~~~~~~~~~
In file included from prefetcher/kairos/kairos.h:7,
                 from prefetcher/kairos/kairos.cc:1:
/mnt/data/lyq/PRISM/inc/prism_framework.h:157:7: note: shadowed declaration is here
  157 |   int debug_level = 0;
      |       ^~~~~~~~~~~
In file included from prefetcher/kairos/kairos.h:7,
                 from prefetcher/kairos/kairos.cc:1:
/mnt/data/lyq/PRISM/inc/prism_framework.h:31:37: warning: declaration of ‘num_ways’ shadows a member of ‘SetAssociativeCache<T>’ [-Wshadow]
   31 |   SetAssociativeCache(int size, int num_ways, int debug_level = 0)
      |                                 ~~~~^~~~~~~~
In file included from prefetcher/kairos/kairos.h:7,
                 from prefetcher/kairos/kairos.cc:1:
/mnt/data/lyq/PRISM/inc/prism_framework.h:152:7: note: shadowed declaration is here
  152 |   int num_ways;
      |       ^~~~~~~~
In file included from prefetcher/kairos/kairos.h:7,
                 from prefetcher/kairos/kairos.cc:1:
/mnt/data/lyq/PRISM/inc/prism_framework.h:31:27: warning: declaration of ‘size’ shadows a member of ‘SetAssociativeCache<T>’ [-Wshadow]
   31 |   SetAssociativeCache(int size, int num_ways, int debug_level = 0)
      |                       ~~~~^~~~
In file included from prefetcher/kairos/kairos.h:7,
                 from prefetcher/kairos/kairos.cc:1:
/mnt/data/lyq/PRISM/inc/prism_framework.h:151:7: note: shadowed declaration is here
  151 |   int size;
      |       ^~~~
In file included from prefetcher/baseline/baseline.cc:1:
prefetcher/baseline/baseline.h: In constructor ‘baselineMetaTable::baselineMetaTable(int, int)’:
prefetcher/baseline/baseline.h:49:35: warning: declaration of ‘num_ways’ shadows a member of ‘baselineMetaTable’ [-Wshadow]
   49 |   baselineMetaTable(int size, int num_ways) : Super(size, num_ways), prefetcher(nullptr) {}
      |                               ~~~~^~~~~~~~
In file included from prefetcher/baseline/baseline.h:16,
                 from prefetcher/baseline/baseline.cc:1:
/mnt/data/lyq/PRISM/inc/prism_framework.h:152:7: note: shadowed declaration is here
  152 |   int num_ways;
      |       ^~~~~~~~
In file included from prefetcher/baseline/baseline.cc:1:
prefetcher/baseline/baseline.h:49:25: warning: declaration of ‘size’ shadows a member of ‘baselineMetaTable’ [-Wshadow]
   49 |   baselineMetaTable(int size, int num_ways) : Super(size, num_ways), prefetcher(nullptr) {}
      |                     ~~~~^~~~
In file included from prefetcher/baseline/baseline.h:16,
                 from prefetcher/baseline/baseline.cc:1:
/mnt/data/lyq/PRISM/inc/prism_framework.h:151:7: note: shadowed declaration is here
  151 |   int size;
      |       ^~~~
In file included from prefetcher/baseline/baseline.cc:1:
prefetcher/baseline/baseline.h: In constructor ‘baselineMetaTable::baselineMetaTable(int, int)’:
prefetcher/baseline/baseline.h:49:35: warning: declaration of ‘num_ways’ shadows a member of ‘baselineMetaTable’ [-Wshadow]
   49 |   baselineMetaTable(int size, int num_ways) : Super(size, num_ways), prefetcher(nullptr) {}
      |                               ~~~~^~~~~~~~
In file included from prefetcher/baseline/baseline.h:16,
                 from prefetcher/baseline/baseline.cc:1:
/mnt/data/lyq/PRISM/inc/prism_framework.h:152:7: note: shadowed declaration is here
  152 |   int num_ways;
      |       ^~~~~~~~
In file included from prefetcher/baseline/baseline.cc:1:
prefetcher/baseline/baseline.h:49:25: warning: declaration of ‘size’ shadows a member of ‘baselineMetaTable’ [-Wshadow]
   49 |   baselineMetaTable(int size, int num_ways) : Super(size, num_ways), prefetcher(nullptr) {}
      |                     ~~~~^~~~
In file included from prefetcher/baseline/baseline.h:16,
                 from prefetcher/baseline/baseline.cc:1:
/mnt/data/lyq/PRISM/inc/prism_framework.h:151:7: note: shadowed declaration is here
  151 |   int size;
      |       ^~~~
In file included from prefetcher/baseline/baseline.cc:1:
prefetcher/baseline/baseline.h: In constructor ‘baselineMetaTable::baselineMetaTable(int, int)’:
prefetcher/baseline/baseline.h:49:35: warning: declaration of ‘num_ways’ shadows a member of ‘baselineMetaTable’ [-Wshadow]
   49 |   baselineMetaTable(int size, int num_ways) : Super(size, num_ways), prefetcher(nullptr) {}
      |                               ~~~~^~~~~~~~
In file included from prefetcher/baseline/baseline.h:16,
                 from prefetcher/baseline/baseline.cc:1:
/mnt/data/lyq/PRISM/inc/prism_framework.h:152:7: note: shadowed declaration is here
  152 |   int num_ways;
      |       ^~~~~~~~
In file included from prefetcher/baseline/baseline.cc:1:
prefetcher/baseline/baseline.h:49:25: warning: declaration of ‘size’ shadows a member of ‘baselineMetaTable’ [-Wshadow]
   49 |   baselineMetaTable(int size, int num_ways) : Super(size, num_ways), prefetcher(nullptr) {}
      |                     ~~~~^~~~
In file included from prefetcher/baseline/baseline.h:16,
                 from prefetcher/baseline/baseline.cc:1:
/mnt/data/lyq/PRISM/inc/prism_framework.h:151:7: note: shadowed declaration is here
  151 |   int size;
      |       ^~~~
prefetcher/triangel/triangel.h: In member function ‘void SetDueller::Randomize()’:
prefetcher/triangel/triangel.h:708:28: warning: comparison of integer expressions of different signedness: ‘uint64_t’ {aka ‘long unsigned int’} and ‘int’ [-Wsign-compare]
  708 |     for (uint64_t i = 0; i < sets; i++) {
      |                          ~~^~~~~~
/mnt/data/lyq/PRISM/inc/prism_framework.h: In member function ‘void SetAssociativeCache<T>::set_debug_level(int)’:
/mnt/data/lyq/PRISM/inc/prism_framework.h:123:28: warning: declaration of ‘debug_level’ shadows a member of ‘SetAssociativeCache<T>’ [-Wshadow]
  123 |   void set_debug_level(int debug_level) { this->debug_level = debug_level; }
      |                        ~~~~^~~~~~~~~~~
/mnt/data/lyq/PRISM/inc/prism_framework.h:157:7: note: shadowed declaration is here
  157 |   int debug_level = 0;
      |       ^~~~~~~~~~~
prefetcher/triangel/triangel.h: In member function ‘void SetDueller::TryCacheHit(uint64_t)’:
prefetcher/triangel/triangel.h:723:12: warning: unused variable ‘fucker’ [-Wunused-variable]
  723 |       auto fucker = &table[addr & CACHE_SETMASK];
      |            ^~~~~~
In file included from prefetcher/resize_kr/resize_kr.cc:1:
prefetcher/resize_kr/resize_kr.h: In constructor ‘resize_krMetaTable::resize_krMetaTable(int, int)’:
prefetcher/resize_kr/resize_kr.h:50:36: warning: declaration of ‘num_ways’ shadows a member of ‘resize_krMetaTable’ [-Wshadow]
   50 |   resize_krMetaTable(int size, int num_ways) : Super(size, num_ways), prefetcher(nullptr) {}
      |                                ~~~~^~~~~~~~
In file included from prefetcher/resize_kr/resize_kr.h:16,
                 from prefetcher/resize_kr/resize_kr.cc:1:
/mnt/data/lyq/PRISM/inc/prism_framework.h:152:7: note: shadowed declaration is here
  152 |   int num_ways;
      |       ^~~~~~~~
In file included from prefetcher/resize_kr/resize_kr.cc:1:
prefetcher/resize_kr/resize_kr.h:50:26: warning: declaration of ‘size’ shadows a member of ‘resize_krMetaTable’ [-Wshadow]
   50 |   resize_krMetaTable(int size, int num_ways) : Super(size, num_ways), prefetcher(nullptr) {}
      |                      ~~~~^~~~
In file included from prefetcher/resize_kr/resize_kr.h:16,
                 from prefetcher/resize_kr/resize_kr.cc:1:
/mnt/data/lyq/PRISM/inc/prism_framework.h:151:7: note: shadowed declaration is here
  151 |   int size;
      |       ^~~~
In file included from prefetcher/resize_kr/resize_kr.cc:1:
prefetcher/resize_kr/resize_kr.h: In constructor ‘resize_krMetaTable::resize_krMetaTable(int, int)’:
prefetcher/resize_kr/resize_kr.h:50:36: warning: declaration of ‘num_ways’ shadows a member of ‘resize_krMetaTable’ [-Wshadow]
   50 |   resize_krMetaTable(int size, int num_ways) : Super(size, num_ways), prefetcher(nullptr) {}
      |                                ~~~~^~~~~~~~
In file included from prefetcher/resize_kr/resize_kr.h:16,
                 from prefetcher/resize_kr/resize_kr.cc:1:
/mnt/data/lyq/PRISM/inc/prism_framework.h:152:7: note: shadowed declaration is here
  152 |   int num_ways;
      |       ^~~~~~~~
In file included from prefetcher/resize_kr/resize_kr.cc:1:
prefetcher/resize_kr/resize_kr.h:50:26: warning: declaration of ‘size’ shadows a member of ‘resize_krMetaTable’ [-Wshadow]
   50 |   resize_krMetaTable(int size, int num_ways) : Super(size, num_ways), prefetcher(nullptr) {}
      |                      ~~~~^~~~
In file included from prefetcher/resize_kr/resize_kr.h:16,
                 from prefetcher/resize_kr/resize_kr.cc:1:
/mnt/data/lyq/PRISM/inc/prism_framework.h:151:7: note: shadowed declaration is here
  151 |   int size;
      |       ^~~~
In file included from prefetcher/resize_kr/resize_kr.cc:1:
prefetcher/resize_kr/resize_kr.h: In constructor ‘resize_krMetaTable::resize_krMetaTable(int, int)’:
prefetcher/resize_kr/resize_kr.h:50:36: warning: declaration of ‘num_ways’ shadows a member of ‘resize_krMetaTable’ [-Wshadow]
   50 |   resize_krMetaTable(int size, int num_ways) : Super(size, num_ways), prefetcher(nullptr) {}
      |                                ~~~~^~~~~~~~
In file included from prefetcher/resize_kr/resize_kr.h:16,
                 from prefetcher/resize_kr/resize_kr.cc:1:
/mnt/data/lyq/PRISM/inc/prism_framework.h:152:7: note: shadowed declaration is here
  152 |   int num_ways;
      |       ^~~~~~~~
In file included from prefetcher/resize_kr/resize_kr.cc:1:
prefetcher/resize_kr/resize_kr.h:50:26: warning: declaration of ‘size’ shadows a member of ‘resize_krMetaTable’ [-Wshadow]
   50 |   resize_krMetaTable(int size, int num_ways) : Super(size, num_ways), prefetcher(nullptr) {}
      |                      ~~~~^~~~
In file included from prefetcher/resize_kr/resize_kr.h:16,
                 from prefetcher/resize_kr/resize_kr.cc:1:
/mnt/data/lyq/PRISM/inc/prism_framework.h:151:7: note: shadowed declaration is here
  151 |   int size;
      |       ^~~~
/mnt/data/lyq/PRISM/inc/prism_framework.h: In member function ‘void SetAssociativeCache<T>::set_debug_level(int)’:
/mnt/data/lyq/PRISM/inc/prism_framework.h:123:28: warning: declaration of ‘debug_level’ shadows a member of ‘SetAssociativeCache<T>’ [-Wshadow]
  123 |   void set_debug_level(int debug_level) { this->debug_level = debug_level; }
      |                        ~~~~^~~~~~~~~~~
/mnt/data/lyq/PRISM/inc/prism_framework.h:157:7: note: shadowed declaration is here
  157 |   int debug_level = 0;
      |       ^~~~~~~~~~~
In file included from prefetcher/prism/prism.cc:1:
prefetcher/prism/prism.h: In constructor ‘prismPCAddressTable::prismPCAddressTable(int, int)’:
prefetcher/prism/prism.h:89:37: warning: declaration of ‘num_ways’ shadows a member of ‘prismPCAddressTable’ [-Wshadow]
   89 |   prismPCAddressTable(int size, int num_ways) : alloc_sets(0), max_sets(MAX_WAY_PAT * N_LLC_SET), Super(size, num_ways) {}
      |                                 ~~~~^~~~~~~~
In file included from prefetcher/prism/prism.h:18,
                 from prefetcher/prism/prism.cc:1:
/mnt/data/lyq/PRISM/inc/prism_framework.h:152:7: note: shadowed declaration is here
  152 |   int num_ways;
      |       ^~~~~~~~
In file included from prefetcher/prism/prism.cc:1:
prefetcher/prism/prism.h:89:27: warning: declaration of ‘size’ shadows a member of ‘prismPCAddressTable’ [-Wshadow]
   89 |   prismPCAddressTable(int size, int num_ways) : alloc_sets(0), max_sets(MAX_WAY_PAT * N_LLC_SET), Super(size, num_ways) {}
      |                       ~~~~^~~~
In file included from prefetcher/prism/prism.h:18,
                 from prefetcher/prism/prism.cc:1:
/mnt/data/lyq/PRISM/inc/prism_framework.h:151:7: note: shadowed declaration is here
  151 |   int size;
      |       ^~~~
In file included from prefetcher/prism/prism.cc:1:
prefetcher/prism/prism.h:87:7: warning: ‘prismPCAddressTable::max_sets’ will be initialized after [-Wreorder]
   87 |   int max_sets;
      |       ^~~~~~~~
prefetcher/prism/prism.h:89:119: warning:   base ‘SRRIPSetAssociativeCache<MetaTableEntry>’ [-Wreorder]
   89 |   prismPCAddressTable(int size, int num_ways) : alloc_sets(0), max_sets(MAX_WAY_PAT * N_LLC_SET), Super(size, num_ways) {}
      |                                                                                                                       ^
prefetcher/prism/prism.h:89:3: warning:   when initialized here [-Wreorder]
   89 |   prismPCAddressTable(int size, int num_ways) : alloc_sets(0), max_sets(MAX_WAY_PAT * N_LLC_SET), Super(size, num_ways) {}
      |   ^~~~~~~~~~~~~~~~~~~
prefetcher/prism/prism.h: In constructor ‘prismPCAddressTable::prismPCAddressTable(int, int)’:
prefetcher/prism/prism.h:89:37: warning: declaration of ‘num_ways’ shadows a member of ‘prismPCAddressTable’ [-Wshadow]
   89 |   prismPCAddressTable(int size, int num_ways) : alloc_sets(0), max_sets(MAX_WAY_PAT * N_LLC_SET), Super(size, num_ways) {}
      |                                 ~~~~^~~~~~~~
In file included from prefetcher/prism/prism.h:18,
                 from prefetcher/prism/prism.cc:1:
/mnt/data/lyq/PRISM/inc/prism_framework.h:152:7: note: shadowed declaration is here
  152 |   int num_ways;
      |       ^~~~~~~~
In file included from prefetcher/prism/prism.cc:1:
prefetcher/prism/prism.h:89:27: warning: declaration of ‘size’ shadows a member of ‘prismPCAddressTable’ [-Wshadow]
   89 |   prismPCAddressTable(int size, int num_ways) : alloc_sets(0), max_sets(MAX_WAY_PAT * N_LLC_SET), Super(size, num_ways) {}
      |                       ~~~~^~~~
In file included from prefetcher/prism/prism.h:18,
                 from prefetcher/prism/prism.cc:1:
/mnt/data/lyq/PRISM/inc/prism_framework.h:151:7: note: shadowed declaration is here
  151 |   int size;
      |       ^~~~
In file included from prefetcher/prism/prism.cc:1:
prefetcher/prism/prism.h: In constructor ‘prismPCAddressTable::prismPCAddressTable(int, int)’:
prefetcher/prism/prism.h:89:37: warning: declaration of ‘num_ways’ shadows a member of ‘prismPCAddressTable’ [-Wshadow]
   89 |   prismPCAddressTable(int size, int num_ways) : alloc_sets(0), max_sets(MAX_WAY_PAT * N_LLC_SET), Super(size, num_ways) {}
      |                                 ~~~~^~~~~~~~
In file included from prefetcher/prism/prism.h:18,
                 from prefetcher/prism/prism.cc:1:
/mnt/data/lyq/PRISM/inc/prism_framework.h:152:7: note: shadowed declaration is here
  152 |   int num_ways;
      |       ^~~~~~~~
In file included from prefetcher/prism/prism.cc:1:
prefetcher/prism/prism.h:89:27: warning: declaration of ‘size’ shadows a member of ‘prismPCAddressTable’ [-Wshadow]
   89 |   prismPCAddressTable(int size, int num_ways) : alloc_sets(0), max_sets(MAX_WAY_PAT * N_LLC_SET), Super(size, num_ways) {}
      |                       ~~~~^~~~
In file included from prefetcher/prism/prism.h:18,
                 from prefetcher/prism/prism.cc:1:
/mnt/data/lyq/PRISM/inc/prism_framework.h:151:7: note: shadowed declaration is here
  151 |   int size;
      |       ^~~~
prefetcher/baseline/baseline.cc: In member function ‘int baseline::issue_metatable(baselineMetaTable*, uint64_t, uint64_t, std::vector<long unsigned int>&)’:
prefetcher/baseline/baseline.cc:6:50: warning: declaration of ‘metaTable’ shadows a member of ‘baseline’ [-Wshadow]
    6 | int baseline::issue_metatable(baselineMetaTable* metaTable, uint64_t pc, uint64_t lookup, std::vector<uint64_t>& addresses)
      |                               ~~~~~~~~~~~~~~~~~~~^~~~~~~~~
In file included from prefetcher/baseline/baseline.cc:1:
prefetcher/baseline/baseline.h:89:22: note: shadowed declaration is here
   89 |   baselineMetaTable* metaTable = new baselineMetaTable(META_TABLE_SIZE, META_TABLE_ASSOC);
      |                      ^~~~~~~~~
In file included from prefetcher/inftable/inftable.cc:1:
prefetcher/inftable/inftable.h: In constructor ‘inftableMetaTable::inftableMetaTable(int, int)’:
prefetcher/inftable/inftable.h:53:35: warning: declaration of ‘num_ways’ shadows a member of ‘inftableMetaTable’ [-Wshadow]
   53 |   inftableMetaTable(int size, int num_ways) : Super(size, num_ways), prefetcher(nullptr) {}
      |                               ~~~~^~~~~~~~
In file included from prefetcher/inftable/inftable.h:16,
                 from prefetcher/inftable/inftable.cc:1:
/mnt/data/lyq/PRISM/inc/prism_framework.h:152:7: note: shadowed declaration is here
  152 |   int num_ways;
      |       ^~~~~~~~
In file included from prefetcher/inftable/inftable.cc:1:
prefetcher/inftable/inftable.h:53:25: warning: declaration of ‘size’ shadows a member of ‘inftableMetaTable’ [-Wshadow]
   53 |   inftableMetaTable(int size, int num_ways) : Super(size, num_ways), prefetcher(nullptr) {}
      |                     ~~~~^~~~
In file included from prefetcher/inftable/inftable.h:16,
                 from prefetcher/inftable/inftable.cc:1:
/mnt/data/lyq/PRISM/inc/prism_framework.h:151:7: note: shadowed declaration is here
  151 |   int size;
      |       ^~~~
In file included from prefetcher/inftable/inftable.cc:1:
prefetcher/inftable/inftable.h: In constructor ‘inftableMetaTable::inftableMetaTable(int, int)’:
prefetcher/inftable/inftable.h:53:35: warning: declaration of ‘num_ways’ shadows a member of ‘inftableMetaTable’ [-Wshadow]
   53 |   inftableMetaTable(int size, int num_ways) : Super(size, num_ways), prefetcher(nullptr) {}
      |                               ~~~~^~~~~~~~
In file included from prefetcher/inftable/inftable.h:16,
                 from prefetcher/inftable/inftable.cc:1:
/mnt/data/lyq/PRISM/inc/prism_framework.h:152:7: note: shadowed declaration is here
  152 |   int num_ways;
      |       ^~~~~~~~
In file included from prefetcher/inftable/inftable.cc:1:
prefetcher/inftable/inftable.h:53:25: warning: declaration of ‘size’ shadows a member of ‘inftableMetaTable’ [-Wshadow]
   53 |   inftableMetaTable(int size, int num_ways) : Super(size, num_ways), prefetcher(nullptr) {}
      |                     ~~~~^~~~
In file included from prefetcher/inftable/inftable.h:16,
                 from prefetcher/inftable/inftable.cc:1:
/mnt/data/lyq/PRISM/inc/prism_framework.h:151:7: note: shadowed declaration is here
  151 |   int size;
      |       ^~~~
In file included from prefetcher/inftable/inftable.cc:1:
prefetcher/inftable/inftable.h: In constructor ‘inftableMetaTable::inftableMetaTable(int, int)’:
prefetcher/inftable/inftable.h:53:35: warning: declaration of ‘num_ways’ shadows a member of ‘inftableMetaTable’ [-Wshadow]
   53 |   inftableMetaTable(int size, int num_ways) : Super(size, num_ways), prefetcher(nullptr) {}
      |                               ~~~~^~~~~~~~
In file included from prefetcher/inftable/inftable.h:16,
                 from prefetcher/inftable/inftable.cc:1:
/mnt/data/lyq/PRISM/inc/prism_framework.h:152:7: note: shadowed declaration is here
  152 |   int num_ways;
      |       ^~~~~~~~
In file included from prefetcher/inftable/inftable.cc:1:
prefetcher/inftable/inftable.h:53:25: warning: declaration of ‘size’ shadows a member of ‘inftableMetaTable’ [-Wshadow]
   53 |   inftableMetaTable(int size, int num_ways) : Super(size, num_ways), prefetcher(nullptr) {}
      |                     ~~~~^~~~
In file included from prefetcher/inftable/inftable.h:16,
                 from prefetcher/inftable/inftable.cc:1:
/mnt/data/lyq/PRISM/inc/prism_framework.h:151:7: note: shadowed declaration is here
  151 |   int size;
      |       ^~~~
In file included from prefetcher/prophet/prophet.cc:1:
prefetcher/prophet/prophet.h: In member function ‘void prophet::set_llc_reference(CACHE*)’:
prefetcher/prophet/prophet.h:371:71: warning: conversion from ‘long long unsigned int’ to ‘std::map<long unsigned int, int>::mapped_type’ {aka ‘int’} may change value [-Wconversion]
  371 |           profileReplTable[std::stoull(PC, nullptr, 16)] = std::stoull(priority);
      |                                                            ~~~~~~~~~~~^~~~~~~~~~
prefetcher/baseline/baseline.cc: In member function ‘uint32_t baseline::prefetcher_cache_operate(champsim::address, champsim::address, uint8_t, bool, access_type, uint32_t, std::string)’:
prefetcher/baseline/baseline.cc:184:18: warning: unused variable ‘victim_addr’ [-Wunused-variable]
  184 |         uint64_t victim_addr = last_meta->correlated_addr;
      |                  ^~~~~~~~~~~
prefetcher/baseline/baseline.cc:180:12: warning: variable ‘matched’ set but not used [-Wunused-but-set-variable]
  180 |       bool matched = false;
      |            ^~~~~~~
prefetcher/baseline/baseline.cc:159:7: warning: unused variable ‘issued_by_metatable’ [-Wunused-variable]
  159 |   int issued_by_metatable = issue_metatable(metaTable, pc, lookup_key, pref_addr);
      |       ^~~~~~~~~~~~~~~~~~~
prefetcher/baseline/baseline.cc: In member function ‘void baseline::prefetcher_final_stats()’:
prefetcher/baseline/baseline.cc:247:60: warning: conversion from ‘uint64_t’ {aka ‘long unsigned int’} to ‘double’ may change value [-Wconversion]
  247 |   cout << "MT_hitrate " << (MT_lookups ? (double)MT_hits / MT_lookups : 0) << endl;
      |                                                            ^~~~~~~~~~
prefetcher/croage/croage.h: In member function ‘void croage::resize_metadata(int8_t)’:
prefetcher/croage/croage.h:950:56: warning: conversion from ‘uint64_t’ {aka ‘long unsigned int’} to ‘uint32_t’ {aka ‘unsigned int’} may change value [-Wconversion]
  950 |         uint32_t occupied_ways = current_metadata_size / 12;
      |                                  ~~~~~~~~~~~~~~~~~~~~~~^~~~
prefetcher/baseline/baseline.cc:250:102: warning: conversion from ‘uint64_t’ {aka ‘long unsigned int’} to ‘double’ may change value [-Wconversion]
  250 |   cout << "MT_accuracy " << (meta_table_issued_prefetches ? (double)meta_table_accurate_prefetches / meta_table_issued_prefetches : 0) << endl;
      |                                                                                                      ^~~~~~~~~~~~~~~~~~~~~~~~~~~~
prefetcher/croage/croage.h: In member function ‘void croage::evaluate_window()’:
prefetcher/croage/croage.h:1045:58: warning: conversion from ‘long unsigned int’ to ‘double’ may change value [-Wconversion]
 1045 |     double miss_rate = static_cast<double>(miss_count) / TRACKING_WINDOW;
      |                                                          ^~~~~~~~~~~~~~~
prefetcher/croage/croage.h:1051:59: warning: conversion from ‘uint64_t’ {aka ‘long unsigned int’} to ‘double’ may change value [-Wconversion]
 1051 |       utility = static_cast<double>(prefetch_hit_count) / miss_count;
      |                                                           ^~~~~~~~~~
prefetcher/croage/croage.h:1058:76: warning: conversion from ‘uint64_t’ {aka ‘long unsigned int’} to ‘double’ may change value [-Wconversion]
 1058 |       delta_miss = static_cast<double>(miss_count - previous_miss_count) / access_count;
      |                                                                            ^~~~~~~~~~~~
prefetcher/croage/croage.h:1072:54: warning: conversion from ‘uint64_t’ {aka ‘long unsigned int’} to ‘double’ may change value [-Wconversion]
 1072 |         && static_cast<double>(prefetch_hit_count) / access_count > static_cast<double>(current_metadata_size) / (MAX_METADATA_SIZE + 12)) {
      |                                                      ^~~~~~~~~~~~
prefetcher/croage/croage.h:1072:133: warning: conversion from ‘long unsigned int’ to ‘double’ may change value [-Wconversion]
 1072 |         && static_cast<double>(prefetch_hit_count) / access_count > static_cast<double>(current_metadata_size) / (MAX_METADATA_SIZE + 12)) {
      |                                                                                                                  ~~~~~~~~~~~~~~~~~~~^~~~~
prefetcher/baseline/baseline.cc: In member function ‘bool baselineMetaTable::insert(uint64_t, const baselineMetaTableEntry&)’:
prefetcher/baseline/baseline.cc:273:12: warning: unused variable ‘index’ [-Wunused-variable]
  273 |   uint64_t index = key % this->num_sets;
      |            ^~~~~
prefetcher/baseline/baseline.cc:274:12: warning: unused variable ‘tag’ [-Wunused-variable]
  274 |   uint64_t tag = key / this->num_sets;
      |            ^~~
prefetcher/croage/croage.h: In member function ‘void croage::tem_up(uint64_t, uint64_t, uint64_t, bool)’:
prefetcher/croage/croage.h:1146:24: warning: declaration of ‘last_addr’ shadows a member of ‘croage’ [-Wshadow]
 1146 |   void tem_up(uint64_t last_addr, uint64_t cur_addr, uint64_t pc, bool useful_tu)
      |               ~~~~~~~~~^~~~~~~~~
prefetcher/croage/croage.h:822:12: note: shadowed declaration is here
  822 |   uint64_t last_addr = 0;
      |            ^~~~~~~~~
In file included from prefetcher/latetp/latetp.cc:1:
prefetcher/latetp/latetp.h: In constructor ‘latetpMetaTable::latetpMetaTable(int, int)’:
prefetcher/latetp/latetp.h:58:33: warning: declaration of ‘num_ways’ shadows a member of ‘latetpMetaTable’ [-Wshadow]
   58 |   latetpMetaTable(int size, int num_ways) : Super(size, num_ways), prefetcher(nullptr) {}
      |                             ~~~~^~~~~~~~
In file included from prefetcher/latetp/latetp.h:16,
                 from prefetcher/latetp/latetp.cc:1:
/mnt/data/lyq/PRISM/inc/prism_framework.h:152:7: note: shadowed declaration is here
  152 |   int num_ways;
      |       ^~~~~~~~
In file included from prefetcher/latetp/latetp.cc:1:
prefetcher/latetp/latetp.h:58:23: warning: declaration of ‘size’ shadows a member of ‘latetpMetaTable’ [-Wshadow]
   58 |   latetpMetaTable(int size, int num_ways) : Super(size, num_ways), prefetcher(nullptr) {}
      |                   ~~~~^~~~
In file included from prefetcher/latetp/latetp.h:16,
                 from prefetcher/latetp/latetp.cc:1:
/mnt/data/lyq/PRISM/inc/prism_framework.h:151:7: note: shadowed declaration is here
  151 |   int size;
      |       ^~~~
prefetcher/croage/croage.h:1155:16: warning: declaration of ‘uint64_t pc’ shadows a parameter [-Wshadow]
 1155 |       uint64_t pc = CAM[pop_addr];
      |                ^~
prefetcher/croage/croage.h:1146:63: note: shadowed declaration is here
 1146 |   void tem_up(uint64_t last_addr, uint64_t cur_addr, uint64_t pc, bool useful_tu)
      |                                                      ~~~~~~~~~^~
In file included from prefetcher/resize_kr/resize_kr.cc:1:
prefetcher/resize_kr/resize_kr.h: In member function ‘void resize_kr::metadata_resize(int)’:
prefetcher/resize_kr/resize_kr.h:203:25: warning: comparison of integer expressions of different signedness: ‘int’ and ‘std::vector<SetAssociativeCache<resize_krMetaTableEntry>::Entry, std::allocator<SetAssociativeCache<resize_krMetaTableEntry>::Entry> >::size_type’ {aka ‘long unsigned int’} [-Wsign-compare]
  203 |       for (int j = 0; j < metaTable->entries[i].size(); j++) {
      |                       ~~^~~~~~~~~~~~~~~~~~~~~~~~~~~~~~
prefetcher/croage/croage.h: In member function ‘uint64_t croage::tem_pre(uint64_t)’:
prefetcher/croage/croage.h:1182:29: warning: declaration of ‘last_addr’ shadows a member of ‘croage’ [-Wshadow]
 1182 |   uint64_t tem_pre(uint64_t last_addr)
      |                    ~~~~~~~~~^~~~~~~~~
prefetcher/croage/croage.h:822:12: note: shadowed declaration is here
  822 |   uint64_t last_addr = 0;
      |            ^~~~~~~~~
In file included from prefetcher/latetp/latetp.cc:1:
prefetcher/latetp/latetp.h: In constructor ‘latetpMetaTable::latetpMetaTable(int, int)’:
prefetcher/latetp/latetp.h:58:33: warning: declaration of ‘num_ways’ shadows a member of ‘latetpMetaTable’ [-Wshadow]
   58 |   latetpMetaTable(int size, int num_ways) : Super(size, num_ways), prefetcher(nullptr) {}
      |                             ~~~~^~~~~~~~
In file included from prefetcher/latetp/latetp.h:16,
                 from prefetcher/latetp/latetp.cc:1:
/mnt/data/lyq/PRISM/inc/prism_framework.h:152:7: note: shadowed declaration is here
  152 |   int num_ways;
      |       ^~~~~~~~
In file included from prefetcher/latetp/latetp.cc:1:
prefetcher/latetp/latetp.h:58:23: warning: declaration of ‘size’ shadows a member of ‘latetpMetaTable’ [-Wshadow]
   58 |   latetpMetaTable(int size, int num_ways) : Super(size, num_ways), prefetcher(nullptr) {}
      |                   ~~~~^~~~
In file included from prefetcher/latetp/latetp.h:16,
                 from prefetcher/latetp/latetp.cc:1:
/mnt/data/lyq/PRISM/inc/prism_framework.h:151:7: note: shadowed declaration is here
  151 |   int size;
      |       ^~~~
In file included from prefetcher/latetp/latetp.cc:1:
prefetcher/latetp/latetp.h: In constructor ‘latetpMetaTable::latetpMetaTable(int, int)’:
prefetcher/latetp/latetp.h:58:33: warning: declaration of ‘num_ways’ shadows a member of ‘latetpMetaTable’ [-Wshadow]
   58 |   latetpMetaTable(int size, int num_ways) : Super(size, num_ways), prefetcher(nullptr) {}
      |                             ~~~~^~~~~~~~
In file included from prefetcher/latetp/latetp.h:16,
                 from prefetcher/latetp/latetp.cc:1:
/mnt/data/lyq/PRISM/inc/prism_framework.h:152:7: note: shadowed declaration is here
  152 |   int num_ways;
      |       ^~~~~~~~
In file included from prefetcher/latetp/latetp.cc:1:
prefetcher/latetp/latetp.h:58:23: warning: declaration of ‘size’ shadows a member of ‘latetpMetaTable’ [-Wshadow]
   58 |   latetpMetaTable(int size, int num_ways) : Super(size, num_ways), prefetcher(nullptr) {}
      |                   ~~~~^~~~
In file included from prefetcher/latetp/latetp.h:16,
                 from prefetcher/latetp/latetp.cc:1:
/mnt/data/lyq/PRISM/inc/prism_framework.h:151:7: note: shadowed declaration is here
  151 |   int size;
      |       ^~~~
In file included from prefetcher/latetp/latetp.cc:1:
prefetcher/latetp/latetp.h: In constructor ‘PF_Filter::PF_Filter(int, int)’:
prefetcher/latetp/latetp.h:86:27: warning: declaration of ‘width’ shadows a member of ‘PF_Filter’ [-Wshadow]
   86 |   PF_Filter(int size, int width) : size(size), width(width) { table.resize(size, 0); }
      |                       ~~~~^~~~~
prefetcher/latetp/latetp.h:84:11: note: shadowed declaration is here
   84 |   uint8_t width;
      |           ^~~~~
prefetcher/latetp/latetp.h:86:17: warning: declaration of ‘size’ shadows a member of ‘PF_Filter’ [-Wshadow]
   86 |   PF_Filter(int size, int width) : size(size), width(width) { table.resize(size, 0); }
      |             ~~~~^~~~
prefetcher/latetp/latetp.h:83:12: note: shadowed declaration is here
   83 |   uint64_t size;
      |            ^~~~
prefetcher/latetp/latetp.h:86:54: warning: conversion from ‘int’ to ‘uint8_t’ {aka ‘unsigned char’} may change value [-Wconversion]
   86 |   PF_Filter(int size, int width) : size(size), width(width) { table.resize(size, 0); }
      |                                                      ^~~~~
prefetcher/resize_kr/resize_kr.h:209:5: warning: deleting object of polymorphic class type ‘resize_krMetaTable’ which has non-virtual destructor might cause undefined behavior [-Wdelete-non-virtual-dtor]
  209 |     delete metaTable;
      |     ^~~~~~~~~~~~~~~~
prefetcher/latetp/latetp.h: In constructor ‘PF_Filter::PF_Filter(int, int)’:
prefetcher/latetp/latetp.h:86:27: warning: declaration of ‘width’ shadows a member of ‘PF_Filter’ [-Wshadow]
   86 |   PF_Filter(int size, int width) : size(size), width(width) { table.resize(size, 0); }
      |                       ~~~~^~~~~
prefetcher/latetp/latetp.h:84:11: note: shadowed declaration is here
   84 |   uint8_t width;
      |           ^~~~~
prefetcher/latetp/latetp.h:86:17: warning: declaration of ‘size’ shadows a member of ‘PF_Filter’ [-Wshadow]
   86 |   PF_Filter(int size, int width) : size(size), width(width) { table.resize(size, 0); }
      |             ~~~~^~~~
prefetcher/latetp/latetp.h:83:12: note: shadowed declaration is here
   83 |   uint64_t size;
      |            ^~~~
prefetcher/latetp/latetp.h: In constructor ‘PF_Filter::PF_Filter(int, int)’:
prefetcher/latetp/latetp.h:86:27: warning: declaration of ‘width’ shadows a member of ‘PF_Filter’ [-Wshadow]
   86 |   PF_Filter(int size, int width) : size(size), width(width) { table.resize(size, 0); }
      |                       ~~~~^~~~~
prefetcher/latetp/latetp.h:84:11: note: shadowed declaration is here
   84 |   uint8_t width;
      |           ^~~~~
prefetcher/latetp/latetp.h:86:17: warning: declaration of ‘size’ shadows a member of ‘PF_Filter’ [-Wshadow]
   86 |   PF_Filter(int size, int width) : size(size), width(width) { table.resize(size, 0); }
      |             ~~~~^~~~
prefetcher/latetp/latetp.h:83:12: note: shadowed declaration is here
   83 |   uint64_t size;
      |            ^~~~
prefetcher/resize_kr/resize_kr.h: In member function ‘void resize_kr::evaluate_window()’:
prefetcher/resize_kr/resize_kr.h:217:30: warning: conversion from ‘uint64_t’ {aka ‘long unsigned int’} to ‘double’ may change value [-Wconversion]
  217 |     double miss_rate = 1.0 * num_misses / TRACKING_WINDOW;
      |                              ^~~~~~~~~~
prefetcher/resize_kr/resize_kr.h:222:23: warning: conversion from ‘uint64_t’ {aka ‘long unsigned int’} to ‘double’ may change value [-Wconversion]
  222 |       utility = 1.0 * num_useful_prefetch / num_misses;
      |                       ^~~~~~~~~~~~~~~~~~~
prefetcher/resize_kr/resize_kr.h:222:45: warning: conversion from ‘uint64_t’ {aka ‘long unsigned int’} to ‘double’ may change value [-Wconversion]
  222 |       utility = 1.0 * num_useful_prefetch / num_misses;
      |                                             ^~~~~~~~~~
prefetcher/croage/croage.h: In member function ‘void croage::train(uint64_t, uint64_t, uint8_t, bool)’:
prefetcher/croage/croage.h:1235:20: warning: declaration of ‘last_addr’ shadows a member of ‘croage’ [-Wshadow]
 1235 |           uint64_t last_addr = t_unit->cur_addr;
      |                    ^~~~~~~~~
prefetcher/resize_kr/resize_kr.h:228:38: warning: conversion from ‘uint64_t’ {aka ‘long unsigned int’} to ‘double’ may change value [-Wconversion]
  228 |       delta_miss = 1.0 * (num_misses - previous_num_misses) / access_count;
      |                          ~~~~~~~~~~~~^~~~~~~~~~~~~~~~~~~~~~
prefetcher/croage/croage.h:822:12: note: shadowed declaration is here
  822 |   uint64_t last_addr = 0;
      |            ^~~~~~~~~
prefetcher/prophet/prophet.cc: In member function ‘void prophet::invoke_prefetcher(uint64_t, uint64_t, uint8_t, uint8_t, std::vector<long unsigned int>&)’:
prefetcher/prophet/prophet.cc:102:9: warning: unused variable ‘issued_by_reuse’ [-Wunused-variable]
  102 |     int issued_by_reuse = issue_mrbtable(mrbTable, lookup, ip, pref_addr);
      |         ^~~~~~~~~~~~~~~
prefetcher/resize_kr/resize_kr.h:228:63: warning: conversion from ‘uint64_t’ {aka ‘long unsigned int’} to ‘double’ may change value [-Wconversion]
  228 |       delta_miss = 1.0 * (num_misses - previous_num_misses) / access_count;
      |                                                               ^~~~~~~~~~~~
prefetcher/resize_kr/resize_kr.h:237:42: warning: conversion from ‘uint64_t’ {aka ‘long unsigned int’} to ‘double’ may change value [-Wconversion]
  237 |       if (delta_k > THETA_PLUS || (1.0 * num_useful_prefetch / access_count) > (1.0 * current_partition / 8))
      |                                          ^~~~~~~~~~~~~~~~~~~
prefetcher/resize_kr/resize_kr.h:237:64: warning: conversion from ‘uint64_t’ {aka ‘long unsigned int’} to ‘double’ may change value [-Wconversion]
  237 |       if (delta_k > THETA_PLUS || (1.0 * num_useful_prefetch / access_count) > (1.0 * current_partition / 8))
      |                                                                ^~~~~~~~~~~~
prefetcher/prophet/prophet.cc:125:26: warning: conversion from ‘std::map<long unsigned int, int>::mapped_type’ {aka ‘int’} to ‘uint8_t’ {aka ‘unsigned char’} may change value [-Wconversion]
  125 |         metaTable->insert(lastAddr, temp_entry, profileReplTable[ip]);
      |         ~~~~~~~~~~~~~~~~~^~~~~~~~~~~~~~~~~~~~~~~~~~~~~~~~~~~~~~~~~~~~
prefetcher/prophet/prophet.cc:138:34: warning: declaration of ‘temp_entry’ shadows a previous local [-Wshadow]
  138 |             ProphetMRBTableEntry temp_entry(victimAddr);
      |                                  ^~~~~~~~~~
prefetcher/prophet/prophet.cc:124:31: note: shadowed declaration is here
  124 |         ProphetMetaTableEntry temp_entry(block_addr);
      |                               ^~~~~~~~~~
prefetcher/prophet/prophet.cc:147:36: warning: declaration of ‘temp_entry’ shadows a previous local [-Wshadow]
  147 |               ProphetMRBTableEntry temp_entry(victimAddr);
      |                                    ^~~~~~~~~~
prefetcher/prophet/prophet.cc:124:31: note: shadowed declaration is here
  124 |         ProphetMetaTableEntry temp_entry(block_addr);
      |                               ^~~~~~~~~~
prefetcher/prophet/prophet.cc:157:28: warning: conversion from ‘std::map<long unsigned int, int>::mapped_type’ {aka ‘int’} to ‘uint8_t’ {aka ‘unsigned char’} may change value [-Wconversion]
  157 |           metaTable->insert(lastAddr, temp_entry, profileReplTable[ip]);
      |           ~~~~~~~~~~~~~~~~~^~~~~~~~~~~~~~~~~~~~~~~~~~~~~~~~~~~~~~~~~~~~
prefetcher/prophet/prophet.cc:100:7: warning: unused variable ‘issued_by_metatable’ [-Wunused-variable]
  100 |   int issued_by_metatable = issue_metatable(metaTable, lookup, ip, pref_addr);
      |       ^~~~~~~~~~~~~~~~~~~
prefetcher/resize_kr/resize_kr.cc: In member function ‘int resize_kr::issue_metatable(resize_krMetaTable*, uint64_t, uint64_t, std::vector<long unsigned int>&)’:
prefetcher/resize_kr/resize_kr.cc:6:52: warning: declaration of ‘metaTable’ shadows a member of ‘resize_kr’ [-Wshadow]
    6 | int resize_kr::issue_metatable(resize_krMetaTable* metaTable, uint64_t pc, uint64_t lookup, std::vector<uint64_t>& addresses)
      |                                ~~~~~~~~~~~~~~~~~~~~^~~~~~~~~
In file included from prefetcher/resize_kr/resize_kr.cc:1:
prefetcher/resize_kr/resize_kr.h:93:23: note: shadowed declaration is here
   93 |   resize_krMetaTable* metaTable = new resize_krMetaTable(META_TABLE_SIZE, META_TABLE_ASSOC);
      |                       ^~~~~~~~~
prefetcher/triangel/triangel.h: In member function ‘void Metadata::repartition(uint64_t)’:
prefetcher/triangel/triangel.h:876:76: warning: conversion from ‘uint64_t’ {aka ‘long unsigned int’} to ‘int’ may change value [-Wconversion]
  876 |         lru_cache->incrementCapacity((new_cache_way - cache_way_allocated) * 12);
      |                                      ~~~~~~~~~~~~~~~~~~~~~~~~~~~~~~~~~~~~~~^~~~
In file included from prefetcher/prism/prism.cc:1:
prefetcher/prism/prism.h: In constructor ‘prismMetaTable::prismMetaTable(int, int)’:
prefetcher/prism/prism.h:124:32: warning: declaration of ‘num_ways’ shadows a member of ‘prismMetaTable’ [-Wshadow]
  124 |   prismMetaTable(int size, int num_ways) : alloc_sets(INIT_WAY_MARKOV * N_LLC_SET), max_sets(MAX_WAY_MARKOV * N_LLC_SET), Super(size, num_ways) {}
      |                            ~~~~^~~~~~~~
In file included from prefetcher/prism/prism.h:18,
                 from prefetcher/prism/prism.cc:1:
/mnt/data/lyq/PRISM/inc/prism_framework.h:152:7: note: shadowed declaration is here
  152 |   int num_ways;
      |       ^~~~~~~~
In file included from prefetcher/prism/prism.cc:1:
prefetcher/prism/prism.h:124:22: warning: declaration of ‘size’ shadows a member of ‘prismMetaTable’ [-Wshadow]
  124 |   prismMetaTable(int size, int num_ways) : alloc_sets(INIT_WAY_MARKOV * N_LLC_SET), max_sets(MAX_WAY_MARKOV * N_LLC_SET), Super(size, num_ways) {}
      |                  ~~~~^~~~
In file included from prefetcher/prism/prism.h:18,
                 from prefetcher/prism/prism.cc:1:
/mnt/data/lyq/PRISM/inc/prism_framework.h:151:7: note: shadowed declaration is here
  151 |   int size;
      |       ^~~~
prefetcher/prophet/prophet.cc: In member function ‘int prophet::issue_metatable(ProphetMetaTable*, uint64_t, uint64_t, std::vector<long unsigned int>&)’:
prefetcher/prophet/prophet.cc:179:48: warning: declaration of ‘metaTable’ shadows a member of ‘prophet’ [-Wshadow]
  179 | int prophet::issue_metatable(ProphetMetaTable* metaTable, uint64_t lookup, uint64_t pc, std::vector<uint64_t>& addresses)
      |                              ~~~~~~~~~~~~~~~~~~^~~~~~~~~
In file included from prefetcher/prophet/prophet.cc:1:
prefetcher/prophet/prophet.h:240:21: note: shadowed declaration is here
  240 |   ProphetMetaTable* metaTable;
      |                     ^~~~~~~~~
In file included from prefetcher/prism/prism.cc:1:
prefetcher/prism/prism.h:122:7: warning: ‘prismMetaTable::max_sets’ will be initialized after [-Wreorder]
  122 |   int max_sets;
      |       ^~~~~~~~
In file included from prefetcher/prism/prism.cc:1:
prefetcher/prism/prism.h:124:143: warning:   base ‘SHIPSetAssociativeCache<MetaTableEntry>’ [-Wreorder]
  124 |   prismMetaTable(int size, int num_ways) : alloc_sets(INIT_WAY_MARKOV * N_LLC_SET), max_sets(MAX_WAY_MARKOV * N_LLC_SET), Super(size, num_ways) {}
      |                                                                                                                                               ^
In file included from prefetcher/prism/prism.cc:1:
prefetcher/prism/prism.h:124:3: warning:   when initialized here [-Wreorder]
  124 |   prismMetaTable(int size, int num_ways) : alloc_sets(INIT_WAY_MARKOV * N_LLC_SET), max_sets(MAX_WAY_MARKOV * N_LLC_SET), Super(size, num_ways) {}
      |   ^~~~~~~~~~~~~~
prefetcher/triangel/triangel.h:881:93: warning: conversion from ‘uint64_t’ {aka ‘long unsigned int’} to ‘int’ may change value [-Wconversion]
  881 |         total_evicted += lru_cache->decrementCapacity((cache_way_allocated - new_cache_way) * 12);
      |                                                       ~~~~~~~~~~~~~~~~~~~~~~~~~~~~~~~~~~~~~~^~~~
prefetcher/prophet/prophet.cc: In member function ‘int prophet::issue_mrbtable(ProphetMRBTable*, uint64_t, uint64_t, std::vector<long unsigned int>&)’:
prefetcher/prophet/prophet.cc:212:46: warning: declaration of ‘mrbTable’ shadows a member of ‘prophet’ [-Wshadow]
  212 | int prophet::issue_mrbtable(ProphetMRBTable* mrbTable, uint64_t lookup, uint64_t pc, std::vector<uint64_t>& addresses)
      |                             ~~~~~~~~~~~~~~~~~^~~~~~~~
prefetcher/prism/prism.h: In constructor ‘prismMetaTable::prismMetaTable(int, int)’:
prefetcher/prism/prism.h:124:32: warning: declaration of ‘num_ways’ shadows a member of ‘prismMetaTable’ [-Wshadow]
  124 |   prismMetaTable(int size, int num_ways) : alloc_sets(INIT_WAY_MARKOV * N_LLC_SET), max_sets(MAX_WAY_MARKOV * N_LLC_SET), Super(size, num_ways) {}
      |                            ~~~~^~~~~~~~
In file included from prefetcher/prism/prism.h:18,
                 from prefetcher/prism/prism.cc:1:
/mnt/data/lyq/PRISM/inc/prism_framework.h:152:7: note: shadowed declaration is here
  152 |   int num_ways;
      |       ^~~~~~~~
In file included from prefetcher/prophet/prophet.cc:1:
prefetcher/prophet/prophet.h:242:20: note: shadowed declaration is here
  242 |   ProphetMRBTable* mrbTable = new ProphetMRBTable(MRB_TABLE_SIZE, MRB_TABLE_ASSOC);
      |                    ^~~~~~~~
In file included from prefetcher/prism/prism.cc:1:
prefetcher/prism/prism.h:124:22: warning: declaration of ‘size’ shadows a member of ‘prismMetaTable’ [-Wshadow]
  124 |   prismMetaTable(int size, int num_ways) : alloc_sets(INIT_WAY_MARKOV * N_LLC_SET), max_sets(MAX_WAY_MARKOV * N_LLC_SET), Super(size, num_ways) {}
      |                  ~~~~^~~~
In file included from prefetcher/prism/prism.h:18,
                 from prefetcher/prism/prism.cc:1:
/mnt/data/lyq/PRISM/inc/prism_framework.h:151:7: note: shadowed declaration is here
  151 |   int size;
      |       ^~~~
In file included from prefetcher/prism/prism.cc:1:
prefetcher/prism/prism.h: In constructor ‘prismMetaTable::prismMetaTable(int, int)’:
prefetcher/prism/prism.h:124:32: warning: declaration of ‘num_ways’ shadows a member of ‘prismMetaTable’ [-Wshadow]
  124 |   prismMetaTable(int size, int num_ways) : alloc_sets(INIT_WAY_MARKOV * N_LLC_SET), max_sets(MAX_WAY_MARKOV * N_LLC_SET), Super(size, num_ways) {}
      |                            ~~~~^~~~~~~~
In file included from prefetcher/prism/prism.h:18,
                 from prefetcher/prism/prism.cc:1:
/mnt/data/lyq/PRISM/inc/prism_framework.h:152:7: note: shadowed declaration is here
  152 |   int num_ways;
      |       ^~~~~~~~
In file included from prefetcher/prism/prism.cc:1:
prefetcher/prism/prism.h:124:22: warning: declaration of ‘size’ shadows a member of ‘prismMetaTable’ [-Wshadow]
  124 |   prismMetaTable(int size, int num_ways) : alloc_sets(INIT_WAY_MARKOV * N_LLC_SET), max_sets(MAX_WAY_MARKOV * N_LLC_SET), Super(size, num_ways) {}
      |                  ~~~~^~~~
In file included from prefetcher/prism/prism.h:18,
                 from prefetcher/prism/prism.cc:1:
/mnt/data/lyq/PRISM/inc/prism_framework.h:151:7: note: shadowed declaration is here
  151 |   int size;
      |       ^~~~
prefetcher/croage/croage.cc: In member function ‘uint32_t croage::prefetcher_cache_operate(champsim::address, champsim::address, uint8_t, bool, access_type, uint32_t)’:
prefetcher/croage/croage.cc:33:23: warning: comparison of integer expressions of different signedness: ‘int’ and ‘std::vector<long unsigned int>::size_type’ {aka ‘long unsigned int’} [-Wsign-compare]
   33 |     for (int i = 0; i < prefetch_candidate.size(); i++) {
      |                     ~~^~~~~~~~~~~~~~~~~~~~~~~~~~~
prefetcher/prophet/prophet.cc: In member function ‘uint32_t prophet::prefetcher_cache_operate(champsim::address, champsim::address, uint8_t, bool, access_type, uint32_t, std::string)’:
prefetcher/prophet/prophet.cc:285:21: warning: comparison of integer expressions of different signedness: ‘int’ and ‘std::vector<long unsigned int>::size_type’ {aka ‘long unsigned int’} [-Wsign-compare]
  285 |   for (int i = 0; i < prefetch_candidate.size(); i++) {
      |                   ~~^~~~~~~~~~~~~~~~~~~~~~~~~~~
prefetcher/croage/croage.cc: In member function ‘uint32_t croage::prefetcher_cache_fill(champsim::address, long int, long int, uint8_t, champsim::address, uint32_t)’:
prefetcher/croage/croage.cc:46:12: warning: unused variable ‘line_addr’ [-Wunused-variable]
   46 |   uint64_t line_addr = (addr.to<uint64_t>() >> LOG2_BLOCK_SIZE); // Line addr
      |            ^~~~~~~~~
prefetcher/prophet/prophet.cc:291:16: warning: unused variable ‘success’ [-Wunused-variable]
  291 |     const bool success = prefetch_line(prefetch_addr, true, 0);
      |                ^~~~~~~
In file included from prefetcher/conftp/conftp.h:16,
                 from prefetcher/conftp/conftp.cc:1:
/mnt/data/lyq/PRISM/inc/prism_framework.h: In instantiation of ‘LRUSetAssociativeCache<T>::LRUSetAssociativeCache(int, int, int) [with T = conftpMetaTableEntry]’:
prefetcher/conftp/conftp.h:50:86:   required from here
/mnt/data/lyq/PRISM/inc/prism_framework.h:254:54: warning: declaration of ‘debug_level’ shadows a member of ‘LRUSetAssociativeCache<conftpMetaTableEntry>’ [-Wshadow]
  254 |   LRUSetAssociativeCache(int size, int num_ways, int debug_level = 0) : Super(size, num_ways, debug_level), lru(this->num_sets, vector<uint64_t>(num_ways)) {}
      |                                                  ~~~~^~~~~~~~~~~~~~~
/mnt/data/lyq/PRISM/inc/prism_framework.h:157:7: note: shadowed declaration is here
  157 |   int debug_level = 0;
      |       ^~~~~~~~~~~
/mnt/data/lyq/PRISM/inc/prism_framework.h:254:40: warning: declaration of ‘num_ways’ shadows a member of ‘LRUSetAssociativeCache<conftpMetaTableEntry>’ [-Wshadow]
  254 |   LRUSetAssociativeCache(int size, int num_ways, int debug_level = 0) : Super(size, num_ways, debug_level), lru(this->num_sets, vector<uint64_t>(num_ways)) {}
      |                                    ~~~~^~~~~~~~
/mnt/data/lyq/PRISM/inc/prism_framework.h:152:7: note: shadowed declaration is here
  152 |   int num_ways;
      |       ^~~~~~~~
/mnt/data/lyq/PRISM/inc/prism_framework.h:254:30: warning: declaration of ‘size’ shadows a member of ‘LRUSetAssociativeCache<conftpMetaTableEntry>’ [-Wshadow]
  254 |   LRUSetAssociativeCache(int size, int num_ways, int debug_level = 0) : Super(size, num_ways, debug_level), lru(this->num_sets, vector<uint64_t>(num_ways)) {}
      |                          ~~~~^~~~
/mnt/data/lyq/PRISM/inc/prism_framework.h:151:7: note: shadowed declaration is here
  151 |   int size;
      |       ^~~~
prefetcher/prophet/prophet.cc: In member function ‘void prophet::prefetcher_final_stats()’:
prefetcher/prophet/prophet.cc:322:44: warning: conversion from ‘double’ to ‘float’ may change value [-Wfloat-conversion]
  322 |         accuracy = 1.0 * it->second.solved / it->second.issued;
      |                    ~~~~~~~~~~~~~~~~~~~~~~~~^~~~~~~~~~~~~~~~~~~
/mnt/data/lyq/PRISM/inc/prism_framework.h:254:54: warning: declaration of ‘debug_level’ shadows a member of ‘LRUSetAssociativeCache<conftpMetaTableEntry>’ [-Wshadow]
  254 |   LRUSetAssociativeCache(int size, int num_ways, int debug_level = 0) : Super(size, num_ways, debug_level), lru(this->num_sets, vector<uint64_t>(num_ways)) {}
      |                                                  ~~~~^~~~~~~~~~~~~~~
/mnt/data/lyq/PRISM/inc/prism_framework.h:157:7: note: shadowed declaration is here
  157 |   int debug_level = 0;
      |       ^~~~~~~~~~~
/mnt/data/lyq/PRISM/inc/prism_framework.h:254:40: warning: declaration of ‘num_ways’ shadows a member of ‘LRUSetAssociativeCache<conftpMetaTableEntry>’ [-Wshadow]
  254 |   LRUSetAssociativeCache(int size, int num_ways, int debug_level = 0) : Super(size, num_ways, debug_level), lru(this->num_sets, vector<uint64_t>(num_ways)) {}
      |                                    ~~~~^~~~~~~~
/mnt/data/lyq/PRISM/inc/prism_framework.h:152:7: note: shadowed declaration is here
  152 |   int num_ways;
      |       ^~~~~~~~
/mnt/data/lyq/PRISM/inc/prism_framework.h:254:30: warning: declaration of ‘size’ shadows a member of ‘LRUSetAssociativeCache<conftpMetaTableEntry>’ [-Wshadow]
  254 |   LRUSetAssociativeCache(int size, int num_ways, int debug_level = 0) : Super(size, num_ways, debug_level), lru(this->num_sets, vector<uint64_t>(num_ways)) {}
      |                          ~~~~^~~~
/mnt/data/lyq/PRISM/inc/prism_framework.h:151:7: note: shadowed declaration is here
  151 |   int size;
      |       ^~~~
/mnt/data/lyq/PRISM/inc/prism_framework.h:254:54: warning: declaration of ‘debug_level’ shadows a member of ‘LRUSetAssociativeCache<conftpMetaTableEntry>’ [-Wshadow]
  254 |   LRUSetAssociativeCache(int size, int num_ways, int debug_level = 0) : Super(size, num_ways, debug_level), lru(this->num_sets, vector<uint64_t>(num_ways)) {}
      |                                                  ~~~~^~~~~~~~~~~~~~~
/mnt/data/lyq/PRISM/inc/prism_framework.h:157:7: note: shadowed declaration is here
  157 |   int debug_level = 0;
      |       ^~~~~~~~~~~
/mnt/data/lyq/PRISM/inc/prism_framework.h:254:40: warning: declaration of ‘num_ways’ shadows a member of ‘LRUSetAssociativeCache<conftpMetaTableEntry>’ [-Wshadow]
  254 |   LRUSetAssociativeCache(int size, int num_ways, int debug_level = 0) : Super(size, num_ways, debug_level), lru(this->num_sets, vector<uint64_t>(num_ways)) {}
      |                                    ~~~~^~~~~~~~
/mnt/data/lyq/PRISM/inc/prism_framework.h:152:7: note: shadowed declaration is here
  152 |   int num_ways;
      |       ^~~~~~~~
/mnt/data/lyq/PRISM/inc/prism_framework.h:254:30: warning: declaration of ‘size’ shadows a member of ‘LRUSetAssociativeCache<conftpMetaTableEntry>’ [-Wshadow]
  254 |   LRUSetAssociativeCache(int size, int num_ways, int debug_level = 0) : Super(size, num_ways, debug_level), lru(this->num_sets, vector<uint64_t>(num_ways)) {}
      |                          ~~~~^~~~
/mnt/data/lyq/PRISM/inc/prism_framework.h:151:7: note: shadowed declaration is here
  151 |   int size;
      |       ^~~~
In file included from prefetcher/prism/prism.cc:1:
prefetcher/prism/prism.h: In constructor ‘PF_Filter::PF_Filter(int, int, int)’:
prefetcher/prism/prism.h:166:41: warning: declaration of ‘debug_level’ shadows a member of ‘PF_Filter’ [-Wshadow]
  166 |   PF_Filter(int size, int num_ways, int debug_level = 0)
      |                                     ~~~~^~~~~~~~~~~~~~~
In file included from prefetcher/prism/prism.h:18,
                 from prefetcher/prism/prism.cc:1:
/mnt/data/lyq/PRISM/inc/prism_framework.h:157:7: note: shadowed declaration is here
  157 |   int debug_level = 0;
      |       ^~~~~~~~~~~
In file included from prefetcher/prism/prism.cc:1:
prefetcher/prism/prism.h:166:27: warning: declaration of ‘num_ways’ shadows a member of ‘PF_Filter’ [-Wshadow]
  166 |   PF_Filter(int size, int num_ways, int debug_level = 0)
      |                       ~~~~^~~~~~~~
In file included from prefetcher/prism/prism.h:18,
                 from prefetcher/prism/prism.cc:1:
/mnt/data/lyq/PRISM/inc/prism_framework.h:152:7: note: shadowed declaration is here
  152 |   int num_ways;
      |       ^~~~~~~~
In file included from prefetcher/prism/prism.cc:1:
prefetcher/prism/prism.h:166:17: warning: declaration of ‘size’ shadows a member of ‘PF_Filter’ [-Wshadow]
  166 |   PF_Filter(int size, int num_ways, int debug_level = 0)
      |             ~~~~^~~~
In file included from prefetcher/prism/prism.h:18,
                 from prefetcher/prism/prism.cc:1:
/mnt/data/lyq/PRISM/inc/prism_framework.h:151:7: note: shadowed declaration is here
  151 |   int size;
      |       ^~~~
In file included from prefetcher/prism/prism.cc:1:
prefetcher/prism/prism.h: In constructor ‘PF_Filter::PF_Filter(int, int, int)’:
prefetcher/prism/prism.h:166:41: warning: declaration of ‘debug_level’ shadows a member of ‘PF_Filter’ [-Wshadow]
  166 |   PF_Filter(int size, int num_ways, int debug_level = 0)
      |                                     ~~~~^~~~~~~~~~~~~~~
In file included from prefetcher/prism/prism.h:18,
                 from prefetcher/prism/prism.cc:1:
/mnt/data/lyq/PRISM/inc/prism_framework.h:157:7: note: shadowed declaration is here
  157 |   int debug_level = 0;
      |       ^~~~~~~~~~~
In file included from prefetcher/prism/prism.cc:1:
prefetcher/prism/prism.h:166:27: warning: declaration of ‘num_ways’ shadows a member of ‘PF_Filter’ [-Wshadow]
  166 |   PF_Filter(int size, int num_ways, int debug_level = 0)
      |                       ~~~~^~~~~~~~
In file included from prefetcher/prism/prism.h:18,
                 from prefetcher/prism/prism.cc:1:
/mnt/data/lyq/PRISM/inc/prism_framework.h:152:7: note: shadowed declaration is here
  152 |   int num_ways;
      |       ^~~~~~~~
In file included from prefetcher/prism/prism.cc:1:
prefetcher/prism/prism.h:166:17: warning: declaration of ‘size’ shadows a member of ‘PF_Filter’ [-Wshadow]
  166 |   PF_Filter(int size, int num_ways, int debug_level = 0)
      |             ~~~~^~~~
In file included from prefetcher/prism/prism.h:18,
                 from prefetcher/prism/prism.cc:1:
/mnt/data/lyq/PRISM/inc/prism_framework.h:151:7: note: shadowed declaration is here
  151 |   int size;
      |       ^~~~
In file included from prefetcher/prism/prism.cc:1:
prefetcher/prism/prism.h: In constructor ‘PF_Filter::PF_Filter(int, int, int)’:
prefetcher/prism/prism.h:166:41: warning: declaration of ‘debug_level’ shadows a member of ‘PF_Filter’ [-Wshadow]
  166 |   PF_Filter(int size, int num_ways, int debug_level = 0)
      |                                     ~~~~^~~~~~~~~~~~~~~
In file included from prefetcher/prism/prism.h:18,
                 from prefetcher/prism/prism.cc:1:
/mnt/data/lyq/PRISM/inc/prism_framework.h:157:7: note: shadowed declaration is here
  157 |   int debug_level = 0;
      |       ^~~~~~~~~~~
In file included from prefetcher/prism/prism.cc:1:
prefetcher/prism/prism.h:166:27: warning: declaration of ‘num_ways’ shadows a member of ‘PF_Filter’ [-Wshadow]
  166 |   PF_Filter(int size, int num_ways, int debug_level = 0)
      |                       ~~~~^~~~~~~~
In file included from prefetcher/prism/prism.h:18,
                 from prefetcher/prism/prism.cc:1:
/mnt/data/lyq/PRISM/inc/prism_framework.h:152:7: note: shadowed declaration is here
  152 |   int num_ways;
      |       ^~~~~~~~
In file included from prefetcher/prism/prism.cc:1:
prefetcher/prism/prism.h:166:17: warning: declaration of ‘size’ shadows a member of ‘PF_Filter’ [-Wshadow]
  166 |   PF_Filter(int size, int num_ways, int debug_level = 0)
      |             ~~~~^~~~
In file included from prefetcher/prism/prism.h:18,
                 from prefetcher/prism/prism.cc:1:
/mnt/data/lyq/PRISM/inc/prism_framework.h:151:7: note: shadowed declaration is here
  151 |   int size;
      |       ^~~~
prefetcher/resize_kr/resize_kr.cc: In member function ‘uint32_t resize_kr::prefetcher_cache_operate(champsim::address, champsim::address, uint8_t, bool, access_type, uint32_t, std::string)’:
prefetcher/resize_kr/resize_kr.cc:164:18: warning: unused variable ‘victim_addr’ [-Wunused-variable]
  164 |         uint64_t victim_addr = last_meta->correlated_addr;
      |                  ^~~~~~~~~~~
prefetcher/resize_kr/resize_kr.cc:159:12: warning: variable ‘matched’ set but not used [-Wunused-but-set-variable]
  159 |       bool matched = false;
      |            ^~~~~~~
In file included from prefetcher/prism/prism.cc:1:
prefetcher/prism/prism.h: In member function ‘void PF_Filter::erase(uint64_t)’:
prefetcher/prism/prism.h:190:10: warning: unused variable ‘victim’ [-Wunused-variable]
  190 |     auto victim = Super::erase(key);
      |          ^~~~~~
prefetcher/resize_kr/resize_kr.cc:206:21: warning: comparison of integer expressions of different signedness: ‘int’ and ‘std::vector<long unsigned int>::size_type’ {aka ‘long unsigned int’} [-Wsign-compare]
  206 |   for (int i = 0; i < pref_addr.size(); i++) {
      |                   ~~^~~~~~~~~~~~~~~~~~
prefetcher/resize_kr/resize_kr.cc:207:39: warning: ‘bool champsim::modules::prefetcher::prefetch_line(uint64_t, bool, uint32_t) const’ is deprecated [-Wdeprecated-declarations]
  207 |     const bool success = prefetch_line({pref_addr[i] << LOG2_BLOCK_SIZE}, true, 0);
      |                          ~~~~~~~~~~~~~^~~~~~~~~~~~~~~~~~~~~~~~~~~~~~~~~~~~~~~~~~~~
In file included from /mnt/data/lyq/PRISM/inc/cache.h:50,
                 from prefetcher/resize_kr/resize_kr.h:17,
                 from prefetcher/resize_kr/resize_kr.cc:1:
/mnt/data/lyq/PRISM/inc/modules.h:105:23: note: declared here
  105 |   [[deprecated]] bool prefetch_line(uint64_t pf_addr, bool fill_this_level, uint32_t prefetch_metadata) const;
      |                       ^~~~~~~~~~~~~
prefetcher/resize_kr/resize_kr.cc:207:16: warning: unused variable ‘success’ [-Wunused-variable]
  207 |     const bool success = prefetch_line({pref_addr[i] << LOG2_BLOCK_SIZE}, true, 0);
      |                ^~~~~~~
prefetcher/resize_kr/resize_kr.cc:138:7: warning: unused variable ‘issued_by_metatable’ [-Wunused-variable]
  138 |   int issued_by_metatable = issue_metatable(metaTable, pc, lookup_key, pref_addr);
      |       ^~~~~~~~~~~~~~~~~~~
In file included from prefetcher/latetp/latetp.cc:1:
prefetcher/latetp/latetp.h: In member function ‘void latetp::PCTableEntry::update_counter()’:
prefetcher/latetp/latetp.h:171:30: warning: conversion from ‘uint64_t’ {aka ‘long unsigned int’} to ‘double’ may change value [-Wconversion]
  171 |       float laterate = 1.0 * latePrefetchCount / (latePrefetchCount + usefulPrefetchCount);
      |                              ^~~~~~~~~~~~~~~~~
prefetcher/latetp/latetp.h:171:69: warning: conversion from ‘uint64_t’ {aka ‘long unsigned int’} to ‘double’ may change value [-Wconversion]
  171 |       float laterate = 1.0 * latePrefetchCount / (latePrefetchCount + usefulPrefetchCount);
      |                                                  ~~~~~~~~~~~~~~~~~~~^~~~~~~~~~~~~~~~~~~~~~
prefetcher/latetp/latetp.h:171:48: warning: conversion from ‘double’ to ‘float’ may change value [-Wfloat-conversion]
  171 |       float laterate = 1.0 * latePrefetchCount / (latePrefetchCount + usefulPrefetchCount);
      |                        ~~~~~~~~~~~~~~~~~~~~~~~~^~~~~~~~~~~~~~~~~~~~~~~~~~~~~~~~~~~~~~~~~~~
prefetcher/latetp/latetp.h:172:49: warning: conversion from ‘uint64_t’ {aka ‘long unsigned int’} to ‘double’ may change value [-Wconversion]
  172 |       float accuracy = 1.0 * (latePrefetchCount + usefulPrefetchCount) / (latePrefetchCount + filledPrefetchCount);
      |                              ~~~~~~~~~~~~~~~~~~~^~~~~~~~~~~~~~~~~~~~~~
prefetcher/latetp/latetp.h:172:93: warning: conversion from ‘uint64_t’ {aka ‘long unsigned int’} to ‘double’ may change value [-Wconversion]
  172 |       float accuracy = 1.0 * (latePrefetchCount + usefulPrefetchCount) / (latePrefetchCount + filledPrefetchCount);
      |                                                                          ~~~~~~~~~~~~~~~~~~~^~~~~~~~~~~~~~~~~~~~~~
prefetcher/latetp/latetp.h:172:72: warning: conversion from ‘double’ to ‘float’ may change value [-Wfloat-conversion]
  172 |       float accuracy = 1.0 * (latePrefetchCount + usefulPrefetchCount) / (latePrefetchCount + filledPrefetchCount);
      |                        ~~~~~~~~~~~~~~~~~~~~~~~~~~~~~~~~~~~~~~~~~~~~~~~~^~~~~~~~~~~~~~~~~~~~~~~~~~~~~~~~~~~~~~~~~~~
prefetcher/resize_kr/resize_kr.cc: In member function ‘void resize_kr::prefetcher_final_stats()’:
prefetcher/resize_kr/resize_kr.cc:225:76: warning: conversion from ‘uint64_t’ {aka ‘long unsigned int’} to ‘double’ may change value [-Wconversion]
  225 |   cout << "MT_hitrate " << (meta_table_lookups ? (double)meta_table_hits / meta_table_lookups : 0) << endl;
      |                                                                            ^~~~~~~~~~~~~~~~~~
/mnt/data/lyq/PRISM/inc/prism_framework.h: In instantiation of ‘LRUSetAssociativeCache<T>::LRUSetAssociativeCache(int, int, int) [with T = std::deque<long unsigned int>]’:
prefetcher/conftp/conftp.h:94:137:   required from here
/mnt/data/lyq/PRISM/inc/prism_framework.h:254:54: warning: declaration of ‘debug_level’ shadows a member of ‘LRUSetAssociativeCache<std::deque<long unsigned int> >’ [-Wshadow]
  254 |   LRUSetAssociativeCache(int size, int num_ways, int debug_level = 0) : Super(size, num_ways, debug_level), lru(this->num_sets, vector<uint64_t>(num_ways)) {}
      |                                                  ~~~~^~~~~~~~~~~~~~~
/mnt/data/lyq/PRISM/inc/prism_framework.h:157:7: note: shadowed declaration is here
  157 |   int debug_level = 0;
      |       ^~~~~~~~~~~
/mnt/data/lyq/PRISM/inc/prism_framework.h:254:40: warning: declaration of ‘num_ways’ shadows a member of ‘LRUSetAssociativeCache<std::deque<long unsigned int> >’ [-Wshadow]
  254 |   LRUSetAssociativeCache(int size, int num_ways, int debug_level = 0) : Super(size, num_ways, debug_level), lru(this->num_sets, vector<uint64_t>(num_ways)) {}
      |                                    ~~~~^~~~~~~~
/mnt/data/lyq/PRISM/inc/prism_framework.h:152:7: note: shadowed declaration is here
  152 |   int num_ways;
      |       ^~~~~~~~
/mnt/data/lyq/PRISM/inc/prism_framework.h:254:30: warning: declaration of ‘size’ shadows a member of ‘LRUSetAssociativeCache<std::deque<long unsigned int> >’ [-Wshadow]
  254 |   LRUSetAssociativeCache(int size, int num_ways, int debug_level = 0) : Super(size, num_ways, debug_level), lru(this->num_sets, vector<uint64_t>(num_ways)) {}
      |                          ~~~~^~~~
/mnt/data/lyq/PRISM/inc/prism_framework.h:151:7: note: shadowed declaration is here
  151 |   int size;
      |       ^~~~
prefetcher/resize_kr/resize_kr.cc:228:102: warning: conversion from ‘uint64_t’ {aka ‘long unsigned int’} to ‘double’ may change value [-Wconversion]
  228 |   cout << "MT_accuracy " << (meta_table_issued_prefetches ? (double)meta_table_accurate_prefetches / meta_table_issued_prefetches : 0) << endl;
      |                                                                                                      ^~~~~~~~~~~~~~~~~~~~~~~~~~~~
/mnt/data/lyq/PRISM/inc/prism_framework.h:254:54: warning: declaration of ‘debug_level’ shadows a member of ‘LRUSetAssociativeCache<std::deque<long unsigned int> >’ [-Wshadow]
  254 |   LRUSetAssociativeCache(int size, int num_ways, int debug_level = 0) : Super(size, num_ways, debug_level), lru(this->num_sets, vector<uint64_t>(num_ways)) {}
      |                                                  ~~~~^~~~~~~~~~~~~~~
/mnt/data/lyq/PRISM/inc/prism_framework.h:157:7: note: shadowed declaration is here
  157 |   int debug_level = 0;
      |       ^~~~~~~~~~~
/mnt/data/lyq/PRISM/inc/prism_framework.h:254:40: warning: declaration of ‘num_ways’ shadows a member of ‘LRUSetAssociativeCache<std::deque<long unsigned int> >’ [-Wshadow]
  254 |   LRUSetAssociativeCache(int size, int num_ways, int debug_level = 0) : Super(size, num_ways, debug_level), lru(this->num_sets, vector<uint64_t>(num_ways)) {}
      |                                    ~~~~^~~~~~~~
/mnt/data/lyq/PRISM/inc/prism_framework.h:152:7: note: shadowed declaration is here
  152 |   int num_ways;
      |       ^~~~~~~~
/mnt/data/lyq/PRISM/inc/prism_framework.h:254:30: warning: declaration of ‘size’ shadows a member of ‘LRUSetAssociativeCache<std::deque<long unsigned int> >’ [-Wshadow]
  254 |   LRUSetAssociativeCache(int size, int num_ways, int debug_level = 0) : Super(size, num_ways, debug_level), lru(this->num_sets, vector<uint64_t>(num_ways)) {}
      |                          ~~~~^~~~
/mnt/data/lyq/PRISM/inc/prism_framework.h:151:7: note: shadowed declaration is here
  151 |   int size;
      |       ^~~~
/mnt/data/lyq/PRISM/inc/prism_framework.h:254:54: warning: declaration of ‘debug_level’ shadows a member of ‘LRUSetAssociativeCache<std::deque<long unsigned int> >’ [-Wshadow]
  254 |   LRUSetAssociativeCache(int size, int num_ways, int debug_level = 0) : Super(size, num_ways, debug_level), lru(this->num_sets, vector<uint64_t>(num_ways)) {}
      |                                                  ~~~~^~~~~~~~~~~~~~~
/mnt/data/lyq/PRISM/inc/prism_framework.h:157:7: note: shadowed declaration is here
  157 |   int debug_level = 0;
      |       ^~~~~~~~~~~
/mnt/data/lyq/PRISM/inc/prism_framework.h:254:40: warning: declaration of ‘num_ways’ shadows a member of ‘LRUSetAssociativeCache<std::deque<long unsigned int> >’ [-Wshadow]
  254 |   LRUSetAssociativeCache(int size, int num_ways, int debug_level = 0) : Super(size, num_ways, debug_level), lru(this->num_sets, vector<uint64_t>(num_ways)) {}
      |                                    ~~~~^~~~~~~~
/mnt/data/lyq/PRISM/inc/prism_framework.h:152:7: note: shadowed declaration is here
  152 |   int num_ways;
      |       ^~~~~~~~
/mnt/data/lyq/PRISM/inc/prism_framework.h:254:30: warning: declaration of ‘size’ shadows a member of ‘LRUSetAssociativeCache<std::deque<long unsigned int> >’ [-Wshadow]
  254 |   LRUSetAssociativeCache(int size, int num_ways, int debug_level = 0) : Super(size, num_ways, debug_level), lru(this->num_sets, vector<uint64_t>(num_ways)) {}
      |                          ~~~~^~~~
/mnt/data/lyq/PRISM/inc/prism_framework.h:151:7: note: shadowed declaration is here
  151 |   int size;
      |       ^~~~
/mnt/data/lyq/PRISM/inc/prism_framework.h: In instantiation of ‘SRRIPSetAssociativeCache<T>::SRRIPSetAssociativeCache(int, int, int) [with T = long unsigned int]’:
prefetcher/conftp/conftp.h:99:135:   required from here
/mnt/data/lyq/PRISM/inc/prism_framework.h:422:56: warning: declaration of ‘debug_level’ shadows a member of ‘SRRIPSetAssociativeCache<long unsigned int>’ [-Wshadow]
  422 |   SRRIPSetAssociativeCache(int size, int num_ways, int debug_level = 0) : Super(size, num_ways, debug_level), rrpv(this->num_sets, vector<uint64_t>(num_ways))
      |                                                    ~~~~^~~~~~~~~~~~~~~
/mnt/data/lyq/PRISM/inc/prism_framework.h:157:7: note: shadowed declaration is here
  157 |   int debug_level = 0;
      |       ^~~~~~~~~~~
/mnt/data/lyq/PRISM/inc/prism_framework.h:422:42: warning: declaration of ‘num_ways’ shadows a member of ‘SRRIPSetAssociativeCache<long unsigned int>’ [-Wshadow]
  422 |   SRRIPSetAssociativeCache(int size, int num_ways, int debug_level = 0) : Super(size, num_ways, debug_level), rrpv(this->num_sets, vector<uint64_t>(num_ways))
      |                                      ~~~~^~~~~~~~
/mnt/data/lyq/PRISM/inc/prism_framework.h:152:7: note: shadowed declaration is here
  152 |   int num_ways;
      |       ^~~~~~~~
/mnt/data/lyq/PRISM/inc/prism_framework.h:422:32: warning: declaration of ‘size’ shadows a member of ‘SRRIPSetAssociativeCache<long unsigned int>’ [-Wshadow]
  422 |   SRRIPSetAssociativeCache(int size, int num_ways, int debug_level = 0) : Super(size, num_ways, debug_level), rrpv(this->num_sets, vector<uint64_t>(num_ways))
      |                            ~~~~^~~~
/mnt/data/lyq/PRISM/inc/prism_framework.h:151:7: note: shadowed declaration is here
  151 |   int size;
      |       ^~~~
In file included from prefetcher/infpctable/infpctable.h:16,
                 from prefetcher/infpctable/infpctable.cc:1:
/mnt/data/lyq/PRISM/inc/prism_framework.h: In instantiation of ‘LRUSetAssociativeCache<T>::LRUSetAssociativeCache(int, int, int) [with T = infpctableMetaTableEntry]’:
prefetcher/infpctable/infpctable.h:49:90:   required from here
/mnt/data/lyq/PRISM/inc/prism_framework.h:254:54: warning: declaration of ‘debug_level’ shadows a member of ‘LRUSetAssociativeCache<infpctableMetaTableEntry>’ [-Wshadow]
  254 |   LRUSetAssociativeCache(int size, int num_ways, int debug_level = 0) : Super(size, num_ways, debug_level), lru(this->num_sets, vector<uint64_t>(num_ways)) {}
      |                                                  ~~~~^~~~~~~~~~~~~~~
/mnt/data/lyq/PRISM/inc/prism_framework.h:157:7: note: shadowed declaration is here
  157 |   int debug_level = 0;
      |       ^~~~~~~~~~~
/mnt/data/lyq/PRISM/inc/prism_framework.h:254:40: warning: declaration of ‘num_ways’ shadows a member of ‘LRUSetAssociativeCache<infpctableMetaTableEntry>’ [-Wshadow]
  254 |   LRUSetAssociativeCache(int size, int num_ways, int debug_level = 0) : Super(size, num_ways, debug_level), lru(this->num_sets, vector<uint64_t>(num_ways)) {}
      |                                    ~~~~^~~~~~~~
/mnt/data/lyq/PRISM/inc/prism_framework.h:152:7: note: shadowed declaration is here
  152 |   int num_ways;
      |       ^~~~~~~~
/mnt/data/lyq/PRISM/inc/prism_framework.h:254:30: warning: declaration of ‘size’ shadows a member of ‘LRUSetAssociativeCache<infpctableMetaTableEntry>’ [-Wshadow]
  254 |   LRUSetAssociativeCache(int size, int num_ways, int debug_level = 0) : Super(size, num_ways, debug_level), lru(this->num_sets, vector<uint64_t>(num_ways)) {}
      |                          ~~~~^~~~
/mnt/data/lyq/PRISM/inc/prism_framework.h:151:7: note: shadowed declaration is here
  151 |   int size;
      |       ^~~~
/mnt/data/lyq/PRISM/inc/prism_framework.h:422:56: warning: declaration of ‘debug_level’ shadows a member of ‘SRRIPSetAssociativeCache<long unsigned int>’ [-Wshadow]
  422 |   SRRIPSetAssociativeCache(int size, int num_ways, int debug_level = 0) : Super(size, num_ways, debug_level), rrpv(this->num_sets, vector<uint64_t>(num_ways))
      |                                                    ~~~~^~~~~~~~~~~~~~~
/mnt/data/lyq/PRISM/inc/prism_framework.h:157:7: note: shadowed declaration is here
  157 |   int debug_level = 0;
      |       ^~~~~~~~~~~
/mnt/data/lyq/PRISM/inc/prism_framework.h:422:42: warning: declaration of ‘num_ways’ shadows a member of ‘SRRIPSetAssociativeCache<long unsigned int>’ [-Wshadow]
  422 |   SRRIPSetAssociativeCache(int size, int num_ways, int debug_level = 0) : Super(size, num_ways, debug_level), rrpv(this->num_sets, vector<uint64_t>(num_ways))
      |                                      ~~~~^~~~~~~~
/mnt/data/lyq/PRISM/inc/prism_framework.h:152:7: note: shadowed declaration is here
  152 |   int num_ways;
      |       ^~~~~~~~
/mnt/data/lyq/PRISM/inc/prism_framework.h:422:32: warning: declaration of ‘size’ shadows a member of ‘SRRIPSetAssociativeCache<long unsigned int>’ [-Wshadow]
  422 |   SRRIPSetAssociativeCache(int size, int num_ways, int debug_level = 0) : Super(size, num_ways, debug_level), rrpv(this->num_sets, vector<uint64_t>(num_ways))
      |                            ~~~~^~~~
/mnt/data/lyq/PRISM/inc/prism_framework.h:151:7: note: shadowed declaration is here
  151 |   int size;
      |       ^~~~
/mnt/data/lyq/PRISM/inc/prism_framework.h:422:56: warning: declaration of ‘debug_level’ shadows a member of ‘SRRIPSetAssociativeCache<long unsigned int>’ [-Wshadow]
  422 |   SRRIPSetAssociativeCache(int size, int num_ways, int debug_level = 0) : Super(size, num_ways, debug_level), rrpv(this->num_sets, vector<uint64_t>(num_ways))
      |                                                    ~~~~^~~~~~~~~~~~~~~
/mnt/data/lyq/PRISM/inc/prism_framework.h:157:7: note: shadowed declaration is here
  157 |   int debug_level = 0;
      |       ^~~~~~~~~~~
/mnt/data/lyq/PRISM/inc/prism_framework.h:422:42: warning: declaration of ‘num_ways’ shadows a member of ‘SRRIPSetAssociativeCache<long unsigned int>’ [-Wshadow]
  422 |   SRRIPSetAssociativeCache(int size, int num_ways, int debug_level = 0) : Super(size, num_ways, debug_level), rrpv(this->num_sets, vector<uint64_t>(num_ways))
      |                                      ~~~~^~~~~~~~
/mnt/data/lyq/PRISM/inc/prism_framework.h:152:7: note: shadowed declaration is here
  152 |   int num_ways;
      |       ^~~~~~~~
/mnt/data/lyq/PRISM/inc/prism_framework.h:422:32: warning: declaration of ‘size’ shadows a member of ‘SRRIPSetAssociativeCache<long unsigned int>’ [-Wshadow]
  422 |   SRRIPSetAssociativeCache(int size, int num_ways, int debug_level = 0) : Super(size, num_ways, debug_level), rrpv(this->num_sets, vector<uint64_t>(num_ways))
      |                            ~~~~^~~~
/mnt/data/lyq/PRISM/inc/prism_framework.h:151:7: note: shadowed declaration is here
  151 |   int size;
      |       ^~~~
/mnt/data/lyq/PRISM/inc/prism_framework.h:254:54: warning: declaration of ‘debug_level’ shadows a member of ‘LRUSetAssociativeCache<infpctableMetaTableEntry>’ [-Wshadow]
  254 |   LRUSetAssociativeCache(int size, int num_ways, int debug_level = 0) : Super(size, num_ways, debug_level), lru(this->num_sets, vector<uint64_t>(num_ways)) {}
      |                                                  ~~~~^~~~~~~~~~~~~~~
/mnt/data/lyq/PRISM/inc/prism_framework.h:157:7: note: shadowed declaration is here
  157 |   int debug_level = 0;
      |       ^~~~~~~~~~~
/mnt/data/lyq/PRISM/inc/prism_framework.h:254:40: warning: declaration of ‘num_ways’ shadows a member of ‘LRUSetAssociativeCache<infpctableMetaTableEntry>’ [-Wshadow]
  254 |   LRUSetAssociativeCache(int size, int num_ways, int debug_level = 0) : Super(size, num_ways, debug_level), lru(this->num_sets, vector<uint64_t>(num_ways)) {}
      |                                    ~~~~^~~~~~~~
/mnt/data/lyq/PRISM/inc/prism_framework.h:152:7: note: shadowed declaration is here
  152 |   int num_ways;
      |       ^~~~~~~~
/mnt/data/lyq/PRISM/inc/prism_framework.h:254:30: warning: declaration of ‘size’ shadows a member of ‘LRUSetAssociativeCache<infpctableMetaTableEntry>’ [-Wshadow]
  254 |   LRUSetAssociativeCache(int size, int num_ways, int debug_level = 0) : Super(size, num_ways, debug_level), lru(this->num_sets, vector<uint64_t>(num_ways)) {}
      |                          ~~~~^~~~
/mnt/data/lyq/PRISM/inc/prism_framework.h:151:7: note: shadowed declaration is here
  151 |   int size;
      |       ^~~~
/mnt/data/lyq/PRISM/inc/prism_framework.h:254:54: warning: declaration of ‘debug_level’ shadows a member of ‘LRUSetAssociativeCache<infpctableMetaTableEntry>’ [-Wshadow]
  254 |   LRUSetAssociativeCache(int size, int num_ways, int debug_level = 0) : Super(size, num_ways, debug_level), lru(this->num_sets, vector<uint64_t>(num_ways)) {}
      |                                                  ~~~~^~~~~~~~~~~~~~~
/mnt/data/lyq/PRISM/inc/prism_framework.h:157:7: note: shadowed declaration is here
  157 |   int debug_level = 0;
      |       ^~~~~~~~~~~
/mnt/data/lyq/PRISM/inc/prism_framework.h:254:40: warning: declaration of ‘num_ways’ shadows a member of ‘LRUSetAssociativeCache<infpctableMetaTableEntry>’ [-Wshadow]
  254 |   LRUSetAssociativeCache(int size, int num_ways, int debug_level = 0) : Super(size, num_ways, debug_level), lru(this->num_sets, vector<uint64_t>(num_ways)) {}
      |                                    ~~~~^~~~~~~~
/mnt/data/lyq/PRISM/inc/prism_framework.h:152:7: note: shadowed declaration is here
  152 |   int num_ways;
      |       ^~~~~~~~
/mnt/data/lyq/PRISM/inc/prism_framework.h:254:30: warning: declaration of ‘size’ shadows a member of ‘LRUSetAssociativeCache<infpctableMetaTableEntry>’ [-Wshadow]
  254 |   LRUSetAssociativeCache(int size, int num_ways, int debug_level = 0) : Super(size, num_ways, debug_level), lru(this->num_sets, vector<uint64_t>(num_ways)) {}
      |                          ~~~~^~~~
/mnt/data/lyq/PRISM/inc/prism_framework.h:151:7: note: shadowed declaration is here
  151 |   int size;
      |       ^~~~
prefetcher/resize_kr/resize_kr.cc: In member function ‘bool resize_krMetaTable::insert(uint64_t, const resize_krMetaTableEntry&)’:
prefetcher/resize_kr/resize_kr.cc:253:12: warning: unused variable ‘index’ [-Wunused-variable]
  253 |   uint64_t index = key % this->num_sets;
      |            ^~~~~
prefetcher/resize_kr/resize_kr.cc:254:12: warning: unused variable ‘tag’ [-Wunused-variable]
  254 |   uint64_t tag = key / this->num_sets;
      |            ^~~
prefetcher/resize_kr/resize_kr.cc: In member function ‘bool resize_krMetaTable::insert(uint64_t, const resize_krMetaTableEntry&, uint64_t)’:
prefetcher/resize_kr/resize_kr.cc:284:12: warning: unused variable ‘index’ [-Wunused-variable]
  284 |   uint64_t index = key % this->num_sets;
      |            ^~~~~
prefetcher/resize_kr/resize_kr.cc:285:12: warning: unused variable ‘tag’ [-Wunused-variable]
  285 |   uint64_t tag = key / this->num_sets;
      |            ^~~
prefetcher/inftable/inftable.cc: In member function ‘int inftable::issue_metatable(std::unordered_map<long unsigned int, inftableMetaTableEntry>&, uint64_t, uint64_t, std::vector<long unsigned int>&)’:
prefetcher/inftable/inftable.cc:6:85: warning: declaration of ‘metaTable’ shadows a member of ‘inftable’ [-Wshadow]
    6 | int inftable::issue_metatable(std::unordered_map<uint64_t, inftableMetaTableEntry>& metaTable, uint64_t pc, uint64_t lookup, std::vector<uint64_t>& addresses)
      |                               ~~~~~~~~~~~~~~~~~~~~~~~~~~~~~~~~~~~~~~~~~~~~~~~~~~~~~~^~~~~~~~~
In file included from prefetcher/inftable/inftable.cc:1:
prefetcher/inftable/inftable.h:97:56: note: shadowed declaration is here
   97 |   std::unordered_map<uint64_t, inftableMetaTableEntry> metaTable;
      |                                                        ^~~~~~~~~
prefetcher/latetp/latetp.cc: In member function ‘int latetp::issue_metatable(latetpMetaTable*, uint64_t, uint64_t, std::vector<long unsigned int>&)’:
prefetcher/latetp/latetp.cc:6:46: warning: declaration of ‘metaTable’ shadows a member of ‘latetp’ [-Wshadow]
    6 | int latetp::issue_metatable(latetpMetaTable* metaTable, uint64_t lookup, uint64_t degree, std::vector<uint64_t>& addresses)
      |                             ~~~~~~~~~~~~~~~~~^~~~~~~~~
In file included from prefetcher/latetp/latetp.cc:1:
prefetcher/latetp/latetp.h:152:20: note: shadowed declaration is here
  152 |   latetpMetaTable* metaTable = new latetpMetaTable(META_TABLE_SIZE, META_TABLE_ASSOC);
      |                    ^~~~~~~~~
prefetcher/latetp/latetp.cc:9:21: warning: comparison of integer expressions of different signedness: ‘int’ and ‘uint64_t’ {aka ‘long unsigned int’} [-Wsign-compare]
    9 |   for (int i = 0; i < degree; i++) {
      |                   ~~^~~~~~~~
prefetcher/latetp/latetp.cc: In member function ‘uint32_t latetp::prefetcher_cache_operate(champsim::address, champsim::address, uint8_t, bool, access_type, uint32_t, std::string)’:
prefetcher/latetp/latetp.cc:102:51: warning: comparison of integer expressions of different signedness: ‘std::deque<long unsigned int>::size_type’ {aka ‘long unsigned int’} and ‘int’ [-Wsign-compare]
  102 |     last_addr = pc_entry->data.addrHistory.size() > pc_entry->data.lookahead ? pc_entry->data.addrHistory[pc_entry->data.lookahead] : 0;
      |                 ~~~~~~~~~~~~~~~~~~~~~~~~~~~~~~~~~~^~~~~~~~~~~~~~~~~~~~~~~~~~
prefetcher/latetp/latetp.cc:161:18: warning: unused variable ‘victim_addr’ [-Wunused-variable]
  161 |         uint64_t victim_addr = last_meta->correlated_addr;
      |                  ^~~~~~~~~~~
prefetcher/latetp/latetp.cc:157:12: warning: variable ‘matched’ set but not used [-Wunused-but-set-variable]
  157 |       bool matched = false;
      |            ^~~~~~~
prefetcher/latetp/latetp.cc:184:43: warning: comparison of integer expressions of different signedness: ‘std::deque<long unsigned int>::size_type’ {aka ‘long unsigned int’} and ‘int’ [-Wsign-compare]
  184 |     if (pc_entry->data.addrHistory.size() > pc_entry->data.lookahead + 1)
      |         ~~~~~~~~~~~~~~~~~~~~~~~~~~~~~~~~~~^~~~~~~~~~~~~~~~~~~~~~~~~~~~~~
prefetcher/latetp/latetp.cc:188:21: warning: comparison of integer expressions of different signedness: ‘int’ and ‘std::vector<long unsigned int>::size_type’ {aka ‘long unsigned int’} [-Wsign-compare]
  188 |   for (int i = 0; i < pref_addr.size(); i++) {
      |                   ~~^~~~~~~~~~~~~~~~~~
prefetcher/latetp/latetp.cc:197:39: warning: ‘bool champsim::modules::prefetcher::prefetch_line(uint64_t, bool, uint32_t) const’ is deprecated [-Wdeprecated-declarations]
  197 |     const bool success = prefetch_line({pref_addr[i] << LOG2_BLOCK_SIZE}, true, 0);
      |                          ~~~~~~~~~~~~~^~~~~~~~~~~~~~~~~~~~~~~~~~~~~~~~~~~~~~~~~~~~
In file included from /mnt/data/lyq/PRISM/inc/cache.h:50,
                 from prefetcher/latetp/latetp.h:17,
                 from prefetcher/latetp/latetp.cc:1:
/mnt/data/lyq/PRISM/inc/modules.h:105:23: note: declared here
  105 |   [[deprecated]] bool prefetch_line(uint64_t pf_addr, bool fill_this_level, uint32_t prefetch_metadata) const;
      |                       ^~~~~~~~~~~~~
prefetcher/prism/prism.h: In member function ‘void prism::PCTableEntry::update_counter(uint64_t)’:
prefetcher/prism/prism.h:264:26: warning: conversion from ‘uint64_t’ {aka ‘long unsigned int’} to ‘double’ may change value [-Wconversion]
  264 |         accuracy = 1.0 * usefulPrefetchCount / issuedPrefetchCount;
      |                          ^~~~~~~~~~~~~~~~~~~
prefetcher/prism/prism.h:264:48: warning: conversion from ‘uint64_t’ {aka ‘long unsigned int’} to ‘double’ may change value [-Wconversion]
  264 |         accuracy = 1.0 * usefulPrefetchCount / issuedPrefetchCount;
      |                                                ^~~~~~~~~~~~~~~~~~~
prefetcher/prism/prism.h:264:46: warning: conversion from ‘double’ to ‘float’ may change value [-Wfloat-conversion]
  264 |         accuracy = 1.0 * usefulPrefetchCount / issuedPrefetchCount;
      |                    ~~~~~~~~~~~~~~~~~~~~~~~~~~^~~~~~~~~~~~~~~~~~~~~
prefetcher/prism/prism.h: In member function ‘void prism::update_pc_metatable_size()’:
prefetcher/prism/prism.h:315:9: warning: conversion from ‘uint64_t’ {aka ‘long unsigned int’} to ‘double’ may change value [-Wconversion]
  315 |     if (fail_entry_init >= 0.3 * RESIZE_SAMPLE_WINDOW) {
      |         ^~~~~~~~~~~~~~~
prefetcher/prism/prism.h:318:16: warning: conversion from ‘uint64_t’ {aka ‘long unsigned int’} to ‘double’ may change value [-Wconversion]
  318 |     } else if (fail_entry_init >= 0.15 * RESIZE_SAMPLE_WINDOW) {
      |                ^~~~~~~~~~~~~~~
prefetcher/latetp/latetp.cc: In member function ‘void latetp::prefetcher_final_stats()’:
prefetcher/latetp/latetp.cc:240:76: warning: conversion from ‘uint64_t’ {aka ‘long unsigned int’} to ‘double’ may change value [-Wconversion]
  240 |   cout << "MT_hitrate " << (meta_table_lookups ? (double)meta_table_hits / meta_table_lookups : 0) << endl;
      |                                                                            ^~~~~~~~~~~~~~~~~~
prefetcher/latetp/latetp.cc:243:102: warning: conversion from ‘uint64_t’ {aka ‘long unsigned int’} to ‘double’ may change value [-Wconversion]
  243 |   cout << "MT_accuracy " << (meta_table_issued_prefetches ? (double)meta_table_accurate_prefetches / meta_table_issued_prefetches : 0) << endl;
      |                                                                                                      ^~~~~~~~~~~~~~~~~~~~~~~~~~~~
prefetcher/latetp/latetp.cc: In member function ‘bool latetpMetaTable::insert(uint64_t, const latetpMetaTableEntry&)’:
prefetcher/latetp/latetp.cc:267:12: warning: unused variable ‘index’ [-Wunused-variable]
  267 |   uint64_t index = key % this->num_sets;
      |            ^~~~~
prefetcher/latetp/latetp.cc:268:12: warning: unused variable ‘tag’ [-Wunused-variable]
  268 |   uint64_t tag = key / this->num_sets;
      |            ^~~
prefetcher/inftable/inftable.cc: In member function ‘uint32_t inftable::prefetcher_cache_operate(champsim::address, champsim::address, uint8_t, bool, access_type, uint32_t, std::string)’:
prefetcher/inftable/inftable.cc:171:18: warning: unused variable ‘victim_addr’ [-Wunused-variable]
  171 |         uint64_t victim_addr = last_meta->second.correlated_addr;
      |                  ^~~~~~~~~~~
prefetcher/inftable/inftable.cc:167:12: warning: variable ‘matched’ set but not used [-Wunused-but-set-variable]
  167 |       bool matched = false;
      |            ^~~~~~~
prefetcher/inftable/inftable.cc:146:7: warning: unused variable ‘issued_by_metatable’ [-Wunused-variable]
  146 |   int issued_by_metatable = issue_metatable(metaTable, pc, lookup_key, pref_addr);
      |       ^~~~~~~~~~~~~~~~~~~
prefetcher/inftable/inftable.cc: In member function ‘void inftable::prefetcher_final_stats()’:
prefetcher/inftable/inftable.cc:236:76: warning: conversion from ‘uint64_t’ {aka ‘long unsigned int’} to ‘double’ may change value [-Wconversion]
  236 |   cout << "MT_hitrate " << (meta_table_lookups ? (double)meta_table_hits / meta_table_lookups : 0) << endl;
      |                                                                            ^~~~~~~~~~~~~~~~~~
prefetcher/inftable/inftable.cc:239:102: warning: conversion from ‘uint64_t’ {aka ‘long unsigned int’} to ‘double’ may change value [-Wconversion]
  239 |   cout << "MT_accuracy " << (meta_table_issued_prefetches ? (double)meta_table_accurate_prefetches / meta_table_issued_prefetches : 0) << endl;
      |                                                                                                      ^~~~~~~~~~~~~~~~~~~~~~~~~~~~
prefetcher/inftable/inftable.cc: In member function ‘bool inftableMetaTable::insert(uint64_t, const inftableMetaTableEntry&)’:
prefetcher/inftable/inftable.cc:257:12: warning: unused variable ‘index’ [-Wunused-variable]
  257 |   uint64_t index = key % this->num_sets;
      |            ^~~~~
prefetcher/inftable/inftable.cc:258:12: warning: unused variable ‘tag’ [-Wunused-variable]
  258 |   uint64_t tag = key / this->num_sets;
      |            ^~~
prefetcher/triangel/triangel.cc: In member function ‘uint32_t triangel::prefetcher_cache_operate(champsim::address, champsim::address, uint8_t, bool, access_type, uint32_t)’:
prefetcher/triangel/triangel.cc:82:26: warning: declaration of ‘TU_entry’ shadows a previous local [-Wshadow]
   82 |       TrainingUnitEntry* TU_entry = TU->find(SC_entry->train_pc);
      |                          ^~~~~~~~
prefetcher/triangel/triangel.cc:20:22: note: shadowed declaration is here
   20 |   TrainingUnitEntry* TU_entry = TU->get(pc);
      |                      ^~~~~~~~
prefetcher/triangel/triangel.cc:138:35: warning: declaration of ‘SC_entry’ shadows a previous local [-Wshadow]
  138 |         SecondChanceSamplerEntry* SC_entry = SC->get_victim(HS_entry->target_addr);
      |                                   ^~~~~~~~
prefetcher/triangel/triangel.cc:73:31: note: shadowed declaration is here
   73 |     SecondChanceSamplerEntry* SC_entry = SC->find(line_addr); /* 在 Second Chance Sampler 中查找当前地址对应的 Entry */
      |                               ^~~~~~~~
prefetcher/triangel/triangel.cc:145:30: warning: declaration of ‘TU_entry’ shadows a previous local [-Wshadow]
  145 |           TrainingUnitEntry* TU_entry = TU->find(SC_entry->train_pc);
      |                              ^~~~~~~~
prefetcher/triangel/triangel.cc:20:22: note: shadowed declaration is here
   20 |   TrainingUnitEntry* TU_entry = TU->get(pc);
      |                      ^~~~~~~~
prefetcher/triangel/triangel.cc:158:16: warning: implicitly-declared ‘constexpr SecondChanceSamplerEntry::SecondChanceSamplerEntry(const SecondChanceSamplerEntry&)’ is deprecated [-Wdeprecated-copy]
  158 |         SC->set(HS_entry->target_addr, new_SC_entry);
      |         ~~~~~~~^~~~~~~~~~~~~~~~~~~~~~~~~~~~~~~~~~~~~
In file included from prefetcher/triangel/triangel.cc:1:
prefetcher/triangel/triangel.h:669:29: note: because ‘SecondChanceSamplerEntry’ has user-provided ‘SecondChanceSamplerEntry& SecondChanceSamplerEntry::operator=(const SecondChanceSamplerEntry&)’
  669 |   SecondChanceSamplerEntry& operator=(const SecondChanceSamplerEntry& other)
      |                             ^~~~~~~~
prefetcher/triangel/triangel.h:519:28: note:   initializing argument 2 of ‘bool AssociativeCache<T>::set(uint64_t, T) [with T = SecondChanceSamplerEntry; uint64_t = long unsigned int]’
  519 |   bool set(uint64_t key, T value)
      |                          ~~^~~~~
prefetcher/triangel/triangel.cc:169:65: warning: conversion from ‘uint64_t’ {aka ‘long unsigned int’} to ‘int’ may change value [-Wconversion]
  169 |     else if (should_sample || RandomChance(TU_entry->reuse_conf.value, TU_entry->sample_rate.value)) {
      |                                            ~~~~~~~~~~~~~~~~~~~~~^~~~~
prefetcher/triangel/triangel.cc:169:94: warning: conversion from ‘uint64_t’ {aka ‘long unsigned int’} to ‘int’ may change value [-Wconversion]
  169 |     else if (should_sample || RandomChance(TU_entry->reuse_conf.value, TU_entry->sample_rate.value)) {
      |                                                                        ~~~~~~~~~~~~~~~~~~~~~~^~~~~
prefetcher/triangel/triangel.cc:171:12: warning: declaration of ‘HS_entry’ shadows a previous local [-Wshadow]
  171 |       auto HS_entry = HS->get_victim(TU_entry->last_addr0);
      |            ^~~~~~~~
prefetcher/triangel/triangel.cc:106:26: note: shadowed declaration is here
  106 |     HistorySamplerEntry* HS_entry = HS->find(TU_entry->last_addr0);
      |                          ^~~~~~~~
prefetcher/triangel/triangel.cc:209:14: warning: implicitly-declared ‘constexpr HistorySamplerEntry::HistorySamplerEntry(const HistorySamplerEntry&)’ is deprecated [-Wdeprecated-copy]
  209 |       HS->set(TU_entry->last_addr0, HS_new);
      |       ~~~~~~~^~~~~~~~~~~~~~~~~~~~~~~~~~~~~~
In file included from prefetcher/triangel/triangel.cc:1:
prefetcher/triangel/triangel.h:637:24: note: because ‘HistorySamplerEntry’ has user-provided ‘HistorySamplerEntry& HistorySamplerEntry::operator=(const HistorySamplerEntry&)’
  637 |   HistorySamplerEntry& operator=(const HistorySamplerEntry& other)
      |                        ^~~~~~~~
prefetcher/triangel/triangel.h:519:28: note:   initializing argument 2 of ‘bool AssociativeCache<T>::set(uint64_t, T) [with T = HistorySamplerEntry; uint64_t = long unsigned int]’
  519 |   bool set(uint64_t key, T value)
      |                          ~~^~~~~
prefetcher/triangel/triangel.cc:228:62: warning: conversion from ‘uint64_t’ {aka ‘long unsigned int’} to ‘double’ may change value [-Wconversion]
  228 |     if (target_size != (current_partition) && target_score > current_score * 1.25) {
      |                                                              ^~~~~~~~~~~~~
prefetcher/triangel/triangel.cc:228:47: warning: conversion from ‘uint64_t’ {aka ‘long unsigned int’} to ‘double’ may change value [-Wconversion]
  228 |     if (target_size != (current_partition) && target_score > current_score * 1.25) {
      |                                               ^~~~~~~~~~~~
prefetcher/triangel/triangel.cc:285:16: warning: unused variable ‘success’ [-Wunused-variable]
  285 |     const bool success = prefetch_line(prefetch_addr, true, 0);
      |                ^~~~~~~
prefetcher/prism/prism.h: In member function ‘void prism::update_main_metatable_size()’:
prefetcher/prism/prism.h:373:34: warning: conversion from ‘long int’ to ‘double’ may change value [-Wconversion]
  373 |       temp_llc_hit_rate = (1.0 * llc_hits / (llc_hits + llc_misses));
      |                                  ^~~~~~~~
prefetcher/prism/prism.h:373:55: warning: conversion from ‘long int’ to ‘double’ may change value [-Wconversion]
  373 |       temp_llc_hit_rate = (1.0 * llc_hits / (llc_hits + llc_misses));
      |                                             ~~~~~~~~~~^~~~~~~~~~~~~
prefetcher/prism/prism.h:373:43: warning: conversion from ‘double’ to ‘float’ may change value [-Wfloat-conversion]
  373 |       temp_llc_hit_rate = (1.0 * llc_hits / (llc_hits + llc_misses));
      |                           ~~~~~~~~~~~~~~~~^~~~~~~~~~~~~~~~~~~~~~~~~~
prefetcher/prism/prism.h:375:42: warning: conversion from ‘uint64_t’ {aka ‘long unsigned int’} to ‘double’ may change value [-Wconversion]
  375 |       temp_useful_prefetch_rate = (1.0 * resize_useful_prefetch / resize_issued_prefetch);
      |                                          ^~~~~~~~~~~~~~~~~~~~~~
prefetcher/prism/prism.h:375:67: warning: conversion from ‘uint64_t’ {aka ‘long unsigned int’} to ‘double’ may change value [-Wconversion]
  375 |       temp_useful_prefetch_rate = (1.0 * resize_useful_prefetch / resize_issued_prefetch);
      |                                                                   ^~~~~~~~~~~~~~~~~~~~~~
prefetcher/prism/prism.h:375:65: warning: conversion from ‘double’ to ‘float’ may change value [-Wfloat-conversion]
  375 |       temp_useful_prefetch_rate = (1.0 * resize_useful_prefetch / resize_issued_prefetch);
      |                                   ~~~~~~~~~~~~~~~~~~~~~~~~~~~~~~^~~~~~~~~~~~~~~~~~~~~~~~~
prefetcher/prism/prism.h:378:54: warning: conversion from ‘double’ to ‘float’ may change value [-Wfloat-conversion]
  378 |       temp_resize_score = K_AGGR * temp_llc_hit_rate - temp_useful_prefetch_rate;
      |                                                      ^
prefetcher/prism/prism.h:388:54: warning: conversion from ‘double’ to ‘float’ may change value [-Wfloat-conversion]
  388 |       temp_resize_score = K_CONS * temp_llc_hit_rate - temp_useful_prefetch_rate;
      |                                                      ^
prefetcher/prism/prism.cc: In member function ‘int prism::issue_mainMetatable(uint64_t, uint64_t, int)’:
prefetcher/prism/prism.cc:34:28: warning: ‘bool champsim::modules::prefetcher::prefetch_line(uint64_t, bool, uint32_t) const’ is deprecated [-Wdeprecated-declarations]
   34 |     success = prefetch_line({entry->target_addr << LOG2_BLOCK_SIZE}, true, 0);
      |               ~~~~~~~~~~~~~^~~~~~~~~~~~~~~~~~~~~~~~~~~~~~~~~~~~~~~~~~~~~~~~~~
In file included from /mnt/data/lyq/PRISM/inc/cache.h:50,
                 from prefetcher/prism/prism.h:16,
                 from prefetcher/prism/prism.cc:1:
/mnt/data/lyq/PRISM/inc/modules.h:105:23: note: declared here
  105 |   [[deprecated]] bool prefetch_line(uint64_t pf_addr, bool fill_this_level, uint32_t prefetch_metadata) const;
      |                       ^~~~~~~~~~~~~
prefetcher/prism/prism.cc: In member function ‘uint32_t prism::prefetcher_cache_operate(champsim::address, champsim::address, uint8_t, bool, access_type, uint32_t, std::string)’:
prefetcher/prism/prism.cc:229:61: warning: narrowing conversion of ‘cache_hit’ from ‘uint8_t’ {aka ‘unsigned char’} to ‘bool’ [-Wnarrowing]
  229 |     auto victim_pc_entry = pcTable->insert(pc, {block_addr, cache_hit});
      |                                                             ^~~~~~~~~
prefetcher/prism/prism.cc:243:14: error: ‘void victim_pc_meta_entry’ has incomplete type
  243 |         auto victim_pc_meta_entry = pcMetaTable->insert(pc_meta_table_key, {block_addr});
      |              ^~~~~~~~~~~~~~~~~~~~
In file included from prefetcher/baseline/baseline.h:16,
                 from prefetcher/baseline/baseline.cc:1:
/mnt/data/lyq/PRISM/inc/prism_framework.h: In instantiation of ‘LRUSetAssociativeCache<T>::LRUSetAssociativeCache(int, int, int) [with T = baselineMetaTableEntry]’:
prefetcher/baseline/baseline.h:49:88:   required from here
/mnt/data/lyq/PRISM/inc/prism_framework.h:254:54: warning: declaration of ‘debug_level’ shadows a member of ‘LRUSetAssociativeCache<baselineMetaTableEntry>’ [-Wshadow]
  254 |   LRUSetAssociativeCache(int size, int num_ways, int debug_level = 0) : Super(size, num_ways, debug_level), lru(this->num_sets, vector<uint64_t>(num_ways)) {}
      |                                                  ~~~~^~~~~~~~~~~~~~~
/mnt/data/lyq/PRISM/inc/prism_framework.h:157:7: note: shadowed declaration is here
  157 |   int debug_level = 0;
      |       ^~~~~~~~~~~
/mnt/data/lyq/PRISM/inc/prism_framework.h:254:40: warning: declaration of ‘num_ways’ shadows a member of ‘LRUSetAssociativeCache<baselineMetaTableEntry>’ [-Wshadow]
  254 |   LRUSetAssociativeCache(int size, int num_ways, int debug_level = 0) : Super(size, num_ways, debug_level), lru(this->num_sets, vector<uint64_t>(num_ways)) {}
      |                                    ~~~~^~~~~~~~
/mnt/data/lyq/PRISM/inc/prism_framework.h:152:7: note: shadowed declaration is here
  152 |   int num_ways;
      |       ^~~~~~~~
/mnt/data/lyq/PRISM/inc/prism_framework.h:254:30: warning: declaration of ‘size’ shadows a member of ‘LRUSetAssociativeCache<baselineMetaTableEntry>’ [-Wshadow]
  254 |   LRUSetAssociativeCache(int size, int num_ways, int debug_level = 0) : Super(size, num_ways, debug_level), lru(this->num_sets, vector<uint64_t>(num_ways)) {}
      |                          ~~~~^~~~
/mnt/data/lyq/PRISM/inc/prism_framework.h:151:7: note: shadowed declaration is here
  151 |   int size;
      |       ^~~~
prefetcher/prism/prism.cc:281:45: error: ‘struct MetaTableEntry’ has no member named ‘data’
  281 |         if (!pf_filter->find(pc_meta_entry->data.target_addr))
      |                                             ^~~~
prefetcher/prism/prism.cc:284:41: error: ‘struct MetaTableEntry’ has no member named ‘data’
  284 |           prefetch_line({pc_meta_entry->data.target_addr << LOG2_BLOCK_SIZE}, true, 0);
      |                                         ^~~~
/mnt/data/lyq/PRISM/inc/prism_framework.h:254:54: warning: declaration of ‘debug_level’ shadows a member of ‘LRUSetAssociativeCache<baselineMetaTableEntry>’ [-Wshadow]
  254 |   LRUSetAssociativeCache(int size, int num_ways, int debug_level = 0) : Super(size, num_ways, debug_level), lru(this->num_sets, vector<uint64_t>(num_ways)) {}
      |                                                  ~~~~^~~~~~~~~~~~~~~
/mnt/data/lyq/PRISM/inc/prism_framework.h:157:7: note: shadowed declaration is here
  157 |   int debug_level = 0;
      |       ^~~~~~~~~~~
/mnt/data/lyq/PRISM/inc/prism_framework.h:254:40: warning: declaration of ‘num_ways’ shadows a member of ‘LRUSetAssociativeCache<baselineMetaTableEntry>’ [-Wshadow]
  254 |   LRUSetAssociativeCache(int size, int num_ways, int debug_level = 0) : Super(size, num_ways, debug_level), lru(this->num_sets, vector<uint64_t>(num_ways)) {}
      |                                    ~~~~^~~~~~~~
/mnt/data/lyq/PRISM/inc/prism_framework.h:152:7: note: shadowed declaration is here
  152 |   int num_ways;
      |       ^~~~~~~~
/mnt/data/lyq/PRISM/inc/prism_framework.h:254:30: warning: declaration of ‘size’ shadows a member of ‘LRUSetAssociativeCache<baselineMetaTableEntry>’ [-Wshadow]
  254 |   LRUSetAssociativeCache(int size, int num_ways, int debug_level = 0) : Super(size, num_ways, debug_level), lru(this->num_sets, vector<uint64_t>(num_ways)) {}
      |                          ~~~~^~~~
prefetcher/prism/prism.cc:284:24: error: no matching function for call to ‘prism::prefetch_line(<brace-enclosed initializer list>, bool, int)’
  284 |           prefetch_line({pc_meta_entry->data.target_addr << LOG2_BLOCK_SIZE}, true, 0);
      |           ~~~~~~~~~~~~~^~~~~~~~~~~~~~~~~~~~~~~~~~~~~~~~~~~~~~~~~~~~~~~~~~~~~~~~~~~~~~~
/mnt/data/lyq/PRISM/inc/prism_framework.h:151:7: note: shadowed declaration is here
  151 |   int size;
      |       ^~~~
In file included from /mnt/data/lyq/PRISM/inc/cache.h:50,
                 from prefetcher/prism/prism.h:16,
                 from prefetcher/prism/prism.cc:1:
/mnt/data/lyq/PRISM/inc/modules.h:104:8: note: candidate: ‘bool champsim::modules::prefetcher::prefetch_line(champsim::address, bool, uint32_t, int*) const’
  104 |   bool prefetch_line(champsim::address pf_addr, bool fill_this_level, uint32_t prefetch_metadata, int* pq_index = nullptr) const;
      |        ^~~~~~~~~~~~~
/mnt/data/lyq/PRISM/inc/modules.h:104:40: note:   no known conversion for argument 1 from ‘<brace-enclosed initializer list>’ to ‘champsim::address’ {aka ‘champsim::address_slice<champsim::static_extent<(champsim::data::bits)64, (champsim::data::bits)0> >’}
  104 |   bool prefetch_line(champsim::address pf_addr, bool fill_this_level, uint32_t prefetch_metadata, int* pq_index = nullptr) const;
      |                      ~~~~~~~~~~~~~~~~~~^~~~~~~
/mnt/data/lyq/PRISM/inc/modules.h:105:23: note: candidate: ‘bool champsim::modules::prefetcher::prefetch_line(uint64_t, bool, uint32_t) const’
  105 |   [[deprecated]] bool prefetch_line(uint64_t pf_addr, bool fill_this_level, uint32_t prefetch_metadata) const;
      |                       ^~~~~~~~~~~~~
/mnt/data/lyq/PRISM/inc/modules.h:105:46: note:   no known conversion for argument 1 from ‘<brace-enclosed initializer list>’ to ‘uint64_t’ {aka ‘long unsigned int’}
  105 |   [[deprecated]] bool prefetch_line(uint64_t pf_addr, bool fill_this_level, uint32_t prefetch_metadata) const;
      |                                     ~~~~~~~~~^~~~~~~
prefetcher/prism/prism.cc:286:44: error: ‘struct MetaTableEntry’ has no member named ‘data’
  286 |           pf_filter->insert(pc_meta_entry->data.target_addr, 0);
      |                                            ^~~~
prefetcher/prism/prism.cc:288:55: error: ‘struct MetaTableEntry’ has no member named ‘data’
  288 |           PCM_issued_prefetches.insert(pc_meta_entry->data.target_addr);
      |                                                       ^~~~
/mnt/data/lyq/PRISM/inc/prism_framework.h:254:54: warning: declaration of ‘debug_level’ shadows a member of ‘LRUSetAssociativeCache<baselineMetaTableEntry>’ [-Wshadow]
  254 |   LRUSetAssociativeCache(int size, int num_ways, int debug_level = 0) : Super(size, num_ways, debug_level), lru(this->num_sets, vector<uint64_t>(num_ways)) {}
      |                                                  ~~~~^~~~~~~~~~~~~~~
/mnt/data/lyq/PRISM/inc/prism_framework.h:157:7: note: shadowed declaration is here
  157 |   int debug_level = 0;
      |       ^~~~~~~~~~~
/mnt/data/lyq/PRISM/inc/prism_framework.h:254:40: warning: declaration of ‘num_ways’ shadows a member of ‘LRUSetAssociativeCache<baselineMetaTableEntry>’ [-Wshadow]
  254 |   LRUSetAssociativeCache(int size, int num_ways, int debug_level = 0) : Super(size, num_ways, debug_level), lru(this->num_sets, vector<uint64_t>(num_ways)) {}
      |                                    ~~~~^~~~~~~~
/mnt/data/lyq/PRISM/inc/prism_framework.h:152:7: note: shadowed declaration is here
  152 |   int num_ways;
      |       ^~~~~~~~
/mnt/data/lyq/PRISM/inc/prism_framework.h:254:30: warning: declaration of ‘size’ shadows a member of ‘LRUSetAssociativeCache<baselineMetaTableEntry>’ [-Wshadow]
  254 |   LRUSetAssociativeCache(int size, int num_ways, int debug_level = 0) : Super(size, num_ways, debug_level), lru(this->num_sets, vector<uint64_t>(num_ways)) {}
      |                          ~~~~^~~~
/mnt/data/lyq/PRISM/inc/prism_framework.h:151:7: note: shadowed declaration is here
  151 |   int size;
      |       ^~~~
prefetcher/prism/prism.cc: In member function ‘void prism::prefetcher_final_stats()’:
prefetcher/prism/prism.cc:330:60: warning: conversion from ‘uint64_t’ {aka ‘long unsigned int’} to ‘double’ may change value [-Wconversion]
  330 |   cout << "MT_hitrate " << (MT_lookups ? (double)MT_hits / MT_lookups : 0) << endl;
      |                                                            ^~~~~~~~~~
prefetcher/prism/prism.cc:333:102: warning: conversion from ‘uint64_t’ {aka ‘long unsigned int’} to ‘double’ may change value [-Wconversion]
  333 |   cout << "MT_accuracy " << (main_table_issued_prefetches ? (double)main_table_accurate_prefetches / main_table_issued_prefetches : 0) << endl;
      |                                                                                                      ^~~~~~~~~~~~~~~~~~~~~~~~~~~~
/mnt/data/lyq/PRISM/inc/prism_framework.h: In instantiation of ‘LRUSetAssociativeCache<T>::LRUSetAssociativeCache(int, int, int) [with T = std::deque<long unsigned int>]’:
prefetcher/baseline/baseline.h:91:137:   required from here
/mnt/data/lyq/PRISM/inc/prism_framework.h:254:54: warning: declaration of ‘debug_level’ shadows a member of ‘LRUSetAssociativeCache<std::deque<long unsigned int> >’ [-Wshadow]
  254 |   LRUSetAssociativeCache(int size, int num_ways, int debug_level = 0) : Super(size, num_ways, debug_level), lru(this->num_sets, vector<uint64_t>(num_ways)) {}
      |                                                  ~~~~^~~~~~~~~~~~~~~
/mnt/data/lyq/PRISM/inc/prism_framework.h:157:7: note: shadowed declaration is here
  157 |   int debug_level = 0;
      |       ^~~~~~~~~~~
/mnt/data/lyq/PRISM/inc/prism_framework.h:254:40: warning: declaration of ‘num_ways’ shadows a member of ‘LRUSetAssociativeCache<std::deque<long unsigned int> >’ [-Wshadow]
  254 |   LRUSetAssociativeCache(int size, int num_ways, int debug_level = 0) : Super(size, num_ways, debug_level), lru(this->num_sets, vector<uint64_t>(num_ways)) {}
      |                                    ~~~~^~~~~~~~
/mnt/data/lyq/PRISM/inc/prism_framework.h:152:7: note: shadowed declaration is here
  152 |   int num_ways;
      |       ^~~~~~~~
/mnt/data/lyq/PRISM/inc/prism_framework.h:254:30: warning: declaration of ‘size’ shadows a member of ‘LRUSetAssociativeCache<std::deque<long unsigned int> >’ [-Wshadow]
  254 |   LRUSetAssociativeCache(int size, int num_ways, int debug_level = 0) : Super(size, num_ways, debug_level), lru(this->num_sets, vector<uint64_t>(num_ways)) {}
      |                          ~~~~^~~~
/mnt/data/lyq/PRISM/inc/prism_framework.h:151:7: note: shadowed declaration is here
  151 |   int size;
      |       ^~~~
prefetcher/prism/prism.cc:341:88: warning: conversion from ‘uint64_t’ {aka ‘long unsigned int’} to ‘double’ may change value [-Wconversion]
  341 |   cout << "PCM_accuracy " << (PCM_total_prefetches ? (double)PCM_accurate_prefetches / PCM_total_prefetches : 0) << endl;
      |                                                                                        ^~~~~~~~~~~~~~~~~~~~
/mnt/data/lyq/PRISM/inc/prism_framework.h:254:54: warning: declaration of ‘debug_level’ shadows a member of ‘LRUSetAssociativeCache<std::deque<long unsigned int> >’ [-Wshadow]
  254 |   LRUSetAssociativeCache(int size, int num_ways, int debug_level = 0) : Super(size, num_ways, debug_level), lru(this->num_sets, vector<uint64_t>(num_ways)) {}
      |                                                  ~~~~^~~~~~~~~~~~~~~
/mnt/data/lyq/PRISM/inc/prism_framework.h:157:7: note: shadowed declaration is here
  157 |   int debug_level = 0;
      |       ^~~~~~~~~~~
/mnt/data/lyq/PRISM/inc/prism_framework.h:254:40: warning: declaration of ‘num_ways’ shadows a member of ‘LRUSetAssociativeCache<std::deque<long unsigned int> >’ [-Wshadow]
  254 |   LRUSetAssociativeCache(int size, int num_ways, int debug_level = 0) : Super(size, num_ways, debug_level), lru(this->num_sets, vector<uint64_t>(num_ways)) {}
      |                                    ~~~~^~~~~~~~
/mnt/data/lyq/PRISM/inc/prism_framework.h:152:7: note: shadowed declaration is here
  152 |   int num_ways;
      |       ^~~~~~~~
/mnt/data/lyq/PRISM/inc/prism_framework.h:254:30: warning: declaration of ‘size’ shadows a member of ‘LRUSetAssociativeCache<std::deque<long unsigned int> >’ [-Wshadow]
  254 |   LRUSetAssociativeCache(int size, int num_ways, int debug_level = 0) : Super(size, num_ways, debug_level), lru(this->num_sets, vector<uint64_t>(num_ways)) {}
      |                          ~~~~^~~~
/mnt/data/lyq/PRISM/inc/prism_framework.h:151:7: note: shadowed declaration is here
  151 |   int size;
      |       ^~~~
/mnt/data/lyq/PRISM/inc/prism_framework.h:254:54: warning: declaration of ‘debug_level’ shadows a member of ‘LRUSetAssociativeCache<std::deque<long unsigned int> >’ [-Wshadow]
  254 |   LRUSetAssociativeCache(int size, int num_ways, int debug_level = 0) : Super(size, num_ways, debug_level), lru(this->num_sets, vector<uint64_t>(num_ways)) {}
      |                                                  ~~~~^~~~~~~~~~~~~~~
/mnt/data/lyq/PRISM/inc/prism_framework.h:157:7: note: shadowed declaration is here
  157 |   int debug_level = 0;
      |       ^~~~~~~~~~~
/mnt/data/lyq/PRISM/inc/prism_framework.h:254:40: warning: declaration of ‘num_ways’ shadows a member of ‘LRUSetAssociativeCache<std::deque<long unsigned int> >’ [-Wshadow]
  254 |   LRUSetAssociativeCache(int size, int num_ways, int debug_level = 0) : Super(size, num_ways, debug_level), lru(this->num_sets, vector<uint64_t>(num_ways)) {}
      |                                    ~~~~^~~~~~~~
/mnt/data/lyq/PRISM/inc/prism_framework.h:152:7: note: shadowed declaration is here
  152 |   int num_ways;
      |       ^~~~~~~~
prefetcher/prism/prism.cc:342:87: warning: conversion from ‘uint64_t’ {aka ‘long unsigned int’} to ‘double’ may change value [-Wconversion]
  342 |   cout << "PCM_laterate " << (PCM_accurate_prefetches ? (double)PCM_late_prefetches / PCM_accurate_prefetches : 0) << endl;
      |                                                                                       ^~~~~~~~~~~~~~~~~~~~~~~
/mnt/data/lyq/PRISM/inc/prism_framework.h:254:30: warning: declaration of ‘size’ shadows a member of ‘LRUSetAssociativeCache<std::deque<long unsigned int> >’ [-Wshadow]
  254 |   LRUSetAssociativeCache(int size, int num_ways, int debug_level = 0) : Super(size, num_ways, debug_level), lru(this->num_sets, vector<uint64_t>(num_ways)) {}
      |                          ~~~~^~~~
/mnt/data/lyq/PRISM/inc/prism_framework.h:151:7: note: shadowed declaration is here
  151 |   int size;
      |       ^~~~
In file included from prefetcher/prophet/prophet.h:16,
                 from prefetcher/prophet/prophet.cc:1:
/mnt/data/lyq/PRISM/inc/prism_framework.h: In instantiation of ‘LRUSetAssociativeCache<T>::LRUSetAssociativeCache(int, int, int) [with T = ProphetMetaTableEntry]’:
prefetcher/prophet/prophet.h:70:120:   required from here
/mnt/data/lyq/PRISM/inc/prism_framework.h:254:54: warning: declaration of ‘debug_level’ shadows a member of ‘LRUSetAssociativeCache<ProphetMetaTableEntry>’ [-Wshadow]
  254 |   LRUSetAssociativeCache(int size, int num_ways, int debug_level = 0) : Super(size, num_ways, debug_level), lru(this->num_sets, vector<uint64_t>(num_ways)) {}
      |                                                  ~~~~^~~~~~~~~~~~~~~
/mnt/data/lyq/PRISM/inc/prism_framework.h:157:7: note: shadowed declaration is here
  157 |   int debug_level = 0;
      |       ^~~~~~~~~~~
/mnt/data/lyq/PRISM/inc/prism_framework.h:254:40: warning: declaration of ‘num_ways’ shadows a member of ‘LRUSetAssociativeCache<ProphetMetaTableEntry>’ [-Wshadow]
  254 |   LRUSetAssociativeCache(int size, int num_ways, int debug_level = 0) : Super(size, num_ways, debug_level), lru(this->num_sets, vector<uint64_t>(num_ways)) {}
      |                                    ~~~~^~~~~~~~
/mnt/data/lyq/PRISM/inc/prism_framework.h:152:7: note: shadowed declaration is here
  152 |   int num_ways;
      |       ^~~~~~~~
/mnt/data/lyq/PRISM/inc/prism_framework.h:254:30: warning: declaration of ‘size’ shadows a member of ‘LRUSetAssociativeCache<ProphetMetaTableEntry>’ [-Wshadow]
  254 |   LRUSetAssociativeCache(int size, int num_ways, int debug_level = 0) : Super(size, num_ways, debug_level), lru(this->num_sets, vector<uint64_t>(num_ways)) {}
      |                          ~~~~^~~~
/mnt/data/lyq/PRISM/inc/prism_framework.h:151:7: note: shadowed declaration is here
  151 |   int size;
      |       ^~~~
/mnt/data/lyq/PRISM/inc/prism_framework.h:254:54: warning: declaration of ‘debug_level’ shadows a member of ‘LRUSetAssociativeCache<ProphetMetaTableEntry>’ [-Wshadow]
  254 |   LRUSetAssociativeCache(int size, int num_ways, int debug_level = 0) : Super(size, num_ways, debug_level), lru(this->num_sets, vector<uint64_t>(num_ways)) {}
      |                                                  ~~~~^~~~~~~~~~~~~~~
/mnt/data/lyq/PRISM/inc/prism_framework.h:157:7: note: shadowed declaration is here
  157 |   int debug_level = 0;
      |       ^~~~~~~~~~~
/mnt/data/lyq/PRISM/inc/prism_framework.h:254:40: warning: declaration of ‘num_ways’ shadows a member of ‘LRUSetAssociativeCache<ProphetMetaTableEntry>’ [-Wshadow]
  254 |   LRUSetAssociativeCache(int size, int num_ways, int debug_level = 0) : Super(size, num_ways, debug_level), lru(this->num_sets, vector<uint64_t>(num_ways)) {}
      |                                    ~~~~^~~~~~~~
/mnt/data/lyq/PRISM/inc/prism_framework.h:152:7: note: shadowed declaration is here
  152 |   int num_ways;
      |       ^~~~~~~~
/mnt/data/lyq/PRISM/inc/prism_framework.h:254:30: warning: declaration of ‘size’ shadows a member of ‘LRUSetAssociativeCache<ProphetMetaTableEntry>’ [-Wshadow]
  254 |   LRUSetAssociativeCache(int size, int num_ways, int debug_level = 0) : Super(size, num_ways, debug_level), lru(this->num_sets, vector<uint64_t>(num_ways)) {}
      |                          ~~~~^~~~
/mnt/data/lyq/PRISM/inc/prism_framework.h:151:7: note: shadowed declaration is here
  151 |   int size;
      |       ^~~~
/mnt/data/lyq/PRISM/inc/prism_framework.h:254:54: warning: declaration of ‘debug_level’ shadows a member of ‘LRUSetAssociativeCache<ProphetMetaTableEntry>’ [-Wshadow]
  254 |   LRUSetAssociativeCache(int size, int num_ways, int debug_level = 0) : Super(size, num_ways, debug_level), lru(this->num_sets, vector<uint64_t>(num_ways)) {}
      |                                                  ~~~~^~~~~~~~~~~~~~~
/mnt/data/lyq/PRISM/inc/prism_framework.h:157:7: note: shadowed declaration is here
  157 |   int debug_level = 0;
      |       ^~~~~~~~~~~
/mnt/data/lyq/PRISM/inc/prism_framework.h:254:40: warning: declaration of ‘num_ways’ shadows a member of ‘LRUSetAssociativeCache<ProphetMetaTableEntry>’ [-Wshadow]
  254 |   LRUSetAssociativeCache(int size, int num_ways, int debug_level = 0) : Super(size, num_ways, debug_level), lru(this->num_sets, vector<uint64_t>(num_ways)) {}
      |                                    ~~~~^~~~~~~~
/mnt/data/lyq/PRISM/inc/prism_framework.h:152:7: note: shadowed declaration is here
  152 |   int num_ways;
      |       ^~~~~~~~
/mnt/data/lyq/PRISM/inc/prism_framework.h:254:30: warning: declaration of ‘size’ shadows a member of ‘LRUSetAssociativeCache<ProphetMetaTableEntry>’ [-Wshadow]
  254 |   LRUSetAssociativeCache(int size, int num_ways, int debug_level = 0) : Super(size, num_ways, debug_level), lru(this->num_sets, vector<uint64_t>(num_ways)) {}
      |                          ~~~~^~~~
/mnt/data/lyq/PRISM/inc/prism_framework.h:151:7: note: shadowed declaration is here
  151 |   int size;
      |       ^~~~
In file included from prefetcher/croage/croage.cc:1:
prefetcher/croage/croage.h: In instantiation of ‘FIFOCache<T>::FIFOCache(int) [with T = KeyDetectEntry]’:
prefetcher/croage/croage.h:728:74:   required from here
prefetcher/croage/croage.h:224:17: warning: declaration of ‘capacity’ shadows a member of ‘FIFOCache<KeyDetectEntry>’ [-Wshadow]
  224 |   FIFOCache(int capacity)
      |             ~~~~^~~~~~~~
prefetcher/croage/croage.h:219:7: note: shadowed declaration is here
  219 |   int capacity;
      |       ^~~~~~~~
In file included from prefetcher/conftp/conftp.h:16,
                 from prefetcher/conftp/conftp.cc:1:
/mnt/data/lyq/PRISM/inc/prism_framework.h: In instantiation of ‘SetAssociativeCache<T>::SetAssociativeCache(int, int, int) [with T = conftpMetaTableEntry]’:
/mnt/data/lyq/PRISM/inc/prism_framework.h:254:155:   required from ‘LRUSetAssociativeCache<T>::LRUSetAssociativeCache(int, int, int) [with T = conftpMetaTableEntry]’
prefetcher/conftp/conftp.h:50:86:   required from here
/mnt/data/lyq/PRISM/inc/prism_framework.h:31:51: warning: declaration of ‘debug_level’ shadows a member of ‘SetAssociativeCache<conftpMetaTableEntry>’ [-Wshadow]
   31 |   SetAssociativeCache(int size, int num_ways, int debug_level = 0)
      |                                               ~~~~^~~~~~~~~~~~~~~
In file included from prefetcher/conftp/conftp.h:16,
                 from prefetcher/conftp/conftp.cc:1:
/mnt/data/lyq/PRISM/inc/prism_framework.h:157:7: note: shadowed declaration is here
  157 |   int debug_level = 0;
      |       ^~~~~~~~~~~
In file included from prefetcher/conftp/conftp.h:16,
                 from prefetcher/conftp/conftp.cc:1:
/mnt/data/lyq/PRISM/inc/prism_framework.h:31:37: warning: declaration of ‘num_ways’ shadows a member of ‘SetAssociativeCache<conftpMetaTableEntry>’ [-Wshadow]
   31 |   SetAssociativeCache(int size, int num_ways, int debug_level = 0)
      |                                 ~~~~^~~~~~~~
In file included from prefetcher/conftp/conftp.h:16,
                 from prefetcher/conftp/conftp.cc:1:
/mnt/data/lyq/PRISM/inc/prism_framework.h:152:7: note: shadowed declaration is here
  152 |   int num_ways;
      |       ^~~~~~~~
In file included from prefetcher/conftp/conftp.h:16,
                 from prefetcher/conftp/conftp.cc:1:
/mnt/data/lyq/PRISM/inc/prism_framework.h:31:27: warning: declaration of ‘size’ shadows a member of ‘SetAssociativeCache<conftpMetaTableEntry>’ [-Wshadow]
   31 |   SetAssociativeCache(int size, int num_ways, int debug_level = 0)
      |                       ~~~~^~~~
In file included from prefetcher/conftp/conftp.h:16,
                 from prefetcher/conftp/conftp.cc:1:
/mnt/data/lyq/PRISM/inc/prism_framework.h:151:7: note: shadowed declaration is here
  151 |   int size;
      |       ^~~~
prefetcher/croage/croage.h:224:17: warning: declaration of ‘capacity’ shadows a member of ‘FIFOCache<KeyDetectEntry>’ [-Wshadow]
  224 |   FIFOCache(int capacity)
      |             ~~~~^~~~~~~~
prefetcher/croage/croage.h:219:7: note: shadowed declaration is here
  219 |   int capacity;
      |       ^~~~~~~~
prefetcher/croage/croage.h:224:17: warning: declaration of ‘capacity’ shadows a member of ‘FIFOCache<KeyDetectEntry>’ [-Wshadow]
  224 |   FIFOCache(int capacity)
      |             ~~~~^~~~~~~~
prefetcher/croage/croage.h:219:7: note: shadowed declaration is here
  219 |   int capacity;
      |       ^~~~~~~~
In file included from prefetcher/conftp/conftp.h:16,
                 from prefetcher/conftp/conftp.cc:1:
/mnt/data/lyq/PRISM/inc/prism_framework.h:31:51: warning: declaration of ‘debug_level’ shadows a member of ‘SetAssociativeCache<conftpMetaTableEntry>’ [-Wshadow]
   31 |   SetAssociativeCache(int size, int num_ways, int debug_level = 0)
      |                                               ~~~~^~~~~~~~~~~~~~~
In file included from prefetcher/conftp/conftp.h:16,
                 from prefetcher/conftp/conftp.cc:1:
/mnt/data/lyq/PRISM/inc/prism_framework.h:157:7: note: shadowed declaration is here
  157 |   int debug_level = 0;
      |       ^~~~~~~~~~~
In file included from prefetcher/conftp/conftp.h:16,
                 from prefetcher/conftp/conftp.cc:1:
/mnt/data/lyq/PRISM/inc/prism_framework.h:31:37: warning: declaration of ‘num_ways’ shadows a member of ‘SetAssociativeCache<conftpMetaTableEntry>’ [-Wshadow]
   31 |   SetAssociativeCache(int size, int num_ways, int debug_level = 0)
      |                                 ~~~~^~~~~~~~
In file included from prefetcher/conftp/conftp.h:16,
                 from prefetcher/conftp/conftp.cc:1:
/mnt/data/lyq/PRISM/inc/prism_framework.h:152:7: note: shadowed declaration is here
  152 |   int num_ways;
      |       ^~~~~~~~
In file included from prefetcher/conftp/conftp.h:16,
                 from prefetcher/conftp/conftp.cc:1:
/mnt/data/lyq/PRISM/inc/prism_framework.h:31:27: warning: declaration of ‘size’ shadows a member of ‘SetAssociativeCache<conftpMetaTableEntry>’ [-Wshadow]
   31 |   SetAssociativeCache(int size, int num_ways, int debug_level = 0)
      |                       ~~~~^~~~
In file included from prefetcher/conftp/conftp.h:16,
                 from prefetcher/conftp/conftp.cc:1:
/mnt/data/lyq/PRISM/inc/prism_framework.h:151:7: note: shadowed declaration is here
  151 |   int size;
      |       ^~~~
In file included from prefetcher/conftp/conftp.h:16,
                 from prefetcher/conftp/conftp.cc:1:
/mnt/data/lyq/PRISM/inc/prism_framework.h:31:51: warning: declaration of ‘debug_level’ shadows a member of ‘SetAssociativeCache<conftpMetaTableEntry>’ [-Wshadow]
   31 |   SetAssociativeCache(int size, int num_ways, int debug_level = 0)
      |                                               ~~~~^~~~~~~~~~~~~~~
In file included from prefetcher/conftp/conftp.h:16,
                 from prefetcher/conftp/conftp.cc:1:
/mnt/data/lyq/PRISM/inc/prism_framework.h:157:7: note: shadowed declaration is here
  157 |   int debug_level = 0;
      |       ^~~~~~~~~~~
In file included from prefetcher/conftp/conftp.h:16,
                 from prefetcher/conftp/conftp.cc:1:
/mnt/data/lyq/PRISM/inc/prism_framework.h:31:37: warning: declaration of ‘num_ways’ shadows a member of ‘SetAssociativeCache<conftpMetaTableEntry>’ [-Wshadow]
   31 |   SetAssociativeCache(int size, int num_ways, int debug_level = 0)
      |                                 ~~~~^~~~~~~~
In file included from prefetcher/conftp/conftp.h:16,
                 from prefetcher/conftp/conftp.cc:1:
/mnt/data/lyq/PRISM/inc/prism_framework.h:152:7: note: shadowed declaration is here
  152 |   int num_ways;
      |       ^~~~~~~~
In file included from prefetcher/conftp/conftp.h:16,
                 from prefetcher/conftp/conftp.cc:1:
/mnt/data/lyq/PRISM/inc/prism_framework.h:31:27: warning: declaration of ‘size’ shadows a member of ‘SetAssociativeCache<conftpMetaTableEntry>’ [-Wshadow]
   31 |   SetAssociativeCache(int size, int num_ways, int debug_level = 0)
      |                       ~~~~^~~~
In file included from prefetcher/conftp/conftp.h:16,
                 from prefetcher/conftp/conftp.cc:1:
/mnt/data/lyq/PRISM/inc/prism_framework.h:151:7: note: shadowed declaration is here
  151 |   int size;
      |       ^~~~
/mnt/data/lyq/PRISM/inc/prism_framework.h: In instantiation of ‘LRUSetAssociativeCache<T>::LRUSetAssociativeCache(int, int, int) [with T = ProphetMRBTableEntry]’:
prefetcher/prophet/prophet.h:129:65:   required from here
/mnt/data/lyq/PRISM/inc/prism_framework.h:254:54: warning: declaration of ‘debug_level’ shadows a member of ‘LRUSetAssociativeCache<ProphetMRBTableEntry>’ [-Wshadow]
  254 |   LRUSetAssociativeCache(int size, int num_ways, int debug_level = 0) : Super(size, num_ways, debug_level), lru(this->num_sets, vector<uint64_t>(num_ways)) {}
      |                                                  ~~~~^~~~~~~~~~~~~~~
/mnt/data/lyq/PRISM/inc/prism_framework.h:157:7: note: shadowed declaration is here
  157 |   int debug_level = 0;
      |       ^~~~~~~~~~~
/mnt/data/lyq/PRISM/inc/prism_framework.h:254:40: warning: declaration of ‘num_ways’ shadows a member of ‘LRUSetAssociativeCache<ProphetMRBTableEntry>’ [-Wshadow]
  254 |   LRUSetAssociativeCache(int size, int num_ways, int debug_level = 0) : Super(size, num_ways, debug_level), lru(this->num_sets, vector<uint64_t>(num_ways)) {}
      |                                    ~~~~^~~~~~~~
/mnt/data/lyq/PRISM/inc/prism_framework.h:152:7: note: shadowed declaration is here
  152 |   int num_ways;
      |       ^~~~~~~~
/mnt/data/lyq/PRISM/inc/prism_framework.h:254:30: warning: declaration of ‘size’ shadows a member of ‘LRUSetAssociativeCache<ProphetMRBTableEntry>’ [-Wshadow]
  254 |   LRUSetAssociativeCache(int size, int num_ways, int debug_level = 0) : Super(size, num_ways, debug_level), lru(this->num_sets, vector<uint64_t>(num_ways)) {}
      |                          ~~~~^~~~
/mnt/data/lyq/PRISM/inc/prism_framework.h:151:7: note: shadowed declaration is here
  151 |   int size;
      |       ^~~~
/mnt/data/lyq/PRISM/inc/prism_framework.h:254:54: warning: declaration of ‘debug_level’ shadows a member of ‘LRUSetAssociativeCache<ProphetMRBTableEntry>’ [-Wshadow]
  254 |   LRUSetAssociativeCache(int size, int num_ways, int debug_level = 0) : Super(size, num_ways, debug_level), lru(this->num_sets, vector<uint64_t>(num_ways)) {}
      |                                                  ~~~~^~~~~~~~~~~~~~~
/mnt/data/lyq/PRISM/inc/prism_framework.h:157:7: note: shadowed declaration is here
  157 |   int debug_level = 0;
      |       ^~~~~~~~~~~
/mnt/data/lyq/PRISM/inc/prism_framework.h:254:40: warning: declaration of ‘num_ways’ shadows a member of ‘LRUSetAssociativeCache<ProphetMRBTableEntry>’ [-Wshadow]
  254 |   LRUSetAssociativeCache(int size, int num_ways, int debug_level = 0) : Super(size, num_ways, debug_level), lru(this->num_sets, vector<uint64_t>(num_ways)) {}
      |                                    ~~~~^~~~~~~~
/mnt/data/lyq/PRISM/inc/prism_framework.h:152:7: note: shadowed declaration is here
  152 |   int num_ways;
      |       ^~~~~~~~
/mnt/data/lyq/PRISM/inc/prism_framework.h:254:30: warning: declaration of ‘size’ shadows a member of ‘LRUSetAssociativeCache<ProphetMRBTableEntry>’ [-Wshadow]
  254 |   LRUSetAssociativeCache(int size, int num_ways, int debug_level = 0) : Super(size, num_ways, debug_level), lru(this->num_sets, vector<uint64_t>(num_ways)) {}
      |                          ~~~~^~~~
/mnt/data/lyq/PRISM/inc/prism_framework.h:151:7: note: shadowed declaration is here
  151 |   int size;
      |       ^~~~
/mnt/data/lyq/PRISM/inc/prism_framework.h:254:54: warning: declaration of ‘debug_level’ shadows a member of ‘LRUSetAssociativeCache<ProphetMRBTableEntry>’ [-Wshadow]
  254 |   LRUSetAssociativeCache(int size, int num_ways, int debug_level = 0) : Super(size, num_ways, debug_level), lru(this->num_sets, vector<uint64_t>(num_ways)) {}
      |                                                  ~~~~^~~~~~~~~~~~~~~
/mnt/data/lyq/PRISM/inc/prism_framework.h:157:7: note: shadowed declaration is here
  157 |   int debug_level = 0;
      |       ^~~~~~~~~~~
/mnt/data/lyq/PRISM/inc/prism_framework.h:254:40: warning: declaration of ‘num_ways’ shadows a member of ‘LRUSetAssociativeCache<ProphetMRBTableEntry>’ [-Wshadow]
  254 |   LRUSetAssociativeCache(int size, int num_ways, int debug_level = 0) : Super(size, num_ways, debug_level), lru(this->num_sets, vector<uint64_t>(num_ways)) {}
      |                                    ~~~~^~~~~~~~
/mnt/data/lyq/PRISM/inc/prism_framework.h:152:7: note: shadowed declaration is here
  152 |   int num_ways;
      |       ^~~~~~~~
/mnt/data/lyq/PRISM/inc/prism_framework.h:254:30: warning: declaration of ‘size’ shadows a member of ‘LRUSetAssociativeCache<ProphetMRBTableEntry>’ [-Wshadow]
  254 |   LRUSetAssociativeCache(int size, int num_ways, int debug_level = 0) : Super(size, num_ways, debug_level), lru(this->num_sets, vector<uint64_t>(num_ways)) {}
      |                          ~~~~^~~~
/mnt/data/lyq/PRISM/inc/prism_framework.h:151:7: note: shadowed declaration is here
  151 |   int size;
      |       ^~~~
In file included from prefetcher/infpctable/infpctable.h:16,
                 from prefetcher/infpctable/infpctable.cc:1:
/mnt/data/lyq/PRISM/inc/prism_framework.h: In instantiation of ‘SetAssociativeCache<T>::SetAssociativeCache(int, int, int) [with T = infpctableMetaTableEntry]’:
/mnt/data/lyq/PRISM/inc/prism_framework.h:254:155:   required from ‘LRUSetAssociativeCache<T>::LRUSetAssociativeCache(int, int, int) [with T = infpctableMetaTableEntry]’
prefetcher/infpctable/infpctable.h:49:90:   required from here
/mnt/data/lyq/PRISM/inc/prism_framework.h:31:51: warning: declaration of ‘debug_level’ shadows a member of ‘SetAssociativeCache<infpctableMetaTableEntry>’ [-Wshadow]
   31 |   SetAssociativeCache(int size, int num_ways, int debug_level = 0)
      |                                               ~~~~^~~~~~~~~~~~~~~
In file included from prefetcher/infpctable/infpctable.h:16,
                 from prefetcher/infpctable/infpctable.cc:1:
/mnt/data/lyq/PRISM/inc/prism_framework.h:157:7: note: shadowed declaration is here
  157 |   int debug_level = 0;
      |       ^~~~~~~~~~~
In file included from prefetcher/infpctable/infpctable.h:16,
                 from prefetcher/infpctable/infpctable.cc:1:
/mnt/data/lyq/PRISM/inc/prism_framework.h:31:37: warning: declaration of ‘num_ways’ shadows a member of ‘SetAssociativeCache<infpctableMetaTableEntry>’ [-Wshadow]
   31 |   SetAssociativeCache(int size, int num_ways, int debug_level = 0)
      |                                 ~~~~^~~~~~~~
In file included from prefetcher/infpctable/infpctable.h:16,
                 from prefetcher/infpctable/infpctable.cc:1:
/mnt/data/lyq/PRISM/inc/prism_framework.h:152:7: note: shadowed declaration is here
  152 |   int num_ways;
      |       ^~~~~~~~
In file included from prefetcher/infpctable/infpctable.h:16,
                 from prefetcher/infpctable/infpctable.cc:1:
/mnt/data/lyq/PRISM/inc/prism_framework.h:31:27: warning: declaration of ‘size’ shadows a member of ‘SetAssociativeCache<infpctableMetaTableEntry>’ [-Wshadow]
   31 |   SetAssociativeCache(int size, int num_ways, int debug_level = 0)
      |                       ~~~~^~~~
In file included from prefetcher/infpctable/infpctable.h:16,
                 from prefetcher/infpctable/infpctable.cc:1:
/mnt/data/lyq/PRISM/inc/prism_framework.h:151:7: note: shadowed declaration is here
  151 |   int size;
      |       ^~~~
In file included from prefetcher/conftp/conftp.h:16,
                 from prefetcher/conftp/conftp.cc:1:
/mnt/data/lyq/PRISM/inc/prism_framework.h: In instantiation of ‘SetAssociativeCache<T>::SetAssociativeCache(int, int, int) [with T = std::deque<long unsigned int>]’:
/mnt/data/lyq/PRISM/inc/prism_framework.h:254:155:   required from ‘LRUSetAssociativeCache<T>::LRUSetAssociativeCache(int, int, int) [with T = std::deque<long unsigned int>]’
prefetcher/conftp/conftp.h:94:137:   required from here
/mnt/data/lyq/PRISM/inc/prism_framework.h:31:51: warning: declaration of ‘debug_level’ shadows a member of ‘SetAssociativeCache<std::deque<long unsigned int> >’ [-Wshadow]
   31 |   SetAssociativeCache(int size, int num_ways, int debug_level = 0)
      |                                               ~~~~^~~~~~~~~~~~~~~
In file included from prefetcher/conftp/conftp.h:16,
                 from prefetcher/conftp/conftp.cc:1:
/mnt/data/lyq/PRISM/inc/prism_framework.h:157:7: note: shadowed declaration is here
  157 |   int debug_level = 0;
      |       ^~~~~~~~~~~
In file included from prefetcher/conftp/conftp.h:16,
                 from prefetcher/conftp/conftp.cc:1:
/mnt/data/lyq/PRISM/inc/prism_framework.h:31:37: warning: declaration of ‘num_ways’ shadows a member of ‘SetAssociativeCache<std::deque<long unsigned int> >’ [-Wshadow]
   31 |   SetAssociativeCache(int size, int num_ways, int debug_level = 0)
      |                                 ~~~~^~~~~~~~
In file included from prefetcher/conftp/conftp.h:16,
                 from prefetcher/conftp/conftp.cc:1:
/mnt/data/lyq/PRISM/inc/prism_framework.h:152:7: note: shadowed declaration is here
  152 |   int num_ways;
      |       ^~~~~~~~
In file included from prefetcher/conftp/conftp.h:16,
                 from prefetcher/conftp/conftp.cc:1:
/mnt/data/lyq/PRISM/inc/prism_framework.h:31:27: warning: declaration of ‘size’ shadows a member of ‘SetAssociativeCache<std::deque<long unsigned int> >’ [-Wshadow]
   31 |   SetAssociativeCache(int size, int num_ways, int debug_level = 0)
      |                       ~~~~^~~~
In file included from prefetcher/conftp/conftp.h:16,
                 from prefetcher/conftp/conftp.cc:1:
/mnt/data/lyq/PRISM/inc/prism_framework.h:151:7: note: shadowed declaration is here
  151 |   int size;
      |       ^~~~
In file included from prefetcher/resize_kr/resize_kr.h:16,
                 from prefetcher/resize_kr/resize_kr.cc:1:
/mnt/data/lyq/PRISM/inc/prism_framework.h: In instantiation of ‘SRRIPSetAssociativeCache<T>::SRRIPSetAssociativeCache(int, int, int) [with T = resize_krMetaTableEntry]’:
prefetcher/resize_kr/resize_kr.h:50:89:   required from here
/mnt/data/lyq/PRISM/inc/prism_framework.h:422:56: warning: declaration of ‘debug_level’ shadows a member of ‘SRRIPSetAssociativeCache<resize_krMetaTableEntry>’ [-Wshadow]
  422 |   SRRIPSetAssociativeCache(int size, int num_ways, int debug_level = 0) : Super(size, num_ways, debug_level), rrpv(this->num_sets, vector<uint64_t>(num_ways))
      |                                                    ~~~~^~~~~~~~~~~~~~~
/mnt/data/lyq/PRISM/inc/prism_framework.h:157:7: note: shadowed declaration is here
  157 |   int debug_level = 0;
      |       ^~~~~~~~~~~
/mnt/data/lyq/PRISM/inc/prism_framework.h:422:42: warning: declaration of ‘num_ways’ shadows a member of ‘SRRIPSetAssociativeCache<resize_krMetaTableEntry>’ [-Wshadow]
  422 |   SRRIPSetAssociativeCache(int size, int num_ways, int debug_level = 0) : Super(size, num_ways, debug_level), rrpv(this->num_sets, vector<uint64_t>(num_ways))
      |                                      ~~~~^~~~~~~~
/mnt/data/lyq/PRISM/inc/prism_framework.h:152:7: note: shadowed declaration is here
  152 |   int num_ways;
      |       ^~~~~~~~
/mnt/data/lyq/PRISM/inc/prism_framework.h:422:32: warning: declaration of ‘size’ shadows a member of ‘SRRIPSetAssociativeCache<resize_krMetaTableEntry>’ [-Wshadow]
  422 |   SRRIPSetAssociativeCache(int size, int num_ways, int debug_level = 0) : Super(size, num_ways, debug_level), rrpv(this->num_sets, vector<uint64_t>(num_ways))
      |                            ~~~~^~~~
/mnt/data/lyq/PRISM/inc/prism_framework.h:151:7: note: shadowed declaration is here
  151 |   int size;
      |       ^~~~
In file included from prefetcher/infpctable/infpctable.h:16,
                 from prefetcher/infpctable/infpctable.cc:1:
/mnt/data/lyq/PRISM/inc/prism_framework.h:31:51: warning: declaration of ‘debug_level’ shadows a member of ‘SetAssociativeCache<infpctableMetaTableEntry>’ [-Wshadow]
   31 |   SetAssociativeCache(int size, int num_ways, int debug_level = 0)
      |                                               ~~~~^~~~~~~~~~~~~~~
In file included from prefetcher/infpctable/infpctable.h:16,
                 from prefetcher/infpctable/infpctable.cc:1:
/mnt/data/lyq/PRISM/inc/prism_framework.h:157:7: note: shadowed declaration is here
  157 |   int debug_level = 0;
      |       ^~~~~~~~~~~
In file included from prefetcher/infpctable/infpctable.h:16,
                 from prefetcher/infpctable/infpctable.cc:1:
/mnt/data/lyq/PRISM/inc/prism_framework.h:31:37: warning: declaration of ‘num_ways’ shadows a member of ‘SetAssociativeCache<infpctableMetaTableEntry>’ [-Wshadow]
   31 |   SetAssociativeCache(int size, int num_ways, int debug_level = 0)
      |                                 ~~~~^~~~~~~~
In file included from prefetcher/infpctable/infpctable.h:16,
                 from prefetcher/infpctable/infpctable.cc:1:
/mnt/data/lyq/PRISM/inc/prism_framework.h:152:7: note: shadowed declaration is here
  152 |   int num_ways;
      |       ^~~~~~~~
In file included from prefetcher/conftp/conftp.h:16,
                 from prefetcher/conftp/conftp.cc:1:
/mnt/data/lyq/PRISM/inc/prism_framework.h:31:51: warning: declaration of ‘debug_level’ shadows a member of ‘SetAssociativeCache<std::deque<long unsigned int> >’ [-Wshadow]
   31 |   SetAssociativeCache(int size, int num_ways, int debug_level = 0)
      |                                               ~~~~^~~~~~~~~~~~~~~
/mnt/data/lyq/PRISM/inc/prism_framework.h: In instantiation of ‘LRUSetAssociativeCache<T>::LRUSetAssociativeCache(int, int, int) [with T = long unsigned int]’:
prefetcher/prophet/prophet.h:244:113:   required from here
/mnt/data/lyq/PRISM/inc/prism_framework.h:254:54: warning: declaration of ‘debug_level’ shadows a member of ‘LRUSetAssociativeCache<long unsigned int>’ [-Wshadow]
  254 |   LRUSetAssociativeCache(int size, int num_ways, int debug_level = 0) : Super(size, num_ways, debug_level), lru(this->num_sets, vector<uint64_t>(num_ways)) {}
      |                                                  ~~~~^~~~~~~~~~~~~~~
In file included from prefetcher/infpctable/infpctable.h:16,
                 from prefetcher/infpctable/infpctable.cc:1:
/mnt/data/lyq/PRISM/inc/prism_framework.h:31:27: warning: declaration of ‘size’ shadows a member of ‘SetAssociativeCache<infpctableMetaTableEntry>’ [-Wshadow]
   31 |   SetAssociativeCache(int size, int num_ways, int debug_level = 0)
      |                       ~~~~^~~~
In file included from prefetcher/conftp/conftp.h:16,
                 from prefetcher/conftp/conftp.cc:1:
/mnt/data/lyq/PRISM/inc/prism_framework.h:157:7: note: shadowed declaration is here
  157 |   int debug_level = 0;
      |       ^~~~~~~~~~~
/mnt/data/lyq/PRISM/inc/prism_framework.h:157:7: note: shadowed declaration is here
  157 |   int debug_level = 0;
      |       ^~~~~~~~~~~
In file included from prefetcher/infpctable/infpctable.h:16,
                 from prefetcher/infpctable/infpctable.cc:1:
/mnt/data/lyq/PRISM/inc/prism_framework.h:151:7: note: shadowed declaration is here
  151 |   int size;
      |       ^~~~
In file included from prefetcher/conftp/conftp.h:16,
                 from prefetcher/conftp/conftp.cc:1:
/mnt/data/lyq/PRISM/inc/prism_framework.h:31:37: warning: declaration of ‘num_ways’ shadows a member of ‘SetAssociativeCache<std::deque<long unsigned int> >’ [-Wshadow]
   31 |   SetAssociativeCache(int size, int num_ways, int debug_level = 0)
      |                                 ~~~~^~~~~~~~
/mnt/data/lyq/PRISM/inc/prism_framework.h:254:40: warning: declaration of ‘num_ways’ shadows a member of ‘LRUSetAssociativeCache<long unsigned int>’ [-Wshadow]
  254 |   LRUSetAssociativeCache(int size, int num_ways, int debug_level = 0) : Super(size, num_ways, debug_level), lru(this->num_sets, vector<uint64_t>(num_ways)) {}
      |                                    ~~~~^~~~~~~~
In file included from prefetcher/conftp/conftp.h:16,
                 from prefetcher/conftp/conftp.cc:1:
/mnt/data/lyq/PRISM/inc/prism_framework.h:152:7: note: shadowed declaration is here
  152 |   int num_ways;
      |       ^~~~~~~~
/mnt/data/lyq/PRISM/inc/prism_framework.h:152:7: note: shadowed declaration is here
  152 |   int num_ways;
      |       ^~~~~~~~
In file included from prefetcher/conftp/conftp.h:16,
                 from prefetcher/conftp/conftp.cc:1:
/mnt/data/lyq/PRISM/inc/prism_framework.h:31:27: warning: declaration of ‘size’ shadows a member of ‘SetAssociativeCache<std::deque<long unsigned int> >’ [-Wshadow]
   31 |   SetAssociativeCache(int size, int num_ways, int debug_level = 0)
      |                       ~~~~^~~~
/mnt/data/lyq/PRISM/inc/prism_framework.h:254:30: warning: declaration of ‘size’ shadows a member of ‘LRUSetAssociativeCache<long unsigned int>’ [-Wshadow]
  254 |   LRUSetAssociativeCache(int size, int num_ways, int debug_level = 0) : Super(size, num_ways, debug_level), lru(this->num_sets, vector<uint64_t>(num_ways)) {}
      |                          ~~~~^~~~
/mnt/data/lyq/PRISM/inc/prism_framework.h:151:7: note: shadowed declaration is here
  151 |   int size;
      |       ^~~~
In file included from prefetcher/conftp/conftp.h:16,
                 from prefetcher/conftp/conftp.cc:1:
/mnt/data/lyq/PRISM/inc/prism_framework.h:151:7: note: shadowed declaration is here
  151 |   int size;
      |       ^~~~
/mnt/data/lyq/PRISM/inc/prism_framework.h:422:56: warning: declaration of ‘debug_level’ shadows a member of ‘SRRIPSetAssociativeCache<resize_krMetaTableEntry>’ [-Wshadow]
  422 |   SRRIPSetAssociativeCache(int size, int num_ways, int debug_level = 0) : Super(size, num_ways, debug_level), rrpv(this->num_sets, vector<uint64_t>(num_ways))
      |                                                    ~~~~^~~~~~~~~~~~~~~
/mnt/data/lyq/PRISM/inc/prism_framework.h:157:7: note: shadowed declaration is here
  157 |   int debug_level = 0;
      |       ^~~~~~~~~~~
/mnt/data/lyq/PRISM/inc/prism_framework.h:422:42: warning: declaration of ‘num_ways’ shadows a member of ‘SRRIPSetAssociativeCache<resize_krMetaTableEntry>’ [-Wshadow]
  422 |   SRRIPSetAssociativeCache(int size, int num_ways, int debug_level = 0) : Super(size, num_ways, debug_level), rrpv(this->num_sets, vector<uint64_t>(num_ways))
      |                                      ~~~~^~~~~~~~
/mnt/data/lyq/PRISM/inc/prism_framework.h:152:7: note: shadowed declaration is here
  152 |   int num_ways;
      |       ^~~~~~~~
/mnt/data/lyq/PRISM/inc/prism_framework.h:422:32: warning: declaration of ‘size’ shadows a member of ‘SRRIPSetAssociativeCache<resize_krMetaTableEntry>’ [-Wshadow]
  422 |   SRRIPSetAssociativeCache(int size, int num_ways, int debug_level = 0) : Super(size, num_ways, debug_level), rrpv(this->num_sets, vector<uint64_t>(num_ways))
      |                            ~~~~^~~~
/mnt/data/lyq/PRISM/inc/prism_framework.h:151:7: note: shadowed declaration is here
  151 |   int size;
      |       ^~~~
In file included from prefetcher/infpctable/infpctable.h:16,
                 from prefetcher/infpctable/infpctable.cc:1:
/mnt/data/lyq/PRISM/inc/prism_framework.h:31:51: warning: declaration of ‘debug_level’ shadows a member of ‘SetAssociativeCache<infpctableMetaTableEntry>’ [-Wshadow]
   31 |   SetAssociativeCache(int size, int num_ways, int debug_level = 0)
      |                                               ~~~~^~~~~~~~~~~~~~~
In file included from prefetcher/infpctable/infpctable.h:16,
                 from prefetcher/infpctable/infpctable.cc:1:
/mnt/data/lyq/PRISM/inc/prism_framework.h:157:7: note: shadowed declaration is here
  157 |   int debug_level = 0;
      |       ^~~~~~~~~~~
In file included from prefetcher/conftp/conftp.h:16,
                 from prefetcher/conftp/conftp.cc:1:
/mnt/data/lyq/PRISM/inc/prism_framework.h:31:51: warning: declaration of ‘debug_level’ shadows a member of ‘SetAssociativeCache<std::deque<long unsigned int> >’ [-Wshadow]
   31 |   SetAssociativeCache(int size, int num_ways, int debug_level = 0)
      |                                               ~~~~^~~~~~~~~~~~~~~
In file included from prefetcher/infpctable/infpctable.h:16,
                 from prefetcher/infpctable/infpctable.cc:1:
/mnt/data/lyq/PRISM/inc/prism_framework.h:31:37: warning: declaration of ‘num_ways’ shadows a member of ‘SetAssociativeCache<infpctableMetaTableEntry>’ [-Wshadow]
   31 |   SetAssociativeCache(int size, int num_ways, int debug_level = 0)
      |                                 ~~~~^~~~~~~~
/mnt/data/lyq/PRISM/inc/prism_framework.h:422:56: warning: declaration of ‘debug_level’ shadows a member of ‘SRRIPSetAssociativeCache<resize_krMetaTableEntry>’ [-Wshadow]
  422 |   SRRIPSetAssociativeCache(int size, int num_ways, int debug_level = 0) : Super(size, num_ways, debug_level), rrpv(this->num_sets, vector<uint64_t>(num_ways))
      |                                                    ~~~~^~~~~~~~~~~~~~~
In file included from prefetcher/conftp/conftp.h:16,
                 from prefetcher/conftp/conftp.cc:1:
/mnt/data/lyq/PRISM/inc/prism_framework.h:157:7: note: shadowed declaration is here
  157 |   int debug_level = 0;
      |       ^~~~~~~~~~~
In file included from prefetcher/infpctable/infpctable.h:16,
                 from prefetcher/infpctable/infpctable.cc:1:
/mnt/data/lyq/PRISM/inc/prism_framework.h:152:7: note: shadowed declaration is here
  152 |   int num_ways;
      |       ^~~~~~~~
/mnt/data/lyq/PRISM/inc/prism_framework.h:157:7: note: shadowed declaration is here
  157 |   int debug_level = 0;
      |       ^~~~~~~~~~~
In file included from prefetcher/conftp/conftp.h:16,
                 from prefetcher/conftp/conftp.cc:1:
/mnt/data/lyq/PRISM/inc/prism_framework.h:31:37: warning: declaration of ‘num_ways’ shadows a member of ‘SetAssociativeCache<std::deque<long unsigned int> >’ [-Wshadow]
   31 |   SetAssociativeCache(int size, int num_ways, int debug_level = 0)
      |                                 ~~~~^~~~~~~~
In file included from prefetcher/infpctable/infpctable.h:16,
                 from prefetcher/infpctable/infpctable.cc:1:
/mnt/data/lyq/PRISM/inc/prism_framework.h:31:27: warning: declaration of ‘size’ shadows a member of ‘SetAssociativeCache<infpctableMetaTableEntry>’ [-Wshadow]
   31 |   SetAssociativeCache(int size, int num_ways, int debug_level = 0)
      |                       ~~~~^~~~
/mnt/data/lyq/PRISM/inc/prism_framework.h:422:42: warning: declaration of ‘num_ways’ shadows a member of ‘SRRIPSetAssociativeCache<resize_krMetaTableEntry>’ [-Wshadow]
  422 |   SRRIPSetAssociativeCache(int size, int num_ways, int debug_level = 0) : Super(size, num_ways, debug_level), rrpv(this->num_sets, vector<uint64_t>(num_ways))
      |                                      ~~~~^~~~~~~~
In file included from prefetcher/conftp/conftp.h:16,
                 from prefetcher/conftp/conftp.cc:1:
/mnt/data/lyq/PRISM/inc/prism_framework.h:152:7: note: shadowed declaration is here
  152 |   int num_ways;
      |       ^~~~~~~~
In file included from prefetcher/infpctable/infpctable.h:16,
                 from prefetcher/infpctable/infpctable.cc:1:
/mnt/data/lyq/PRISM/inc/prism_framework.h:151:7: note: shadowed declaration is here
  151 |   int size;
      |       ^~~~
/mnt/data/lyq/PRISM/inc/prism_framework.h:152:7: note: shadowed declaration is here
  152 |   int num_ways;
      |       ^~~~~~~~
In file included from prefetcher/conftp/conftp.h:16,
                 from prefetcher/conftp/conftp.cc:1:
/mnt/data/lyq/PRISM/inc/prism_framework.h:31:27: warning: declaration of ‘size’ shadows a member of ‘SetAssociativeCache<std::deque<long unsigned int> >’ [-Wshadow]
   31 |   SetAssociativeCache(int size, int num_ways, int debug_level = 0)
      |                       ~~~~^~~~
/mnt/data/lyq/PRISM/inc/prism_framework.h:422:32: warning: declaration of ‘size’ shadows a member of ‘SRRIPSetAssociativeCache<resize_krMetaTableEntry>’ [-Wshadow]
  422 |   SRRIPSetAssociativeCache(int size, int num_ways, int debug_level = 0) : Super(size, num_ways, debug_level), rrpv(this->num_sets, vector<uint64_t>(num_ways))
      |                            ~~~~^~~~
In file included from prefetcher/conftp/conftp.h:16,
                 from prefetcher/conftp/conftp.cc:1:
/mnt/data/lyq/PRISM/inc/prism_framework.h:151:7: note: shadowed declaration is here
  151 |   int size;
      |       ^~~~
/mnt/data/lyq/PRISM/inc/prism_framework.h:151:7: note: shadowed declaration is here
  151 |   int size;
      |       ^~~~
/mnt/data/lyq/PRISM/inc/prism_framework.h:254:54: warning: declaration of ‘debug_level’ shadows a member of ‘LRUSetAssociativeCache<long unsigned int>’ [-Wshadow]
  254 |   LRUSetAssociativeCache(int size, int num_ways, int debug_level = 0) : Super(size, num_ways, debug_level), lru(this->num_sets, vector<uint64_t>(num_ways)) {}
      |                                                  ~~~~^~~~~~~~~~~~~~~
/mnt/data/lyq/PRISM/inc/prism_framework.h:157:7: note: shadowed declaration is here
  157 |   int debug_level = 0;
      |       ^~~~~~~~~~~
/mnt/data/lyq/PRISM/inc/prism_framework.h:254:40: warning: declaration of ‘num_ways’ shadows a member of ‘LRUSetAssociativeCache<long unsigned int>’ [-Wshadow]
  254 |   LRUSetAssociativeCache(int size, int num_ways, int debug_level = 0) : Super(size, num_ways, debug_level), lru(this->num_sets, vector<uint64_t>(num_ways)) {}
      |                                    ~~~~^~~~~~~~
/mnt/data/lyq/PRISM/inc/prism_framework.h:152:7: note: shadowed declaration is here
  152 |   int num_ways;
      |       ^~~~~~~~
/mnt/data/lyq/PRISM/inc/prism_framework.h:254:30: warning: declaration of ‘size’ shadows a member of ‘LRUSetAssociativeCache<long unsigned int>’ [-Wshadow]
  254 |   LRUSetAssociativeCache(int size, int num_ways, int debug_level = 0) : Super(size, num_ways, debug_level), lru(this->num_sets, vector<uint64_t>(num_ways)) {}
      |                          ~~~~^~~~
/mnt/data/lyq/PRISM/inc/prism_framework.h:151:7: note: shadowed declaration is here
  151 |   int size;
      |       ^~~~
In file included from prefetcher/conftp/conftp.h:16,
                 from prefetcher/conftp/conftp.cc:1:
/mnt/data/lyq/PRISM/inc/prism_framework.h: In instantiation of ‘SetAssociativeCache<T>::SetAssociativeCache(int, int, int) [with T = long unsigned int]’:
/mnt/data/lyq/PRISM/inc/prism_framework.h:422:158:   required from ‘SRRIPSetAssociativeCache<T>::SRRIPSetAssociativeCache(int, int, int) [with T = long unsigned int]’
prefetcher/conftp/conftp.h:99:135:   required from here
/mnt/data/lyq/PRISM/inc/prism_framework.h:31:51: warning: declaration of ‘debug_level’ shadows a member of ‘SetAssociativeCache<long unsigned int>’ [-Wshadow]
   31 |   SetAssociativeCache(int size, int num_ways, int debug_level = 0)
      |                                               ~~~~^~~~~~~~~~~~~~~
In file included from prefetcher/conftp/conftp.h:16,
                 from prefetcher/conftp/conftp.cc:1:
/mnt/data/lyq/PRISM/inc/prism_framework.h:157:7: note: shadowed declaration is here
  157 |   int debug_level = 0;
      |       ^~~~~~~~~~~
In file included from prefetcher/conftp/conftp.h:16,
                 from prefetcher/conftp/conftp.cc:1:
/mnt/data/lyq/PRISM/inc/prism_framework.h:31:37: warning: declaration of ‘num_ways’ shadows a member of ‘SetAssociativeCache<long unsigned int>’ [-Wshadow]
   31 |   SetAssociativeCache(int size, int num_ways, int debug_level = 0)
      |                                 ~~~~^~~~~~~~
In file included from prefetcher/conftp/conftp.h:16,
                 from prefetcher/conftp/conftp.cc:1:
/mnt/data/lyq/PRISM/inc/prism_framework.h:152:7: note: shadowed declaration is here
  152 |   int num_ways;
      |       ^~~~~~~~
/mnt/data/lyq/PRISM/inc/prism_framework.h:254:54: warning: declaration of ‘debug_level’ shadows a member of ‘LRUSetAssociativeCache<long unsigned int>’ [-Wshadow]
  254 |   LRUSetAssociativeCache(int size, int num_ways, int debug_level = 0) : Super(size, num_ways, debug_level), lru(this->num_sets, vector<uint64_t>(num_ways)) {}
      |                                                  ~~~~^~~~~~~~~~~~~~~
In file included from prefetcher/conftp/conftp.h:16,
                 from prefetcher/conftp/conftp.cc:1:
/mnt/data/lyq/PRISM/inc/prism_framework.h:31:27: warning: declaration of ‘size’ shadows a member of ‘SetAssociativeCache<long unsigned int>’ [-Wshadow]
   31 |   SetAssociativeCache(int size, int num_ways, int debug_level = 0)
      |                       ~~~~^~~~
/mnt/data/lyq/PRISM/inc/prism_framework.h:157:7: note: shadowed declaration is here
  157 |   int debug_level = 0;
      |       ^~~~~~~~~~~
In file included from prefetcher/conftp/conftp.h:16,
                 from prefetcher/conftp/conftp.cc:1:
/mnt/data/lyq/PRISM/inc/prism_framework.h:151:7: note: shadowed declaration is here
  151 |   int size;
      |       ^~~~
/mnt/data/lyq/PRISM/inc/prism_framework.h:254:40: warning: declaration of ‘num_ways’ shadows a member of ‘LRUSetAssociativeCache<long unsigned int>’ [-Wshadow]
  254 |   LRUSetAssociativeCache(int size, int num_ways, int debug_level = 0) : Super(size, num_ways, debug_level), lru(this->num_sets, vector<uint64_t>(num_ways)) {}
      |                                    ~~~~^~~~~~~~
/mnt/data/lyq/PRISM/inc/prism_framework.h:152:7: note: shadowed declaration is here
  152 |   int num_ways;
      |       ^~~~~~~~
/mnt/data/lyq/PRISM/inc/prism_framework.h:254:30: warning: declaration of ‘size’ shadows a member of ‘LRUSetAssociativeCache<long unsigned int>’ [-Wshadow]
  254 |   LRUSetAssociativeCache(int size, int num_ways, int debug_level = 0) : Super(size, num_ways, debug_level), lru(this->num_sets, vector<uint64_t>(num_ways)) {}
      |                          ~~~~^~~~
/mnt/data/lyq/PRISM/inc/prism_framework.h:151:7: note: shadowed declaration is here
  151 |   int size;
      |       ^~~~
In file included from prefetcher/conftp/conftp.h:16,
                 from prefetcher/conftp/conftp.cc:1:
/mnt/data/lyq/PRISM/inc/prism_framework.h:31:51: warning: declaration of ‘debug_level’ shadows a member of ‘SetAssociativeCache<long unsigned int>’ [-Wshadow]
   31 |   SetAssociativeCache(int size, int num_ways, int debug_level = 0)
      |                                               ~~~~^~~~~~~~~~~~~~~
In file included from prefetcher/conftp/conftp.h:16,
                 from prefetcher/conftp/conftp.cc:1:
/mnt/data/lyq/PRISM/inc/prism_framework.h:157:7: note: shadowed declaration is here
  157 |   int debug_level = 0;
      |       ^~~~~~~~~~~
In file included from prefetcher/conftp/conftp.h:16,
                 from prefetcher/conftp/conftp.cc:1:
/mnt/data/lyq/PRISM/inc/prism_framework.h:31:37: warning: declaration of ‘num_ways’ shadows a member of ‘SetAssociativeCache<long unsigned int>’ [-Wshadow]
   31 |   SetAssociativeCache(int size, int num_ways, int debug_level = 0)
      |                                 ~~~~^~~~~~~~
In file included from prefetcher/conftp/conftp.h:16,
                 from prefetcher/conftp/conftp.cc:1:
/mnt/data/lyq/PRISM/inc/prism_framework.h:152:7: note: shadowed declaration is here
  152 |   int num_ways;
      |       ^~~~~~~~
In file included from prefetcher/conftp/conftp.h:16,
                 from prefetcher/conftp/conftp.cc:1:
/mnt/data/lyq/PRISM/inc/prism_framework.h:31:27: warning: declaration of ‘size’ shadows a member of ‘SetAssociativeCache<long unsigned int>’ [-Wshadow]
   31 |   SetAssociativeCache(int size, int num_ways, int debug_level = 0)
      |                       ~~~~^~~~
In file included from prefetcher/conftp/conftp.h:16,
                 from prefetcher/conftp/conftp.cc:1:
/mnt/data/lyq/PRISM/inc/prism_framework.h:151:7: note: shadowed declaration is here
  151 |   int size;
      |       ^~~~
In file included from prefetcher/conftp/conftp.h:16,
                 from prefetcher/conftp/conftp.cc:1:
/mnt/data/lyq/PRISM/inc/prism_framework.h:31:51: warning: declaration of ‘debug_level’ shadows a member of ‘SetAssociativeCache<long unsigned int>’ [-Wshadow]
   31 |   SetAssociativeCache(int size, int num_ways, int debug_level = 0)
      |                                               ~~~~^~~~~~~~~~~~~~~
In file included from prefetcher/conftp/conftp.h:16,
                 from prefetcher/conftp/conftp.cc:1:
/mnt/data/lyq/PRISM/inc/prism_framework.h:157:7: note: shadowed declaration is here
  157 |   int debug_level = 0;
      |       ^~~~~~~~~~~
In file included from prefetcher/conftp/conftp.h:16,
                 from prefetcher/conftp/conftp.cc:1:
/mnt/data/lyq/PRISM/inc/prism_framework.h:31:37: warning: declaration of ‘num_ways’ shadows a member of ‘SetAssociativeCache<long unsigned int>’ [-Wshadow]
   31 |   SetAssociativeCache(int size, int num_ways, int debug_level = 0)
      |                                 ~~~~^~~~~~~~
In file included from prefetcher/conftp/conftp.h:16,
                 from prefetcher/conftp/conftp.cc:1:
/mnt/data/lyq/PRISM/inc/prism_framework.h:152:7: note: shadowed declaration is here
  152 |   int num_ways;
      |       ^~~~~~~~
In file included from prefetcher/conftp/conftp.h:16,
                 from prefetcher/conftp/conftp.cc:1:
/mnt/data/lyq/PRISM/inc/prism_framework.h:31:27: warning: declaration of ‘size’ shadows a member of ‘SetAssociativeCache<long unsigned int>’ [-Wshadow]
   31 |   SetAssociativeCache(int size, int num_ways, int debug_level = 0)
      |                       ~~~~^~~~
In file included from prefetcher/conftp/conftp.h:16,
                 from prefetcher/conftp/conftp.cc:1:
/mnt/data/lyq/PRISM/inc/prism_framework.h:151:7: note: shadowed declaration is here
  151 |   int size;
      |       ^~~~
/mnt/data/lyq/PRISM/inc/prism_framework.h: In instantiation of ‘LRUSetAssociativeCache<T>::LRUSetAssociativeCache(int, int, int) [with T = std::deque<long unsigned int>]’:
prefetcher/resize_kr/resize_kr.h:95:137:   required from here
/mnt/data/lyq/PRISM/inc/prism_framework.h:254:54: warning: declaration of ‘debug_level’ shadows a member of ‘LRUSetAssociativeCache<std::deque<long unsigned int> >’ [-Wshadow]
  254 |   LRUSetAssociativeCache(int size, int num_ways, int debug_level = 0) : Super(size, num_ways, debug_level), lru(this->num_sets, vector<uint64_t>(num_ways)) {}
      |                                                  ~~~~^~~~~~~~~~~~~~~
/mnt/data/lyq/PRISM/inc/prism_framework.h:157:7: note: shadowed declaration is here
  157 |   int debug_level = 0;
      |       ^~~~~~~~~~~
/mnt/data/lyq/PRISM/inc/prism_framework.h:254:40: warning: declaration of ‘num_ways’ shadows a member of ‘LRUSetAssociativeCache<std::deque<long unsigned int> >’ [-Wshadow]
  254 |   LRUSetAssociativeCache(int size, int num_ways, int debug_level = 0) : Super(size, num_ways, debug_level), lru(this->num_sets, vector<uint64_t>(num_ways)) {}
      |                                    ~~~~^~~~~~~~
/mnt/data/lyq/PRISM/inc/prism_framework.h:152:7: note: shadowed declaration is here
  152 |   int num_ways;
      |       ^~~~~~~~
/mnt/data/lyq/PRISM/inc/prism_framework.h:254:30: warning: declaration of ‘size’ shadows a member of ‘LRUSetAssociativeCache<std::deque<long unsigned int> >’ [-Wshadow]
  254 |   LRUSetAssociativeCache(int size, int num_ways, int debug_level = 0) : Super(size, num_ways, debug_level), lru(this->num_sets, vector<uint64_t>(num_ways)) {}
      |                          ~~~~^~~~
/mnt/data/lyq/PRISM/inc/prism_framework.h:151:7: note: shadowed declaration is here
  151 |   int size;
      |       ^~~~
/mnt/data/lyq/PRISM/inc/prism_framework.h:254:54: warning: declaration of ‘debug_level’ shadows a member of ‘LRUSetAssociativeCache<std::deque<long unsigned int> >’ [-Wshadow]
  254 |   LRUSetAssociativeCache(int size, int num_ways, int debug_level = 0) : Super(size, num_ways, debug_level), lru(this->num_sets, vector<uint64_t>(num_ways)) {}
      |                                                  ~~~~^~~~~~~~~~~~~~~
/mnt/data/lyq/PRISM/inc/prism_framework.h:157:7: note: shadowed declaration is here
  157 |   int debug_level = 0;
      |       ^~~~~~~~~~~
/mnt/data/lyq/PRISM/inc/prism_framework.h:254:40: warning: declaration of ‘num_ways’ shadows a member of ‘LRUSetAssociativeCache<std::deque<long unsigned int> >’ [-Wshadow]
  254 |   LRUSetAssociativeCache(int size, int num_ways, int debug_level = 0) : Super(size, num_ways, debug_level), lru(this->num_sets, vector<uint64_t>(num_ways)) {}
      |                                    ~~~~^~~~~~~~
/mnt/data/lyq/PRISM/inc/prism_framework.h:152:7: note: shadowed declaration is here
  152 |   int num_ways;
      |       ^~~~~~~~
/mnt/data/lyq/PRISM/inc/prism_framework.h:254:30: warning: declaration of ‘size’ shadows a member of ‘LRUSetAssociativeCache<std::deque<long unsigned int> >’ [-Wshadow]
  254 |   LRUSetAssociativeCache(int size, int num_ways, int debug_level = 0) : Super(size, num_ways, debug_level), lru(this->num_sets, vector<uint64_t>(num_ways)) {}
      |                          ~~~~^~~~
/mnt/data/lyq/PRISM/inc/prism_framework.h:151:7: note: shadowed declaration is here
  151 |   int size;
      |       ^~~~
/mnt/data/lyq/PRISM/inc/prism_framework.h:254:54: warning: declaration of ‘debug_level’ shadows a member of ‘LRUSetAssociativeCache<std::deque<long unsigned int> >’ [-Wshadow]
  254 |   LRUSetAssociativeCache(int size, int num_ways, int debug_level = 0) : Super(size, num_ways, debug_level), lru(this->num_sets, vector<uint64_t>(num_ways)) {}
      |                                                  ~~~~^~~~~~~~~~~~~~~
/mnt/data/lyq/PRISM/inc/prism_framework.h:157:7: note: shadowed declaration is here
  157 |   int debug_level = 0;
      |       ^~~~~~~~~~~
/mnt/data/lyq/PRISM/inc/prism_framework.h:254:40: warning: declaration of ‘num_ways’ shadows a member of ‘LRUSetAssociativeCache<std::deque<long unsigned int> >’ [-Wshadow]
  254 |   LRUSetAssociativeCache(int size, int num_ways, int debug_level = 0) : Super(size, num_ways, debug_level), lru(this->num_sets, vector<uint64_t>(num_ways)) {}
      |                                    ~~~~^~~~~~~~
/mnt/data/lyq/PRISM/inc/prism_framework.h:152:7: note: shadowed declaration is here
  152 |   int num_ways;
      |       ^~~~~~~~
/mnt/data/lyq/PRISM/inc/prism_framework.h:254:30: warning: declaration of ‘size’ shadows a member of ‘LRUSetAssociativeCache<std::deque<long unsigned int> >’ [-Wshadow]
  254 |   LRUSetAssociativeCache(int size, int num_ways, int debug_level = 0) : Super(size, num_ways, debug_level), lru(this->num_sets, vector<uint64_t>(num_ways)) {}
      |                          ~~~~^~~~
/mnt/data/lyq/PRISM/inc/prism_framework.h:151:7: note: shadowed declaration is here
  151 |   int size;
      |       ^~~~
In file included from prefetcher/croage/croage.cc:1:
prefetcher/croage/croage.h: In instantiation of ‘LRUCache<T>::LRUCache(int) [with T = TrainUnitEntry]’:
prefetcher/croage/croage.h:803:45:   required from here
prefetcher/croage/croage.h:44:16: warning: declaration of ‘capacity’ shadows a member of ‘LRUCache<TrainUnitEntry>’ [-Wshadow]
   44 |   LRUCache(int capacity)
      |            ~~~~^~~~~~~~
prefetcher/croage/croage.h:39:7: note: shadowed declaration is here
   39 |   int capacity;
      |       ^~~~~~~~
prefetcher/croage/croage.h:44:16: warning: declaration of ‘capacity’ shadows a member of ‘LRUCache<TrainUnitEntry>’ [-Wshadow]
   44 |   LRUCache(int capacity)
      |            ~~~~^~~~~~~~
prefetcher/croage/croage.h:39:7: note: shadowed declaration is here
   39 |   int capacity;
      |       ^~~~~~~~
prefetcher/croage/croage.h:44:16: warning: declaration of ‘capacity’ shadows a member of ‘LRUCache<TrainUnitEntry>’ [-Wshadow]
   44 |   LRUCache(int capacity)
      |            ~~~~^~~~~~~~
prefetcher/croage/croage.h:39:7: note: shadowed declaration is here
   39 |   int capacity;
      |       ^~~~~~~~
In file included from prefetcher/latetp/latetp.h:16,
                 from prefetcher/latetp/latetp.cc:1:
/mnt/data/lyq/PRISM/inc/prism_framework.h: In instantiation of ‘LRUSetAssociativeCache<T>::LRUSetAssociativeCache(int, int, int) [with T = latetpMetaTableEntry]’:
prefetcher/latetp/latetp.h:58:86:   required from here
/mnt/data/lyq/PRISM/inc/prism_framework.h:254:54: warning: declaration of ‘debug_level’ shadows a member of ‘LRUSetAssociativeCache<latetpMetaTableEntry>’ [-Wshadow]
  254 |   LRUSetAssociativeCache(int size, int num_ways, int debug_level = 0) : Super(size, num_ways, debug_level), lru(this->num_sets, vector<uint64_t>(num_ways)) {}
      |                                                  ~~~~^~~~~~~~~~~~~~~
/mnt/data/lyq/PRISM/inc/prism_framework.h:157:7: note: shadowed declaration is here
  157 |   int debug_level = 0;
      |       ^~~~~~~~~~~
/mnt/data/lyq/PRISM/inc/prism_framework.h:254:40: warning: declaration of ‘num_ways’ shadows a member of ‘LRUSetAssociativeCache<latetpMetaTableEntry>’ [-Wshadow]
  254 |   LRUSetAssociativeCache(int size, int num_ways, int debug_level = 0) : Super(size, num_ways, debug_level), lru(this->num_sets, vector<uint64_t>(num_ways)) {}
      |                                    ~~~~^~~~~~~~
/mnt/data/lyq/PRISM/inc/prism_framework.h:152:7: note: shadowed declaration is here
  152 |   int num_ways;
      |       ^~~~~~~~
/mnt/data/lyq/PRISM/inc/prism_framework.h:254:30: warning: declaration of ‘size’ shadows a member of ‘LRUSetAssociativeCache<latetpMetaTableEntry>’ [-Wshadow]
  254 |   LRUSetAssociativeCache(int size, int num_ways, int debug_level = 0) : Super(size, num_ways, debug_level), lru(this->num_sets, vector<uint64_t>(num_ways)) {}
      |                          ~~~~^~~~
/mnt/data/lyq/PRISM/inc/prism_framework.h:151:7: note: shadowed declaration is here
  151 |   int size;
      |       ^~~~
/mnt/data/lyq/PRISM/inc/prism_framework.h:254:54: warning: declaration of ‘debug_level’ shadows a member of ‘LRUSetAssociativeCache<latetpMetaTableEntry>’ [-Wshadow]
  254 |   LRUSetAssociativeCache(int size, int num_ways, int debug_level = 0) : Super(size, num_ways, debug_level), lru(this->num_sets, vector<uint64_t>(num_ways)) {}
      |                                                  ~~~~^~~~~~~~~~~~~~~
/mnt/data/lyq/PRISM/inc/prism_framework.h:157:7: note: shadowed declaration is here
  157 |   int debug_level = 0;
      |       ^~~~~~~~~~~
/mnt/data/lyq/PRISM/inc/prism_framework.h:254:40: warning: declaration of ‘num_ways’ shadows a member of ‘LRUSetAssociativeCache<latetpMetaTableEntry>’ [-Wshadow]
  254 |   LRUSetAssociativeCache(int size, int num_ways, int debug_level = 0) : Super(size, num_ways, debug_level), lru(this->num_sets, vector<uint64_t>(num_ways)) {}
      |                                    ~~~~^~~~~~~~
/mnt/data/lyq/PRISM/inc/prism_framework.h:152:7: note: shadowed declaration is here
  152 |   int num_ways;
      |       ^~~~~~~~
/mnt/data/lyq/PRISM/inc/prism_framework.h:254:30: warning: declaration of ‘size’ shadows a member of ‘LRUSetAssociativeCache<latetpMetaTableEntry>’ [-Wshadow]
  254 |   LRUSetAssociativeCache(int size, int num_ways, int debug_level = 0) : Super(size, num_ways, debug_level), lru(this->num_sets, vector<uint64_t>(num_ways)) {}
      |                          ~~~~^~~~
/mnt/data/lyq/PRISM/inc/prism_framework.h:151:7: note: shadowed declaration is here
  151 |   int size;
      |       ^~~~
/mnt/data/lyq/PRISM/inc/prism_framework.h:254:54: warning: declaration of ‘debug_level’ shadows a member of ‘LRUSetAssociativeCache<latetpMetaTableEntry>’ [-Wshadow]
  254 |   LRUSetAssociativeCache(int size, int num_ways, int debug_level = 0) : Super(size, num_ways, debug_level), lru(this->num_sets, vector<uint64_t>(num_ways)) {}
      |                                                  ~~~~^~~~~~~~~~~~~~~
/mnt/data/lyq/PRISM/inc/prism_framework.h:157:7: note: shadowed declaration is here
  157 |   int debug_level = 0;
      |       ^~~~~~~~~~~
/mnt/data/lyq/PRISM/inc/prism_framework.h:254:40: warning: declaration of ‘num_ways’ shadows a member of ‘LRUSetAssociativeCache<latetpMetaTableEntry>’ [-Wshadow]
  254 |   LRUSetAssociativeCache(int size, int num_ways, int debug_level = 0) : Super(size, num_ways, debug_level), lru(this->num_sets, vector<uint64_t>(num_ways)) {}
      |                                    ~~~~^~~~~~~~
/mnt/data/lyq/PRISM/inc/prism_framework.h:152:7: note: shadowed declaration is here
  152 |   int num_ways;
      |       ^~~~~~~~
/mnt/data/lyq/PRISM/inc/prism_framework.h:254:30: warning: declaration of ‘size’ shadows a member of ‘LRUSetAssociativeCache<latetpMetaTableEntry>’ [-Wshadow]
  254 |   LRUSetAssociativeCache(int size, int num_ways, int debug_level = 0) : Super(size, num_ways, debug_level), lru(this->num_sets, vector<uint64_t>(num_ways)) {}
      |                          ~~~~^~~~
/mnt/data/lyq/PRISM/inc/prism_framework.h:151:7: note: shadowed declaration is here
  151 |   int size;
      |       ^~~~
/mnt/data/lyq/PRISM/inc/prism_framework.h: In instantiation of ‘LRUSetAssociativeCache<T>::LRUSetAssociativeCache(int, int, int) [with T = latetp::PCTableEntry]’:
prefetcher/latetp/latetp.h:202:121:   required from here
/mnt/data/lyq/PRISM/inc/prism_framework.h:254:54: warning: declaration of ‘debug_level’ shadows a member of ‘LRUSetAssociativeCache<latetp::PCTableEntry>’ [-Wshadow]
  254 |   LRUSetAssociativeCache(int size, int num_ways, int debug_level = 0) : Super(size, num_ways, debug_level), lru(this->num_sets, vector<uint64_t>(num_ways)) {}
      |                                                  ~~~~^~~~~~~~~~~~~~~
/mnt/data/lyq/PRISM/inc/prism_framework.h:157:7: note: shadowed declaration is here
  157 |   int debug_level = 0;
      |       ^~~~~~~~~~~
/mnt/data/lyq/PRISM/inc/prism_framework.h:254:40: warning: declaration of ‘num_ways’ shadows a member of ‘LRUSetAssociativeCache<latetp::PCTableEntry>’ [-Wshadow]
  254 |   LRUSetAssociativeCache(int size, int num_ways, int debug_level = 0) : Super(size, num_ways, debug_level), lru(this->num_sets, vector<uint64_t>(num_ways)) {}
      |                                    ~~~~^~~~~~~~
/mnt/data/lyq/PRISM/inc/prism_framework.h:152:7: note: shadowed declaration is here
  152 |   int num_ways;
      |       ^~~~~~~~
/mnt/data/lyq/PRISM/inc/prism_framework.h:254:30: warning: declaration of ‘size’ shadows a member of ‘LRUSetAssociativeCache<latetp::PCTableEntry>’ [-Wshadow]
  254 |   LRUSetAssociativeCache(int size, int num_ways, int debug_level = 0) : Super(size, num_ways, debug_level), lru(this->num_sets, vector<uint64_t>(num_ways)) {}
      |                          ~~~~^~~~
/mnt/data/lyq/PRISM/inc/prism_framework.h:151:7: note: shadowed declaration is here
  151 |   int size;
      |       ^~~~
In file included from prefetcher/inftable/inftable.h:16,
                 from prefetcher/inftable/inftable.cc:1:
/mnt/data/lyq/PRISM/inc/prism_framework.h: In instantiation of ‘LRUSetAssociativeCache<T>::LRUSetAssociativeCache(int, int, int) [with T = inftableMetaTableEntry]’:
prefetcher/inftable/inftable.h:53:88:   required from here
/mnt/data/lyq/PRISM/inc/prism_framework.h:254:54: warning: declaration of ‘debug_level’ shadows a member of ‘LRUSetAssociativeCache<inftableMetaTableEntry>’ [-Wshadow]
  254 |   LRUSetAssociativeCache(int size, int num_ways, int debug_level = 0) : Super(size, num_ways, debug_level), lru(this->num_sets, vector<uint64_t>(num_ways)) {}
      |                                                  ~~~~^~~~~~~~~~~~~~~
/mnt/data/lyq/PRISM/inc/prism_framework.h:157:7: note: shadowed declaration is here
  157 |   int debug_level = 0;
      |       ^~~~~~~~~~~
/mnt/data/lyq/PRISM/inc/prism_framework.h:254:40: warning: declaration of ‘num_ways’ shadows a member of ‘LRUSetAssociativeCache<inftableMetaTableEntry>’ [-Wshadow]
  254 |   LRUSetAssociativeCache(int size, int num_ways, int debug_level = 0) : Super(size, num_ways, debug_level), lru(this->num_sets, vector<uint64_t>(num_ways)) {}
      |                                    ~~~~^~~~~~~~
/mnt/data/lyq/PRISM/inc/prism_framework.h:152:7: note: shadowed declaration is here
  152 |   int num_ways;
      |       ^~~~~~~~
/mnt/data/lyq/PRISM/inc/prism_framework.h:254:30: warning: declaration of ‘size’ shadows a member of ‘LRUSetAssociativeCache<inftableMetaTableEntry>’ [-Wshadow]
  254 |   LRUSetAssociativeCache(int size, int num_ways, int debug_level = 0) : Super(size, num_ways, debug_level), lru(this->num_sets, vector<uint64_t>(num_ways)) {}
      |                          ~~~~^~~~
/mnt/data/lyq/PRISM/inc/prism_framework.h:151:7: note: shadowed declaration is here
  151 |   int size;
      |       ^~~~
/mnt/data/lyq/PRISM/inc/prism_framework.h:254:54: warning: declaration of ‘debug_level’ shadows a member of ‘LRUSetAssociativeCache<latetp::PCTableEntry>’ [-Wshadow]
  254 |   LRUSetAssociativeCache(int size, int num_ways, int debug_level = 0) : Super(size, num_ways, debug_level), lru(this->num_sets, vector<uint64_t>(num_ways)) {}
      |                                                  ~~~~^~~~~~~~~~~~~~~
/mnt/data/lyq/PRISM/inc/prism_framework.h:157:7: note: shadowed declaration is here
  157 |   int debug_level = 0;
      |       ^~~~~~~~~~~
/mnt/data/lyq/PRISM/inc/prism_framework.h:254:40: warning: declaration of ‘num_ways’ shadows a member of ‘LRUSetAssociativeCache<latetp::PCTableEntry>’ [-Wshadow]
  254 |   LRUSetAssociativeCache(int size, int num_ways, int debug_level = 0) : Super(size, num_ways, debug_level), lru(this->num_sets, vector<uint64_t>(num_ways)) {}
      |                                    ~~~~^~~~~~~~
/mnt/data/lyq/PRISM/inc/prism_framework.h:152:7: note: shadowed declaration is here
  152 |   int num_ways;
      |       ^~~~~~~~
/mnt/data/lyq/PRISM/inc/prism_framework.h:254:30: warning: declaration of ‘size’ shadows a member of ‘LRUSetAssociativeCache<latetp::PCTableEntry>’ [-Wshadow]
  254 |   LRUSetAssociativeCache(int size, int num_ways, int debug_level = 0) : Super(size, num_ways, debug_level), lru(this->num_sets, vector<uint64_t>(num_ways)) {}
      |                          ~~~~^~~~
/mnt/data/lyq/PRISM/inc/prism_framework.h:151:7: note: shadowed declaration is here
  151 |   int size;
      |       ^~~~
/mnt/data/lyq/PRISM/inc/prism_framework.h:254:54: warning: declaration of ‘debug_level’ shadows a member of ‘LRUSetAssociativeCache<latetp::PCTableEntry>’ [-Wshadow]
  254 |   LRUSetAssociativeCache(int size, int num_ways, int debug_level = 0) : Super(size, num_ways, debug_level), lru(this->num_sets, vector<uint64_t>(num_ways)) {}
      |                                                  ~~~~^~~~~~~~~~~~~~~
/mnt/data/lyq/PRISM/inc/prism_framework.h:157:7: note: shadowed declaration is here
  157 |   int debug_level = 0;
      |       ^~~~~~~~~~~
/mnt/data/lyq/PRISM/inc/prism_framework.h:254:40: warning: declaration of ‘num_ways’ shadows a member of ‘LRUSetAssociativeCache<latetp::PCTableEntry>’ [-Wshadow]
  254 |   LRUSetAssociativeCache(int size, int num_ways, int debug_level = 0) : Super(size, num_ways, debug_level), lru(this->num_sets, vector<uint64_t>(num_ways)) {}
      |                                    ~~~~^~~~~~~~
/mnt/data/lyq/PRISM/inc/prism_framework.h:152:7: note: shadowed declaration is here
  152 |   int num_ways;
      |       ^~~~~~~~
/mnt/data/lyq/PRISM/inc/prism_framework.h:254:30: warning: declaration of ‘size’ shadows a member of ‘LRUSetAssociativeCache<latetp::PCTableEntry>’ [-Wshadow]
  254 |   LRUSetAssociativeCache(int size, int num_ways, int debug_level = 0) : Super(size, num_ways, debug_level), lru(this->num_sets, vector<uint64_t>(num_ways)) {}
      |                          ~~~~^~~~
/mnt/data/lyq/PRISM/inc/prism_framework.h:151:7: note: shadowed declaration is here
  151 |   int size;
      |       ^~~~
/mnt/data/lyq/PRISM/inc/prism_framework.h:254:54: warning: declaration of ‘debug_level’ shadows a member of ‘LRUSetAssociativeCache<inftableMetaTableEntry>’ [-Wshadow]
  254 |   LRUSetAssociativeCache(int size, int num_ways, int debug_level = 0) : Super(size, num_ways, debug_level), lru(this->num_sets, vector<uint64_t>(num_ways)) {}
      |                                                  ~~~~^~~~~~~~~~~~~~~
/mnt/data/lyq/PRISM/inc/prism_framework.h:157:7: note: shadowed declaration is here
  157 |   int debug_level = 0;
      |       ^~~~~~~~~~~
/mnt/data/lyq/PRISM/inc/prism_framework.h:254:40: warning: declaration of ‘num_ways’ shadows a member of ‘LRUSetAssociativeCache<inftableMetaTableEntry>’ [-Wshadow]
  254 |   LRUSetAssociativeCache(int size, int num_ways, int debug_level = 0) : Super(size, num_ways, debug_level), lru(this->num_sets, vector<uint64_t>(num_ways)) {}
      |                                    ~~~~^~~~~~~~
/mnt/data/lyq/PRISM/inc/prism_framework.h:152:7: note: shadowed declaration is here
  152 |   int num_ways;
      |       ^~~~~~~~
/mnt/data/lyq/PRISM/inc/prism_framework.h:254:30: warning: declaration of ‘size’ shadows a member of ‘LRUSetAssociativeCache<inftableMetaTableEntry>’ [-Wshadow]
  254 |   LRUSetAssociativeCache(int size, int num_ways, int debug_level = 0) : Super(size, num_ways, debug_level), lru(this->num_sets, vector<uint64_t>(num_ways)) {}
      |                          ~~~~^~~~
/mnt/data/lyq/PRISM/inc/prism_framework.h:151:7: note: shadowed declaration is here
  151 |   int size;
      |       ^~~~
/mnt/data/lyq/PRISM/inc/prism_framework.h:254:54: warning: declaration of ‘debug_level’ shadows a member of ‘LRUSetAssociativeCache<inftableMetaTableEntry>’ [-Wshadow]
  254 |   LRUSetAssociativeCache(int size, int num_ways, int debug_level = 0) : Super(size, num_ways, debug_level), lru(this->num_sets, vector<uint64_t>(num_ways)) {}
      |                                                  ~~~~^~~~~~~~~~~~~~~
/mnt/data/lyq/PRISM/inc/prism_framework.h:157:7: note: shadowed declaration is here
  157 |   int debug_level = 0;
      |       ^~~~~~~~~~~
/mnt/data/lyq/PRISM/inc/prism_framework.h:254:40: warning: declaration of ‘num_ways’ shadows a member of ‘LRUSetAssociativeCache<inftableMetaTableEntry>’ [-Wshadow]
  254 |   LRUSetAssociativeCache(int size, int num_ways, int debug_level = 0) : Super(size, num_ways, debug_level), lru(this->num_sets, vector<uint64_t>(num_ways)) {}
      |                                    ~~~~^~~~~~~~
/mnt/data/lyq/PRISM/inc/prism_framework.h:152:7: note: shadowed declaration is here
  152 |   int num_ways;
      |       ^~~~~~~~
/mnt/data/lyq/PRISM/inc/prism_framework.h:254:30: warning: declaration of ‘size’ shadows a member of ‘LRUSetAssociativeCache<inftableMetaTableEntry>’ [-Wshadow]
  254 |   LRUSetAssociativeCache(int size, int num_ways, int debug_level = 0) : Super(size, num_ways, debug_level), lru(this->num_sets, vector<uint64_t>(num_ways)) {}
      |                          ~~~~^~~~
/mnt/data/lyq/PRISM/inc/prism_framework.h:151:7: note: shadowed declaration is here
  151 |   int size;
      |       ^~~~
In file included from prefetcher/triangel/triangel.cc:1:
prefetcher/triangel/triangel.h: In instantiation of ‘Cacheway<T>::Cacheway(int, ReplacementPolicy, const string&) [with T = long unsigned int; std::string = std::__cxx11::basic_string<char>]’:
prefetcher/triangel/triangel.h:684:53:   required from here
prefetcher/triangel/triangel.h:127:77: warning: declaration of ‘owner’ shadows a member of ‘Cacheway<long unsigned int>’ [-Wshadow]
  127 |   Cacheway(int capacity, ReplacementPolicy policy = LRU, const std::string& owner = "unknown") : count(0), capacity(capacity), policy(policy), owner(owner)
      |                                                          ~~~~~~~~~~~~~~~~~~~^~~~~~~~~~~~~~~~~
prefetcher/triangel/triangel.h:120:15: note: shadowed declaration is here
  120 |   std::string owner;
      |               ^~~~~
prefetcher/triangel/triangel.h:127:44: warning: declaration of ‘policy’ shadows a member of ‘Cacheway<long unsigned int>’ [-Wshadow]
  127 |   Cacheway(int capacity, ReplacementPolicy policy = LRU, const std::string& owner = "unknown") : count(0), capacity(capacity), policy(policy), owner(owner)
      |                          ~~~~~~~~~~~~~~~~~~^~~~~~~~~~~~
prefetcher/triangel/triangel.h:118:21: note: shadowed declaration is here
  118 |   ReplacementPolicy policy;
      |                     ^~~~~~
prefetcher/triangel/triangel.h:127:16: warning: declaration of ‘capacity’ shadows a member of ‘Cacheway<long unsigned int>’ [-Wshadow]
  127 |   Cacheway(int capacity, ReplacementPolicy policy = LRU, const std::string& owner = "unknown") : count(0), capacity(capacity), policy(policy), owner(owner)
      |            ~~~~^~~~~~~~
prefetcher/triangel/triangel.h:116:7: note: shadowed declaration is here
  116 |   int capacity;
      |       ^~~~~~~~
prefetcher/triangel/triangel.h:127:77: warning: declaration of ‘owner’ shadows a member of ‘Cacheway<long unsigned int>’ [-Wshadow]
  127 |   Cacheway(int capacity, ReplacementPolicy policy = LRU, const std::string& owner = "unknown") : count(0), capacity(capacity), policy(policy), owner(owner)
      |                                                          ~~~~~~~~~~~~~~~~~~~^~~~~~~~~~~~~~~~~
prefetcher/triangel/triangel.h:120:15: note: shadowed declaration is here
  120 |   std::string owner;
      |               ^~~~~
prefetcher/triangel/triangel.h:127:44: warning: declaration of ‘policy’ shadows a member of ‘Cacheway<long unsigned int>’ [-Wshadow]
  127 |   Cacheway(int capacity, ReplacementPolicy policy = LRU, const std::string& owner = "unknown") : count(0), capacity(capacity), policy(policy), owner(owner)
      |                          ~~~~~~~~~~~~~~~~~~^~~~~~~~~~~~
prefetcher/triangel/triangel.h:118:21: note: shadowed declaration is here
  118 |   ReplacementPolicy policy;
      |                     ^~~~~~
prefetcher/triangel/triangel.h:127:16: warning: declaration of ‘capacity’ shadows a member of ‘Cacheway<long unsigned int>’ [-Wshadow]
  127 |   Cacheway(int capacity, ReplacementPolicy policy = LRU, const std::string& owner = "unknown") : count(0), capacity(capacity), policy(policy), owner(owner)
      |            ~~~~^~~~~~~~
prefetcher/triangel/triangel.h:116:7: note: shadowed declaration is here
  116 |   int capacity;
      |       ^~~~~~~~
prefetcher/triangel/triangel.h:127:77: warning: declaration of ‘owner’ shadows a member of ‘Cacheway<long unsigned int>’ [-Wshadow]
  127 |   Cacheway(int capacity, ReplacementPolicy policy = LRU, const std::string& owner = "unknown") : count(0), capacity(capacity), policy(policy), owner(owner)
      |                                                          ~~~~~~~~~~~~~~~~~~~^~~~~~~~~~~~~~~~~
prefetcher/triangel/triangel.h:120:15: note: shadowed declaration is here
  120 |   std::string owner;
      |               ^~~~~
prefetcher/triangel/triangel.h:127:44: warning: declaration of ‘policy’ shadows a member of ‘Cacheway<long unsigned int>’ [-Wshadow]
  127 |   Cacheway(int capacity, ReplacementPolicy policy = LRU, const std::string& owner = "unknown") : count(0), capacity(capacity), policy(policy), owner(owner)
      |                          ~~~~~~~~~~~~~~~~~~^~~~~~~~~~~~
prefetcher/triangel/triangel.h:118:21: note: shadowed declaration is here
  118 |   ReplacementPolicy policy;
      |                     ^~~~~~
prefetcher/triangel/triangel.h:127:16: warning: declaration of ‘capacity’ shadows a member of ‘Cacheway<long unsigned int>’ [-Wshadow]
  127 |   Cacheway(int capacity, ReplacementPolicy policy = LRU, const std::string& owner = "unknown") : count(0), capacity(capacity), policy(policy), owner(owner)
      |            ~~~~^~~~~~~~
prefetcher/triangel/triangel.h:116:7: note: shadowed declaration is here
  116 |   int capacity;
      |       ^~~~~~~~
In file included from prefetcher/resize_tr/resize_tr.h:20,
                 from prefetcher/resize_tr/resize_tr.cc:1:
prefetcher/resize_tr/../triangel/triangel.h: In constructor ‘Cacheway<T>::Cacheway(int, ReplacementPolicy, const string&)’:
prefetcher/resize_tr/../triangel/triangel.h:127:77: warning: declaration of ‘owner’ shadows a member of ‘Cacheway<T>’ [-Wshadow]
  127 |   Cacheway(int capacity, ReplacementPolicy policy = LRU, const std::string& owner = "unknown") : count(0), capacity(capacity), policy(policy), owner(owner)
      |                                                          ~~~~~~~~~~~~~~~~~~~^~~~~~~~~~~~~~~~~
prefetcher/resize_tr/../triangel/triangel.h:120:15: note: shadowed declaration is here
  120 |   std::string owner;
      |               ^~~~~
prefetcher/resize_tr/../triangel/triangel.h:127:44: warning: declaration of ‘policy’ shadows a member of ‘Cacheway<T>’ [-Wshadow]
  127 |   Cacheway(int capacity, ReplacementPolicy policy = LRU, const std::string& owner = "unknown") : count(0), capacity(capacity), policy(policy), owner(owner)
      |                          ~~~~~~~~~~~~~~~~~~^~~~~~~~~~~~
prefetcher/resize_tr/../triangel/triangel.h:118:21: note: shadowed declaration is here
  118 |   ReplacementPolicy policy;
      |                     ^~~~~~
prefetcher/resize_tr/../triangel/triangel.h:127:16: warning: declaration of ‘capacity’ shadows a member of ‘Cacheway<T>’ [-Wshadow]
  127 |   Cacheway(int capacity, ReplacementPolicy policy = LRU, const std::string& owner = "unknown") : count(0), capacity(capacity), policy(policy), owner(owner)
      |            ~~~~^~~~~~~~
prefetcher/resize_tr/../triangel/triangel.h:116:7: note: shadowed declaration is here
  116 |   int capacity;
      |       ^~~~~~~~
In file included from prefetcher/resize_tr/resize_tr.h:20,
                 from prefetcher/resize_tr/resize_tr.cc:1:
prefetcher/resize_tr/../triangel/triangel.h: In constructor ‘RRIPCacheway<T>::RRIPCacheway(int, const string&)’:
prefetcher/resize_tr/../triangel/triangel.h:352:49: warning: declaration of ‘owner’ shadows a member of ‘RRIPCacheway<T>’ [-Wshadow]
  352 |   RRIPCacheway(int capacity, const std::string& owner = "unknown"):capacity(capacity), owner(owner), count(0) {}
      |                              ~~~~~~~~~~~~~~~~~~~^~~~~~~~~~~~~~~~~
prefetcher/resize_tr/../triangel/triangel.h:343:15: note: shadowed declaration is here
  343 |   std::string owner;
      |               ^~~~~
prefetcher/resize_tr/../triangel/triangel.h:352:20: warning: declaration of ‘capacity’ shadows a member of ‘RRIPCacheway<T>’ [-Wshadow]
  352 |   RRIPCacheway(int capacity, const std::string& owner = "unknown"):capacity(capacity), owner(owner), count(0) {}
      |                ~~~~^~~~~~~~
prefetcher/resize_tr/../triangel/triangel.h:344:7: note: shadowed declaration is here
  344 |   int capacity;
      |       ^~~~~~~~
prefetcher/resize_tr/../triangel/triangel.h: In constructor ‘AssociativeCache<T>::AssociativeCache(uint64_t, int, ReplacementPolicy, const string&)’:
prefetcher/resize_tr/../triangel/triangel.h:480:39: warning: declaration of ‘ways’ shadows a member of ‘AssociativeCache<T>’ [-Wshadow]
  480 |   AssociativeCache(uint64_t sets, int ways, ReplacementPolicy policy, const std::string& owner = "unknown") : count(0), set_mask(sets - 1), ways(ways), read_n(0), write_n(0)
      |                                   ~~~~^~~~
prefetcher/resize_tr/../triangel/triangel.h:474:12: note: shadowed declaration is here
  474 |   uint64_t ways;
      |            ^~~~
prefetcher/resize_tr/../triangel/triangel.h: In constructor ‘MetadataEntry::MetadataEntry(uint64_t, uint64_t)’:
prefetcher/resize_tr/../triangel/triangel.h:601:41: warning: declaration of ‘target_addr’ shadows a member of ‘MetadataEntry’ [-Wshadow]
  601 |   MetadataEntry(uint64_t addr, uint64_t target_addr) : key(addr), target_addr(target_addr), conf(false), used(false) {}
      |                                ~~~~~~~~~^~~~~~~~~~~
prefetcher/resize_tr/../triangel/triangel.h:573:12: note: shadowed declaration is here
  573 |   uint64_t target_addr;
      |            ^~~~~~~~~~~
prefetcher/resize_tr/../triangel/triangel.h: In constructor ‘MetadataEntry::MetadataEntry(uint64_t, uint64_t)’:
prefetcher/resize_tr/../triangel/triangel.h:601:41: warning: declaration of ‘target_addr’ shadows a member of ‘MetadataEntry’ [-Wshadow]
  601 |   MetadataEntry(uint64_t addr, uint64_t target_addr) : key(addr), target_addr(target_addr), conf(false), used(false) {}
      |                                ~~~~~~~~~^~~~~~~~~~~
prefetcher/resize_tr/../triangel/triangel.h:573:12: note: shadowed declaration is here
  573 |   uint64_t target_addr;
      |            ^~~~~~~~~~~
prefetcher/resize_tr/../triangel/triangel.h: In constructor ‘MetadataEntry::MetadataEntry(uint64_t, uint64_t)’:
prefetcher/resize_tr/../triangel/triangel.h:601:41: warning: declaration of ‘target_addr’ shadows a member of ‘MetadataEntry’ [-Wshadow]
  601 |   MetadataEntry(uint64_t addr, uint64_t target_addr) : key(addr), target_addr(target_addr), conf(false), used(false) {}
      |                                ~~~~~~~~~^~~~~~~~~~~
prefetcher/resize_tr/../triangel/triangel.h:573:12: note: shadowed declaration is here
  573 |   uint64_t target_addr;
      |            ^~~~~~~~~~~
prefetcher/resize_tr/../triangel/triangel.h: In constructor ‘HistorySamplerEntry::HistorySamplerEntry(uint64_t, uint64_t, uint64_t, uint64_t)’:
prefetcher/resize_tr/../triangel/triangel.h:628:88: warning: declaration of ‘timestamp’ shadows a member of ‘HistorySamplerEntry’ [-Wshadow]
  628 |   HistorySamplerEntry(uint64_t addr, uint64_t tu_entry, uint64_t target_addr, uint64_t timestamp)
      |                                                                               ~~~~~~~~~^~~~~~~~~
prefetcher/resize_tr/../triangel/triangel.h:610:12: note: shadowed declaration is here
  610 |   uint64_t timestamp;   // local_timestamp
      |            ^~~~~~~~~
prefetcher/resize_tr/../triangel/triangel.h:628:66: warning: declaration of ‘target_addr’ shadows a member of ‘HistorySamplerEntry’ [-Wshadow]
  628 |   HistorySamplerEntry(uint64_t addr, uint64_t tu_entry, uint64_t target_addr, uint64_t timestamp)
      |                                                         ~~~~~~~~~^~~~~~~~~~~
prefetcher/resize_tr/../triangel/triangel.h:611:12: note: shadowed declaration is here
  611 |   uint64_t target_addr; // next
      |            ^~~~~~~~~~~
prefetcher/resize_tr/../triangel/triangel.h:611:12: warning: ‘HistorySamplerEntry::target_addr’ will be initialized after [-Wreorder]
prefetcher/resize_tr/../triangel/triangel.h:610:12: warning:   ‘uint64_t HistorySamplerEntry::timestamp’ [-Wreorder]
  610 |   uint64_t timestamp;   // local_timestamp
      |            ^~~~~~~~~
prefetcher/resize_tr/../triangel/triangel.h:628:3: warning:   when initialized here [-Wreorder]
  628 |   HistorySamplerEntry(uint64_t addr, uint64_t tu_entry, uint64_t target_addr, uint64_t timestamp)
      |   ^~~~~~~~~~~~~~~~~~~
prefetcher/resize_tr/../triangel/triangel.h: In constructor ‘HistorySamplerEntry::HistorySamplerEntry(uint64_t, uint64_t, uint64_t, uint64_t)’:
prefetcher/resize_tr/../triangel/triangel.h:628:88: warning: declaration of ‘timestamp’ shadows a member of ‘HistorySamplerEntry’ [-Wshadow]
  628 |   HistorySamplerEntry(uint64_t addr, uint64_t tu_entry, uint64_t target_addr, uint64_t timestamp)
      |                                                                               ~~~~~~~~~^~~~~~~~~
prefetcher/resize_tr/../triangel/triangel.h:610:12: note: shadowed declaration is here
  610 |   uint64_t timestamp;   // local_timestamp
      |            ^~~~~~~~~
prefetcher/resize_tr/../triangel/triangel.h:628:66: warning: declaration of ‘target_addr’ shadows a member of ‘HistorySamplerEntry’ [-Wshadow]
  628 |   HistorySamplerEntry(uint64_t addr, uint64_t tu_entry, uint64_t target_addr, uint64_t timestamp)
      |                                                         ~~~~~~~~~^~~~~~~~~~~
prefetcher/resize_tr/../triangel/triangel.h:611:12: note: shadowed declaration is here
  611 |   uint64_t target_addr; // next
      |            ^~~~~~~~~~~
prefetcher/resize_tr/../triangel/triangel.h: In constructor ‘HistorySamplerEntry::HistorySamplerEntry(uint64_t, uint64_t, uint64_t, uint64_t)’:
prefetcher/resize_tr/../triangel/triangel.h:628:88: warning: declaration of ‘timestamp’ shadows a member of ‘HistorySamplerEntry’ [-Wshadow]
  628 |   HistorySamplerEntry(uint64_t addr, uint64_t tu_entry, uint64_t target_addr, uint64_t timestamp)
      |                                                                               ~~~~~~~~~^~~~~~~~~
prefetcher/resize_tr/../triangel/triangel.h:610:12: note: shadowed declaration is here
  610 |   uint64_t timestamp;   // local_timestamp
      |            ^~~~~~~~~
prefetcher/resize_tr/../triangel/triangel.h:628:66: warning: declaration of ‘target_addr’ shadows a member of ‘HistorySamplerEntry’ [-Wshadow]
  628 |   HistorySamplerEntry(uint64_t addr, uint64_t tu_entry, uint64_t target_addr, uint64_t timestamp)
      |                                                         ~~~~~~~~~^~~~~~~~~~~
prefetcher/resize_tr/../triangel/triangel.h:611:12: note: shadowed declaration is here
  611 |   uint64_t target_addr; // next
      |            ^~~~~~~~~~~
prefetcher/resize_tr/../triangel/triangel.h: In constructor ‘SecondChanceSamplerEntry::SecondChanceSamplerEntry(uint64_t, uint64_t, uint64_t)’:
prefetcher/resize_tr/../triangel/triangel.h:667:71: warning: declaration of ‘timestamp’ shadows a member of ‘SecondChanceSamplerEntry’ [-Wshadow]
  667 |   SecondChanceSamplerEntry(uint64_t addr, uint64_t train_pc, uint64_t timestamp) : key(addr), train_pc(train_pc), timestamp(timestamp), used(false) {}
      |                                                              ~~~~~~~~~^~~~~~~~~
prefetcher/resize_tr/../triangel/triangel.h:654:12: note: shadowed declaration is here
  654 |   uint64_t timestamp;
      |            ^~~~~~~~~
prefetcher/resize_tr/../triangel/triangel.h:667:52: warning: declaration of ‘train_pc’ shadows a member of ‘SecondChanceSamplerEntry’ [-Wshadow]
  667 |   SecondChanceSamplerEntry(uint64_t addr, uint64_t train_pc, uint64_t timestamp) : key(addr), train_pc(train_pc), timestamp(timestamp), used(false) {}
      |                                           ~~~~~~~~~^~~~~~~~
prefetcher/resize_tr/../triangel/triangel.h:653:12: note: shadowed declaration is here
  653 |   uint64_t train_pc;
      |            ^~~~~~~~
prefetcher/resize_tr/../triangel/triangel.h: In constructor ‘SecondChanceSamplerEntry::SecondChanceSamplerEntry(uint64_t, uint64_t, uint64_t)’:
prefetcher/resize_tr/../triangel/triangel.h:667:71: warning: declaration of ‘timestamp’ shadows a member of ‘SecondChanceSamplerEntry’ [-Wshadow]
  667 |   SecondChanceSamplerEntry(uint64_t addr, uint64_t train_pc, uint64_t timestamp) : key(addr), train_pc(train_pc), timestamp(timestamp), used(false) {}
      |                                                              ~~~~~~~~~^~~~~~~~~
prefetcher/resize_tr/../triangel/triangel.h:654:12: note: shadowed declaration is here
  654 |   uint64_t timestamp;
      |            ^~~~~~~~~
prefetcher/resize_tr/../triangel/triangel.h:667:52: warning: declaration of ‘train_pc’ shadows a member of ‘SecondChanceSamplerEntry’ [-Wshadow]
  667 |   SecondChanceSamplerEntry(uint64_t addr, uint64_t train_pc, uint64_t timestamp) : key(addr), train_pc(train_pc), timestamp(timestamp), used(false) {}
      |                                           ~~~~~~~~~^~~~~~~~
prefetcher/resize_tr/../triangel/triangel.h:653:12: note: shadowed declaration is here
  653 |   uint64_t train_pc;
      |            ^~~~~~~~
prefetcher/resize_tr/../triangel/triangel.h: In constructor ‘SecondChanceSamplerEntry::SecondChanceSamplerEntry(uint64_t, uint64_t, uint64_t)’:
prefetcher/resize_tr/../triangel/triangel.h:667:71: warning: declaration of ‘timestamp’ shadows a member of ‘SecondChanceSamplerEntry’ [-Wshadow]
  667 |   SecondChanceSamplerEntry(uint64_t addr, uint64_t train_pc, uint64_t timestamp) : key(addr), train_pc(train_pc), timestamp(timestamp), used(false) {}
      |                                                              ~~~~~~~~~^~~~~~~~~
prefetcher/resize_tr/../triangel/triangel.h:654:12: note: shadowed declaration is here
  654 |   uint64_t timestamp;
      |            ^~~~~~~~~
prefetcher/resize_tr/../triangel/triangel.h:667:52: warning: declaration of ‘train_pc’ shadows a member of ‘SecondChanceSamplerEntry’ [-Wshadow]
  667 |   SecondChanceSamplerEntry(uint64_t addr, uint64_t train_pc, uint64_t timestamp) : key(addr), train_pc(train_pc), timestamp(timestamp), used(false) {}
      |                                           ~~~~~~~~~^~~~~~~~
prefetcher/resize_tr/../triangel/triangel.h:653:12: note: shadowed declaration is here
  653 |   uint64_t train_pc;
      |            ^~~~~~~~
In file included from prefetcher/baseline/baseline.h:16,
                 from prefetcher/baseline/baseline.cc:1:
/mnt/data/lyq/PRISM/inc/prism_framework.h: In instantiation of ‘SetAssociativeCache<T>::SetAssociativeCache(int, int, int) [with T = baselineMetaTableEntry]’:
/mnt/data/lyq/PRISM/inc/prism_framework.h:254:155:   required from ‘LRUSetAssociativeCache<T>::LRUSetAssociativeCache(int, int, int) [with T = baselineMetaTableEntry]’
prefetcher/baseline/baseline.h:49:88:   required from here
/mnt/data/lyq/PRISM/inc/prism_framework.h:31:51: warning: declaration of ‘debug_level’ shadows a member of ‘SetAssociativeCache<baselineMetaTableEntry>’ [-Wshadow]
   31 |   SetAssociativeCache(int size, int num_ways, int debug_level = 0)
      |                                               ~~~~^~~~~~~~~~~~~~~
In file included from prefetcher/baseline/baseline.h:16,
                 from prefetcher/baseline/baseline.cc:1:
/mnt/data/lyq/PRISM/inc/prism_framework.h:157:7: note: shadowed declaration is here
  157 |   int debug_level = 0;
      |       ^~~~~~~~~~~
In file included from prefetcher/baseline/baseline.h:16,
                 from prefetcher/baseline/baseline.cc:1:
/mnt/data/lyq/PRISM/inc/prism_framework.h:31:37: warning: declaration of ‘num_ways’ shadows a member of ‘SetAssociativeCache<baselineMetaTableEntry>’ [-Wshadow]
   31 |   SetAssociativeCache(int size, int num_ways, int debug_level = 0)
      |                                 ~~~~^~~~~~~~
In file included from prefetcher/baseline/baseline.h:16,
                 from prefetcher/baseline/baseline.cc:1:
/mnt/data/lyq/PRISM/inc/prism_framework.h:152:7: note: shadowed declaration is here
  152 |   int num_ways;
      |       ^~~~~~~~
In file included from prefetcher/baseline/baseline.h:16,
                 from prefetcher/baseline/baseline.cc:1:
/mnt/data/lyq/PRISM/inc/prism_framework.h:31:27: warning: declaration of ‘size’ shadows a member of ‘SetAssociativeCache<baselineMetaTableEntry>’ [-Wshadow]
   31 |   SetAssociativeCache(int size, int num_ways, int debug_level = 0)
      |                       ~~~~^~~~
In file included from prefetcher/baseline/baseline.h:16,
                 from prefetcher/baseline/baseline.cc:1:
/mnt/data/lyq/PRISM/inc/prism_framework.h:151:7: note: shadowed declaration is here
  151 |   int size;
      |       ^~~~
In file included from prefetcher/triangel/triangel.cc:1:
prefetcher/triangel/triangel.h: In instantiation of ‘RRIPCacheway<T>::RRIPCacheway(int, const string&) [with T = MetadataEntry; std::string = std::__cxx11::basic_string<char>]’:
prefetcher/triangel/triangel.h:809:65:   required from here
prefetcher/triangel/triangel.h:352:49: warning: declaration of ‘owner’ shadows a member of ‘RRIPCacheway<MetadataEntry>’ [-Wshadow]
  352 |   RRIPCacheway(int capacity, const std::string& owner = "unknown"):capacity(capacity), owner(owner), count(0) {}
      |                              ~~~~~~~~~~~~~~~~~~~^~~~~~~~~~~~~~~~~
prefetcher/triangel/triangel.h:343:15: note: shadowed declaration is here
  343 |   std::string owner;
      |               ^~~~~
prefetcher/triangel/triangel.h:352:20: warning: declaration of ‘capacity’ shadows a member of ‘RRIPCacheway<MetadataEntry>’ [-Wshadow]
  352 |   RRIPCacheway(int capacity, const std::string& owner = "unknown"):capacity(capacity), owner(owner), count(0) {}
      |                ~~~~^~~~~~~~
prefetcher/triangel/triangel.h:344:7: note: shadowed declaration is here
  344 |   int capacity;
      |       ^~~~~~~~
prefetcher/triangel/triangel.h:344:7: warning: ‘RRIPCacheway<MetadataEntry>::capacity’ will be initialized after [-Wreorder]
prefetcher/triangel/triangel.h:343:15: warning:   ‘std::string RRIPCacheway<MetadataEntry>::owner’ [-Wreorder]
  343 |   std::string owner;
      |               ^~~~~
prefetcher/triangel/triangel.h:352:3: warning:   when initialized here [-Wreorder]
  352 |   RRIPCacheway(int capacity, const std::string& owner = "unknown"):capacity(capacity), owner(owner), count(0) {}
      |   ^~~~~~~~~~~~
In file included from prefetcher/baseline/baseline.h:16,
                 from prefetcher/baseline/baseline.cc:1:
/mnt/data/lyq/PRISM/inc/prism_framework.h:31:51: warning: declaration of ‘debug_level’ shadows a member of ‘SetAssociativeCache<baselineMetaTableEntry>’ [-Wshadow]
   31 |   SetAssociativeCache(int size, int num_ways, int debug_level = 0)
      |                                               ~~~~^~~~~~~~~~~~~~~
In file included from prefetcher/baseline/baseline.h:16,
                 from prefetcher/baseline/baseline.cc:1:
/mnt/data/lyq/PRISM/inc/prism_framework.h:157:7: note: shadowed declaration is here
  157 |   int debug_level = 0;
      |       ^~~~~~~~~~~
In file included from prefetcher/baseline/baseline.h:16,
                 from prefetcher/baseline/baseline.cc:1:
/mnt/data/lyq/PRISM/inc/prism_framework.h:31:37: warning: declaration of ‘num_ways’ shadows a member of ‘SetAssociativeCache<baselineMetaTableEntry>’ [-Wshadow]
   31 |   SetAssociativeCache(int size, int num_ways, int debug_level = 0)
      |                                 ~~~~^~~~~~~~
In file included from prefetcher/baseline/baseline.h:16,
                 from prefetcher/baseline/baseline.cc:1:
/mnt/data/lyq/PRISM/inc/prism_framework.h:152:7: note: shadowed declaration is here
  152 |   int num_ways;
      |       ^~~~~~~~
In file included from prefetcher/baseline/baseline.h:16,
                 from prefetcher/baseline/baseline.cc:1:
/mnt/data/lyq/PRISM/inc/prism_framework.h:31:27: warning: declaration of ‘size’ shadows a member of ‘SetAssociativeCache<baselineMetaTableEntry>’ [-Wshadow]
   31 |   SetAssociativeCache(int size, int num_ways, int debug_level = 0)
      |                       ~~~~^~~~
In file included from prefetcher/baseline/baseline.h:16,
                 from prefetcher/baseline/baseline.cc:1:
/mnt/data/lyq/PRISM/inc/prism_framework.h:151:7: note: shadowed declaration is here
  151 |   int size;
      |       ^~~~
prefetcher/triangel/triangel.h:352:49: warning: declaration of ‘owner’ shadows a member of ‘RRIPCacheway<MetadataEntry>’ [-Wshadow]
  352 |   RRIPCacheway(int capacity, const std::string& owner = "unknown"):capacity(capacity), owner(owner), count(0) {}
      |                              ~~~~~~~~~~~~~~~~~~~^~~~~~~~~~~~~~~~~
prefetcher/triangel/triangel.h:343:15: note: shadowed declaration is here
  343 |   std::string owner;
      |               ^~~~~
prefetcher/triangel/triangel.h:352:20: warning: declaration of ‘capacity’ shadows a member of ‘RRIPCacheway<MetadataEntry>’ [-Wshadow]
  352 |   RRIPCacheway(int capacity, const std::string& owner = "unknown"):capacity(capacity), owner(owner), count(0) {}
      |                ~~~~^~~~~~~~
prefetcher/triangel/triangel.h:344:7: note: shadowed declaration is here
  344 |   int capacity;
      |       ^~~~~~~~
In file included from prefetcher/baseline/baseline.h:16,
                 from prefetcher/baseline/baseline.cc:1:
/mnt/data/lyq/PRISM/inc/prism_framework.h:31:51: warning: declaration of ‘debug_level’ shadows a member of ‘SetAssociativeCache<baselineMetaTableEntry>’ [-Wshadow]
   31 |   SetAssociativeCache(int size, int num_ways, int debug_level = 0)
      |                                               ~~~~^~~~~~~~~~~~~~~
In file included from prefetcher/baseline/baseline.h:16,
                 from prefetcher/baseline/baseline.cc:1:
/mnt/data/lyq/PRISM/inc/prism_framework.h:157:7: note: shadowed declaration is here
  157 |   int debug_level = 0;
      |       ^~~~~~~~~~~
In file included from prefetcher/baseline/baseline.h:16,
                 from prefetcher/baseline/baseline.cc:1:
/mnt/data/lyq/PRISM/inc/prism_framework.h:31:37: warning: declaration of ‘num_ways’ shadows a member of ‘SetAssociativeCache<baselineMetaTableEntry>’ [-Wshadow]
   31 |   SetAssociativeCache(int size, int num_ways, int debug_level = 0)
      |                                 ~~~~^~~~~~~~
In file included from prefetcher/baseline/baseline.h:16,
                 from prefetcher/baseline/baseline.cc:1:
/mnt/data/lyq/PRISM/inc/prism_framework.h:152:7: note: shadowed declaration is here
  152 |   int num_ways;
      |       ^~~~~~~~
In file included from prefetcher/baseline/baseline.h:16,
                 from prefetcher/baseline/baseline.cc:1:
/mnt/data/lyq/PRISM/inc/prism_framework.h:31:27: warning: declaration of ‘size’ shadows a member of ‘SetAssociativeCache<baselineMetaTableEntry>’ [-Wshadow]
   31 |   SetAssociativeCache(int size, int num_ways, int debug_level = 0)
      |                       ~~~~^~~~
In file included from prefetcher/baseline/baseline.h:16,
                 from prefetcher/baseline/baseline.cc:1:
/mnt/data/lyq/PRISM/inc/prism_framework.h:151:7: note: shadowed declaration is here
  151 |   int size;
      |       ^~~~
prefetcher/triangel/triangel.h:352:49: warning: declaration of ‘owner’ shadows a member of ‘RRIPCacheway<MetadataEntry>’ [-Wshadow]
  352 |   RRIPCacheway(int capacity, const std::string& owner = "unknown"):capacity(capacity), owner(owner), count(0) {}
      |                              ~~~~~~~~~~~~~~~~~~~^~~~~~~~~~~~~~~~~
prefetcher/triangel/triangel.h:343:15: note: shadowed declaration is here
  343 |   std::string owner;
      |               ^~~~~
prefetcher/triangel/triangel.h:352:20: warning: declaration of ‘capacity’ shadows a member of ‘RRIPCacheway<MetadataEntry>’ [-Wshadow]
  352 |   RRIPCacheway(int capacity, const std::string& owner = "unknown"):capacity(capacity), owner(owner), count(0) {}
      |                ~~~~^~~~~~~~
prefetcher/triangel/triangel.h:344:7: note: shadowed declaration is here
  344 |   int capacity;
      |       ^~~~~~~~
In file included from prefetcher/baseline/baseline.h:16,
                 from prefetcher/baseline/baseline.cc:1:
/mnt/data/lyq/PRISM/inc/prism_framework.h: In instantiation of ‘SetAssociativeCache<T>::SetAssociativeCache(int, int, int) [with T = std::deque<long unsigned int>]’:
/mnt/data/lyq/PRISM/inc/prism_framework.h:254:155:   required from ‘LRUSetAssociativeCache<T>::LRUSetAssociativeCache(int, int, int) [with T = std::deque<long unsigned int>]’
prefetcher/baseline/baseline.h:91:137:   required from here
/mnt/data/lyq/PRISM/inc/prism_framework.h:31:51: warning: declaration of ‘debug_level’ shadows a member of ‘SetAssociativeCache<std::deque<long unsigned int> >’ [-Wshadow]
   31 |   SetAssociativeCache(int size, int num_ways, int debug_level = 0)
      |                                               ~~~~^~~~~~~~~~~~~~~
In file included from prefetcher/baseline/baseline.h:16,
                 from prefetcher/baseline/baseline.cc:1:
/mnt/data/lyq/PRISM/inc/prism_framework.h:157:7: note: shadowed declaration is here
  157 |   int debug_level = 0;
      |       ^~~~~~~~~~~
In file included from prefetcher/baseline/baseline.h:16,
                 from prefetcher/baseline/baseline.cc:1:
/mnt/data/lyq/PRISM/inc/prism_framework.h:31:37: warning: declaration of ‘num_ways’ shadows a member of ‘SetAssociativeCache<std::deque<long unsigned int> >’ [-Wshadow]
   31 |   SetAssociativeCache(int size, int num_ways, int debug_level = 0)
      |                                 ~~~~^~~~~~~~
In file included from prefetcher/baseline/baseline.h:16,
                 from prefetcher/baseline/baseline.cc:1:
/mnt/data/lyq/PRISM/inc/prism_framework.h:152:7: note: shadowed declaration is here
  152 |   int num_ways;
      |       ^~~~~~~~
In file included from prefetcher/baseline/baseline.h:16,
                 from prefetcher/baseline/baseline.cc:1:
/mnt/data/lyq/PRISM/inc/prism_framework.h:31:27: warning: declaration of ‘size’ shadows a member of ‘SetAssociativeCache<std::deque<long unsigned int> >’ [-Wshadow]
   31 |   SetAssociativeCache(int size, int num_ways, int debug_level = 0)
      |                       ~~~~^~~~
In file included from prefetcher/baseline/baseline.h:16,
                 from prefetcher/baseline/baseline.cc:1:
/mnt/data/lyq/PRISM/inc/prism_framework.h:151:7: note: shadowed declaration is here
  151 |   int size;
      |       ^~~~
In file included from prefetcher/baseline/baseline.h:16,
                 from prefetcher/baseline/baseline.cc:1:
/mnt/data/lyq/PRISM/inc/prism_framework.h:31:51: warning: declaration of ‘debug_level’ shadows a member of ‘SetAssociativeCache<std::deque<long unsigned int> >’ [-Wshadow]
   31 |   SetAssociativeCache(int size, int num_ways, int debug_level = 0)
      |                                               ~~~~^~~~~~~~~~~~~~~
In file included from prefetcher/baseline/baseline.h:16,
                 from prefetcher/baseline/baseline.cc:1:
/mnt/data/lyq/PRISM/inc/prism_framework.h:157:7: note: shadowed declaration is here
  157 |   int debug_level = 0;
      |       ^~~~~~~~~~~
In file included from prefetcher/baseline/baseline.h:16,
                 from prefetcher/baseline/baseline.cc:1:
/mnt/data/lyq/PRISM/inc/prism_framework.h:31:37: warning: declaration of ‘num_ways’ shadows a member of ‘SetAssociativeCache<std::deque<long unsigned int> >’ [-Wshadow]
   31 |   SetAssociativeCache(int size, int num_ways, int debug_level = 0)
      |                                 ~~~~^~~~~~~~
In file included from prefetcher/baseline/baseline.h:16,
                 from prefetcher/baseline/baseline.cc:1:
/mnt/data/lyq/PRISM/inc/prism_framework.h:152:7: note: shadowed declaration is here
  152 |   int num_ways;
      |       ^~~~~~~~
In file included from prefetcher/baseline/baseline.h:16,
                 from prefetcher/baseline/baseline.cc:1:
/mnt/data/lyq/PRISM/inc/prism_framework.h:31:27: warning: declaration of ‘size’ shadows a member of ‘SetAssociativeCache<std::deque<long unsigned int> >’ [-Wshadow]
   31 |   SetAssociativeCache(int size, int num_ways, int debug_level = 0)
      |                       ~~~~^~~~
In file included from prefetcher/baseline/baseline.h:16,
                 from prefetcher/baseline/baseline.cc:1:
/mnt/data/lyq/PRISM/inc/prism_framework.h:151:7: note: shadowed declaration is here
  151 |   int size;
      |       ^~~~
In file included from prefetcher/baseline/baseline.h:16,
                 from prefetcher/baseline/baseline.cc:1:
/mnt/data/lyq/PRISM/inc/prism_framework.h:31:51: warning: declaration of ‘debug_level’ shadows a member of ‘SetAssociativeCache<std::deque<long unsigned int> >’ [-Wshadow]
   31 |   SetAssociativeCache(int size, int num_ways, int debug_level = 0)
      |                                               ~~~~^~~~~~~~~~~~~~~
In file included from prefetcher/baseline/baseline.h:16,
                 from prefetcher/baseline/baseline.cc:1:
/mnt/data/lyq/PRISM/inc/prism_framework.h:157:7: note: shadowed declaration is here
  157 |   int debug_level = 0;
      |       ^~~~~~~~~~~
In file included from prefetcher/baseline/baseline.h:16,
                 from prefetcher/baseline/baseline.cc:1:
/mnt/data/lyq/PRISM/inc/prism_framework.h:31:37: warning: declaration of ‘num_ways’ shadows a member of ‘SetAssociativeCache<std::deque<long unsigned int> >’ [-Wshadow]
   31 |   SetAssociativeCache(int size, int num_ways, int debug_level = 0)
      |                                 ~~~~^~~~~~~~
In file included from prefetcher/baseline/baseline.h:16,
                 from prefetcher/baseline/baseline.cc:1:
/mnt/data/lyq/PRISM/inc/prism_framework.h:152:7: note: shadowed declaration is here
  152 |   int num_ways;
      |       ^~~~~~~~
In file included from prefetcher/baseline/baseline.h:16,
                 from prefetcher/baseline/baseline.cc:1:
/mnt/data/lyq/PRISM/inc/prism_framework.h:31:27: warning: declaration of ‘size’ shadows a member of ‘SetAssociativeCache<std::deque<long unsigned int> >’ [-Wshadow]
   31 |   SetAssociativeCache(int size, int num_ways, int debug_level = 0)
      |                       ~~~~^~~~
In file included from prefetcher/baseline/baseline.h:16,
                 from prefetcher/baseline/baseline.cc:1:
/mnt/data/lyq/PRISM/inc/prism_framework.h:151:7: note: shadowed declaration is here
  151 |   int size;
      |       ^~~~
prefetcher/triangel/triangel.h: In instantiation of ‘AssociativeCache<T>::AssociativeCache(uint64_t, int, ReplacementPolicy, const string&) [with T = TrainingUnitEntry; uint64_t = long unsigned int; std::string = std::__cxx11::basic_string<char>]’:
prefetcher/triangel/triangel.h:927:136:   required from here
prefetcher/triangel/triangel.h:480:39: warning: declaration of ‘ways’ shadows a member of ‘AssociativeCache<TrainingUnitEntry>’ [-Wshadow]
  480 |   AssociativeCache(uint64_t sets, int ways, ReplacementPolicy policy, const std::string& owner = "unknown") : count(0), set_mask(sets - 1), ways(ways), read_n(0), write_n(0)
      |                                   ~~~~^~~~
prefetcher/triangel/triangel.h:474:12: note: shadowed declaration is here
  474 |   uint64_t ways;
      |            ^~~~
In file included from prefetcher/prism/prism.h:18,
                 from prefetcher/prism/prism.cc:1:
/mnt/data/lyq/PRISM/inc/prism_framework.h: In instantiation of ‘SRRIPSetAssociativeCache<T>::SRRIPSetAssociativeCache(int, int, int) [with T = MetaTableEntry]’:
prefetcher/prism/prism.h:89:119:   required from here
/mnt/data/lyq/PRISM/inc/prism_framework.h:422:56: warning: declaration of ‘debug_level’ shadows a member of ‘SRRIPSetAssociativeCache<MetaTableEntry>’ [-Wshadow]
  422 |   SRRIPSetAssociativeCache(int size, int num_ways, int debug_level = 0) : Super(size, num_ways, debug_level), rrpv(this->num_sets, vector<uint64_t>(num_ways))
      |                                                    ~~~~^~~~~~~~~~~~~~~
/mnt/data/lyq/PRISM/inc/prism_framework.h:157:7: note: shadowed declaration is here
  157 |   int debug_level = 0;
      |       ^~~~~~~~~~~
/mnt/data/lyq/PRISM/inc/prism_framework.h:422:42: warning: declaration of ‘num_ways’ shadows a member of ‘SRRIPSetAssociativeCache<MetaTableEntry>’ [-Wshadow]
  422 |   SRRIPSetAssociativeCache(int size, int num_ways, int debug_level = 0) : Super(size, num_ways, debug_level), rrpv(this->num_sets, vector<uint64_t>(num_ways))
      |                                      ~~~~^~~~~~~~
/mnt/data/lyq/PRISM/inc/prism_framework.h:152:7: note: shadowed declaration is here
  152 |   int num_ways;
      |       ^~~~~~~~
/mnt/data/lyq/PRISM/inc/prism_framework.h:422:32: warning: declaration of ‘size’ shadows a member of ‘SRRIPSetAssociativeCache<MetaTableEntry>’ [-Wshadow]
  422 |   SRRIPSetAssociativeCache(int size, int num_ways, int debug_level = 0) : Super(size, num_ways, debug_level), rrpv(this->num_sets, vector<uint64_t>(num_ways))
      |                            ~~~~^~~~
/mnt/data/lyq/PRISM/inc/prism_framework.h:151:7: note: shadowed declaration is here
  151 |   int size;
      |       ^~~~
/mnt/data/lyq/PRISM/inc/prism_framework.h:422:56: warning: declaration of ‘debug_level’ shadows a member of ‘SRRIPSetAssociativeCache<MetaTableEntry>’ [-Wshadow]
  422 |   SRRIPSetAssociativeCache(int size, int num_ways, int debug_level = 0) : Super(size, num_ways, debug_level), rrpv(this->num_sets, vector<uint64_t>(num_ways))
      |                                                    ~~~~^~~~~~~~~~~~~~~
/mnt/data/lyq/PRISM/inc/prism_framework.h:157:7: note: shadowed declaration is here
  157 |   int debug_level = 0;
      |       ^~~~~~~~~~~
/mnt/data/lyq/PRISM/inc/prism_framework.h:422:42: warning: declaration of ‘num_ways’ shadows a member of ‘SRRIPSetAssociativeCache<MetaTableEntry>’ [-Wshadow]
  422 |   SRRIPSetAssociativeCache(int size, int num_ways, int debug_level = 0) : Super(size, num_ways, debug_level), rrpv(this->num_sets, vector<uint64_t>(num_ways))
      |                                      ~~~~^~~~~~~~
/mnt/data/lyq/PRISM/inc/prism_framework.h:152:7: note: shadowed declaration is here
  152 |   int num_ways;
      |       ^~~~~~~~
/mnt/data/lyq/PRISM/inc/prism_framework.h:422:32: warning: declaration of ‘size’ shadows a member of ‘SRRIPSetAssociativeCache<MetaTableEntry>’ [-Wshadow]
  422 |   SRRIPSetAssociativeCache(int size, int num_ways, int debug_level = 0) : Super(size, num_ways, debug_level), rrpv(this->num_sets, vector<uint64_t>(num_ways))
      |                            ~~~~^~~~
/mnt/data/lyq/PRISM/inc/prism_framework.h:151:7: note: shadowed declaration is here
  151 |   int size;
      |       ^~~~
/mnt/data/lyq/PRISM/inc/prism_framework.h:422:56: warning: declaration of ‘debug_level’ shadows a member of ‘SRRIPSetAssociativeCache<MetaTableEntry>’ [-Wshadow]
  422 |   SRRIPSetAssociativeCache(int size, int num_ways, int debug_level = 0) : Super(size, num_ways, debug_level), rrpv(this->num_sets, vector<uint64_t>(num_ways))
      |                                                    ~~~~^~~~~~~~~~~~~~~
/mnt/data/lyq/PRISM/inc/prism_framework.h:157:7: note: shadowed declaration is here
  157 |   int debug_level = 0;
      |       ^~~~~~~~~~~
/mnt/data/lyq/PRISM/inc/prism_framework.h:422:42: warning: declaration of ‘num_ways’ shadows a member of ‘SRRIPSetAssociativeCache<MetaTableEntry>’ [-Wshadow]
  422 |   SRRIPSetAssociativeCache(int size, int num_ways, int debug_level = 0) : Super(size, num_ways, debug_level), rrpv(this->num_sets, vector<uint64_t>(num_ways))
      |                                      ~~~~^~~~~~~~
/mnt/data/lyq/PRISM/inc/prism_framework.h:152:7: note: shadowed declaration is here
  152 |   int num_ways;
      |       ^~~~~~~~
/mnt/data/lyq/PRISM/inc/prism_framework.h:422:32: warning: declaration of ‘size’ shadows a member of ‘SRRIPSetAssociativeCache<MetaTableEntry>’ [-Wshadow]
  422 |   SRRIPSetAssociativeCache(int size, int num_ways, int debug_level = 0) : Super(size, num_ways, debug_level), rrpv(this->num_sets, vector<uint64_t>(num_ways))
      |                            ~~~~^~~~
/mnt/data/lyq/PRISM/inc/prism_framework.h:151:7: note: shadowed declaration is here
  151 |   int size;
      |       ^~~~
In file included from prefetcher/resize_kr/resize_kr.h:16,
                 from prefetcher/resize_kr/resize_kr.cc:1:
/mnt/data/lyq/PRISM/inc/prism_framework.h: In instantiation of ‘SetAssociativeCache<T>::SetAssociativeCache(int, int, int) [with T = resize_krMetaTableEntry]’:
/mnt/data/lyq/PRISM/inc/prism_framework.h:422:158:   required from ‘SRRIPSetAssociativeCache<T>::SRRIPSetAssociativeCache(int, int, int) [with T = resize_krMetaTableEntry]’
prefetcher/resize_kr/resize_kr.h:50:89:   required from here
/mnt/data/lyq/PRISM/inc/prism_framework.h:31:51: warning: declaration of ‘debug_level’ shadows a member of ‘SetAssociativeCache<resize_krMetaTableEntry>’ [-Wshadow]
   31 |   SetAssociativeCache(int size, int num_ways, int debug_level = 0)
      |                                               ~~~~^~~~~~~~~~~~~~~
In file included from prefetcher/resize_kr/resize_kr.h:16,
                 from prefetcher/resize_kr/resize_kr.cc:1:
/mnt/data/lyq/PRISM/inc/prism_framework.h:157:7: note: shadowed declaration is here
  157 |   int debug_level = 0;
      |       ^~~~~~~~~~~
In file included from prefetcher/resize_kr/resize_kr.h:16,
                 from prefetcher/resize_kr/resize_kr.cc:1:
/mnt/data/lyq/PRISM/inc/prism_framework.h:31:37: warning: declaration of ‘num_ways’ shadows a member of ‘SetAssociativeCache<resize_krMetaTableEntry>’ [-Wshadow]
   31 |   SetAssociativeCache(int size, int num_ways, int debug_level = 0)
      |                                 ~~~~^~~~~~~~
In file included from prefetcher/resize_kr/resize_kr.h:16,
                 from prefetcher/resize_kr/resize_kr.cc:1:
/mnt/data/lyq/PRISM/inc/prism_framework.h:152:7: note: shadowed declaration is here
  152 |   int num_ways;
      |       ^~~~~~~~
In file included from prefetcher/resize_kr/resize_kr.h:16,
                 from prefetcher/resize_kr/resize_kr.cc:1:
/mnt/data/lyq/PRISM/inc/prism_framework.h:31:27: warning: declaration of ‘size’ shadows a member of ‘SetAssociativeCache<resize_krMetaTableEntry>’ [-Wshadow]
   31 |   SetAssociativeCache(int size, int num_ways, int debug_level = 0)
      |                       ~~~~^~~~
In file included from prefetcher/resize_kr/resize_kr.h:16,
                 from prefetcher/resize_kr/resize_kr.cc:1:
/mnt/data/lyq/PRISM/inc/prism_framework.h:151:7: note: shadowed declaration is here
  151 |   int size;
      |       ^~~~
In file included from prefetcher/resize_kr/resize_kr.h:16,
                 from prefetcher/resize_kr/resize_kr.cc:1:
/mnt/data/lyq/PRISM/inc/prism_framework.h:31:51: warning: declaration of ‘debug_level’ shadows a member of ‘SetAssociativeCache<resize_krMetaTableEntry>’ [-Wshadow]
   31 |   SetAssociativeCache(int size, int num_ways, int debug_level = 0)
      |                                               ~~~~^~~~~~~~~~~~~~~
In file included from prefetcher/resize_kr/resize_kr.h:16,
                 from prefetcher/resize_kr/resize_kr.cc:1:
/mnt/data/lyq/PRISM/inc/prism_framework.h:157:7: note: shadowed declaration is here
  157 |   int debug_level = 0;
      |       ^~~~~~~~~~~
In file included from prefetcher/resize_kr/resize_kr.h:16,
                 from prefetcher/resize_kr/resize_kr.cc:1:
/mnt/data/lyq/PRISM/inc/prism_framework.h:31:37: warning: declaration of ‘num_ways’ shadows a member of ‘SetAssociativeCache<resize_krMetaTableEntry>’ [-Wshadow]
   31 |   SetAssociativeCache(int size, int num_ways, int debug_level = 0)
      |                                 ~~~~^~~~~~~~
In file included from prefetcher/resize_kr/resize_kr.h:16,
                 from prefetcher/resize_kr/resize_kr.cc:1:
/mnt/data/lyq/PRISM/inc/prism_framework.h:152:7: note: shadowed declaration is here
  152 |   int num_ways;
      |       ^~~~~~~~
In file included from prefetcher/resize_kr/resize_kr.h:16,
                 from prefetcher/resize_kr/resize_kr.cc:1:
/mnt/data/lyq/PRISM/inc/prism_framework.h:31:27: warning: declaration of ‘size’ shadows a member of ‘SetAssociativeCache<resize_krMetaTableEntry>’ [-Wshadow]
   31 |   SetAssociativeCache(int size, int num_ways, int debug_level = 0)
      |                       ~~~~^~~~
In file included from prefetcher/resize_kr/resize_kr.h:16,
                 from prefetcher/resize_kr/resize_kr.cc:1:
/mnt/data/lyq/PRISM/inc/prism_framework.h:151:7: note: shadowed declaration is here
  151 |   int size;
      |       ^~~~
In file included from prefetcher/resize_kr/resize_kr.h:16,
                 from prefetcher/resize_kr/resize_kr.cc:1:
/mnt/data/lyq/PRISM/inc/prism_framework.h:31:51: warning: declaration of ‘debug_level’ shadows a member of ‘SetAssociativeCache<resize_krMetaTableEntry>’ [-Wshadow]
   31 |   SetAssociativeCache(int size, int num_ways, int debug_level = 0)
      |                                               ~~~~^~~~~~~~~~~~~~~
In file included from prefetcher/resize_kr/resize_kr.h:16,
                 from prefetcher/resize_kr/resize_kr.cc:1:
/mnt/data/lyq/PRISM/inc/prism_framework.h:157:7: note: shadowed declaration is here
  157 |   int debug_level = 0;
      |       ^~~~~~~~~~~
In file included from prefetcher/resize_kr/resize_kr.h:16,
                 from prefetcher/resize_kr/resize_kr.cc:1:
/mnt/data/lyq/PRISM/inc/prism_framework.h:31:37: warning: declaration of ‘num_ways’ shadows a member of ‘SetAssociativeCache<resize_krMetaTableEntry>’ [-Wshadow]
   31 |   SetAssociativeCache(int size, int num_ways, int debug_level = 0)
      |                                 ~~~~^~~~~~~~
In file included from prefetcher/resize_kr/resize_kr.h:16,
                 from prefetcher/resize_kr/resize_kr.cc:1:
/mnt/data/lyq/PRISM/inc/prism_framework.h:152:7: note: shadowed declaration is here
  152 |   int num_ways;
      |       ^~~~~~~~
In file included from prefetcher/resize_kr/resize_kr.h:16,
                 from prefetcher/resize_kr/resize_kr.cc:1:
/mnt/data/lyq/PRISM/inc/prism_framework.h:31:27: warning: declaration of ‘size’ shadows a member of ‘SetAssociativeCache<resize_krMetaTableEntry>’ [-Wshadow]
   31 |   SetAssociativeCache(int size, int num_ways, int debug_level = 0)
      |                       ~~~~^~~~
In file included from prefetcher/resize_kr/resize_kr.h:16,
                 from prefetcher/resize_kr/resize_kr.cc:1:
/mnt/data/lyq/PRISM/inc/prism_framework.h:151:7: note: shadowed declaration is here
  151 |   int size;
      |       ^~~~
/mnt/data/lyq/PRISM/inc/prism_framework.h: In instantiation of ‘SHIPSetAssociativeCache<T>::SHIPSetAssociativeCache(int, int, int) [with T = MetaTableEntry]’:
prefetcher/prism/prism.h:124:143:   required from here
/mnt/data/lyq/PRISM/inc/prism_framework.h:287:55: warning: declaration of ‘debug_level’ shadows a member of ‘SHIPSetAssociativeCache<MetaTableEntry>’ [-Wshadow]
  287 |   SHIPSetAssociativeCache(int size, int num_ways, int debug_level = 0)
      |                                                   ~~~~^~~~~~~~~~~~~~~
/mnt/data/lyq/PRISM/inc/prism_framework.h:157:7: note: shadowed declaration is here
  157 |   int debug_level = 0;
      |       ^~~~~~~~~~~
/mnt/data/lyq/PRISM/inc/prism_framework.h:287:41: warning: declaration of ‘num_ways’ shadows a member of ‘SHIPSetAssociativeCache<MetaTableEntry>’ [-Wshadow]
  287 |   SHIPSetAssociativeCache(int size, int num_ways, int debug_level = 0)
      |                                     ~~~~^~~~~~~~
/mnt/data/lyq/PRISM/inc/prism_framework.h:152:7: note: shadowed declaration is here
  152 |   int num_ways;
      |       ^~~~~~~~
/mnt/data/lyq/PRISM/inc/prism_framework.h:287:31: warning: declaration of ‘size’ shadows a member of ‘SHIPSetAssociativeCache<MetaTableEntry>’ [-Wshadow]
  287 |   SHIPSetAssociativeCache(int size, int num_ways, int debug_level = 0)
      |                           ~~~~^~~~
/mnt/data/lyq/PRISM/inc/prism_framework.h:151:7: note: shadowed declaration is here
  151 |   int size;
      |       ^~~~
In file included from prefetcher/resize_kr/resize_kr.h:16,
                 from prefetcher/resize_kr/resize_kr.cc:1:
/mnt/data/lyq/PRISM/inc/prism_framework.h: In instantiation of ‘SetAssociativeCache<T>::SetAssociativeCache(int, int, int) [with T = std::deque<long unsigned int>]’:
/mnt/data/lyq/PRISM/inc/prism_framework.h:254:155:   required from ‘LRUSetAssociativeCache<T>::LRUSetAssociativeCache(int, int, int) [with T = std::deque<long unsigned int>]’
prefetcher/resize_kr/resize_kr.h:95:137:   required from here
/mnt/data/lyq/PRISM/inc/prism_framework.h:31:51: warning: declaration of ‘debug_level’ shadows a member of ‘SetAssociativeCache<std::deque<long unsigned int> >’ [-Wshadow]
   31 |   SetAssociativeCache(int size, int num_ways, int debug_level = 0)
      |                                               ~~~~^~~~~~~~~~~~~~~
In file included from prefetcher/resize_kr/resize_kr.h:16,
                 from prefetcher/resize_kr/resize_kr.cc:1:
/mnt/data/lyq/PRISM/inc/prism_framework.h:157:7: note: shadowed declaration is here
  157 |   int debug_level = 0;
      |       ^~~~~~~~~~~
In file included from prefetcher/resize_kr/resize_kr.h:16,
                 from prefetcher/resize_kr/resize_kr.cc:1:
/mnt/data/lyq/PRISM/inc/prism_framework.h:31:37: warning: declaration of ‘num_ways’ shadows a member of ‘SetAssociativeCache<std::deque<long unsigned int> >’ [-Wshadow]
   31 |   SetAssociativeCache(int size, int num_ways, int debug_level = 0)
      |                                 ~~~~^~~~~~~~
In file included from prefetcher/resize_kr/resize_kr.h:16,
                 from prefetcher/resize_kr/resize_kr.cc:1:
/mnt/data/lyq/PRISM/inc/prism_framework.h:152:7: note: shadowed declaration is here
  152 |   int num_ways;
      |       ^~~~~~~~
In file included from prefetcher/resize_kr/resize_kr.h:16,
                 from prefetcher/resize_kr/resize_kr.cc:1:
/mnt/data/lyq/PRISM/inc/prism_framework.h:31:27: warning: declaration of ‘size’ shadows a member of ‘SetAssociativeCache<std::deque<long unsigned int> >’ [-Wshadow]
   31 |   SetAssociativeCache(int size, int num_ways, int debug_level = 0)
      |                       ~~~~^~~~
In file included from prefetcher/resize_kr/resize_kr.h:16,
                 from prefetcher/resize_kr/resize_kr.cc:1:
/mnt/data/lyq/PRISM/inc/prism_framework.h:151:7: note: shadowed declaration is here
  151 |   int size;
      |       ^~~~
In file included from prefetcher/resize_kr/resize_kr.h:16,
                 from prefetcher/resize_kr/resize_kr.cc:1:
/mnt/data/lyq/PRISM/inc/prism_framework.h:31:51: warning: declaration of ‘debug_level’ shadows a member of ‘SetAssociativeCache<std::deque<long unsigned int> >’ [-Wshadow]
   31 |   SetAssociativeCache(int size, int num_ways, int debug_level = 0)
      |                                               ~~~~^~~~~~~~~~~~~~~
In file included from prefetcher/resize_kr/resize_kr.h:16,
                 from prefetcher/resize_kr/resize_kr.cc:1:
/mnt/data/lyq/PRISM/inc/prism_framework.h:157:7: note: shadowed declaration is here
  157 |   int debug_level = 0;
      |       ^~~~~~~~~~~
In file included from prefetcher/resize_kr/resize_kr.h:16,
                 from prefetcher/resize_kr/resize_kr.cc:1:
/mnt/data/lyq/PRISM/inc/prism_framework.h:31:37: warning: declaration of ‘num_ways’ shadows a member of ‘SetAssociativeCache<std::deque<long unsigned int> >’ [-Wshadow]
   31 |   SetAssociativeCache(int size, int num_ways, int debug_level = 0)
      |                                 ~~~~^~~~~~~~
In file included from prefetcher/resize_kr/resize_kr.h:16,
                 from prefetcher/resize_kr/resize_kr.cc:1:
/mnt/data/lyq/PRISM/inc/prism_framework.h:152:7: note: shadowed declaration is here
  152 |   int num_ways;
      |       ^~~~~~~~
In file included from prefetcher/resize_kr/resize_kr.h:16,
                 from prefetcher/resize_kr/resize_kr.cc:1:
/mnt/data/lyq/PRISM/inc/prism_framework.h:31:27: warning: declaration of ‘size’ shadows a member of ‘SetAssociativeCache<std::deque<long unsigned int> >’ [-Wshadow]
   31 |   SetAssociativeCache(int size, int num_ways, int debug_level = 0)
      |                       ~~~~^~~~
In file included from prefetcher/resize_kr/resize_kr.h:16,
                 from prefetcher/resize_kr/resize_kr.cc:1:
/mnt/data/lyq/PRISM/inc/prism_framework.h:151:7: note: shadowed declaration is here
  151 |   int size;
      |       ^~~~
In file included from prefetcher/resize_kr/resize_kr.h:16,
                 from prefetcher/resize_kr/resize_kr.cc:1:
/mnt/data/lyq/PRISM/inc/prism_framework.h:31:51: warning: declaration of ‘debug_level’ shadows a member of ‘SetAssociativeCache<std::deque<long unsigned int> >’ [-Wshadow]
   31 |   SetAssociativeCache(int size, int num_ways, int debug_level = 0)
      |                                               ~~~~^~~~~~~~~~~~~~~
In file included from prefetcher/resize_kr/resize_kr.h:16,
                 from prefetcher/resize_kr/resize_kr.cc:1:
/mnt/data/lyq/PRISM/inc/prism_framework.h:157:7: note: shadowed declaration is here
  157 |   int debug_level = 0;
      |       ^~~~~~~~~~~
In file included from prefetcher/resize_kr/resize_kr.h:16,
                 from prefetcher/resize_kr/resize_kr.cc:1:
/mnt/data/lyq/PRISM/inc/prism_framework.h:31:37: warning: declaration of ‘num_ways’ shadows a member of ‘SetAssociativeCache<std::deque<long unsigned int> >’ [-Wshadow]
   31 |   SetAssociativeCache(int size, int num_ways, int debug_level = 0)
      |                                 ~~~~^~~~~~~~
In file included from prefetcher/resize_kr/resize_kr.h:16,
                 from prefetcher/resize_kr/resize_kr.cc:1:
/mnt/data/lyq/PRISM/inc/prism_framework.h:152:7: note: shadowed declaration is here
  152 |   int num_ways;
      |       ^~~~~~~~
In file included from prefetcher/resize_kr/resize_kr.h:16,
                 from prefetcher/resize_kr/resize_kr.cc:1:
/mnt/data/lyq/PRISM/inc/prism_framework.h:31:27: warning: declaration of ‘size’ shadows a member of ‘SetAssociativeCache<std::deque<long unsigned int> >’ [-Wshadow]
   31 |   SetAssociativeCache(int size, int num_ways, int debug_level = 0)
      |                       ~~~~^~~~
In file included from prefetcher/resize_kr/resize_kr.h:16,
                 from prefetcher/resize_kr/resize_kr.cc:1:
/mnt/data/lyq/PRISM/inc/prism_framework.h:151:7: note: shadowed declaration is here
  151 |   int size;
      |       ^~~~
/mnt/data/lyq/PRISM/inc/prism_framework.h:287:55: warning: declaration of ‘debug_level’ shadows a member of ‘SHIPSetAssociativeCache<MetaTableEntry>’ [-Wshadow]
  287 |   SHIPSetAssociativeCache(int size, int num_ways, int debug_level = 0)
      |                                                   ~~~~^~~~~~~~~~~~~~~
/mnt/data/lyq/PRISM/inc/prism_framework.h:157:7: note: shadowed declaration is here
  157 |   int debug_level = 0;
      |       ^~~~~~~~~~~
/mnt/data/lyq/PRISM/inc/prism_framework.h:287:41: warning: declaration of ‘num_ways’ shadows a member of ‘SHIPSetAssociativeCache<MetaTableEntry>’ [-Wshadow]
  287 |   SHIPSetAssociativeCache(int size, int num_ways, int debug_level = 0)
      |                                     ~~~~^~~~~~~~
/mnt/data/lyq/PRISM/inc/prism_framework.h:152:7: note: shadowed declaration is here
  152 |   int num_ways;
      |       ^~~~~~~~
/mnt/data/lyq/PRISM/inc/prism_framework.h:287:31: warning: declaration of ‘size’ shadows a member of ‘SHIPSetAssociativeCache<MetaTableEntry>’ [-Wshadow]
  287 |   SHIPSetAssociativeCache(int size, int num_ways, int debug_level = 0)
      |                           ~~~~^~~~
/mnt/data/lyq/PRISM/inc/prism_framework.h:151:7: note: shadowed declaration is here
  151 |   int size;
      |       ^~~~
/mnt/data/lyq/PRISM/inc/prism_framework.h:287:55: warning: declaration of ‘debug_level’ shadows a member of ‘SHIPSetAssociativeCache<MetaTableEntry>’ [-Wshadow]
  287 |   SHIPSetAssociativeCache(int size, int num_ways, int debug_level = 0)
      |                                                   ~~~~^~~~~~~~~~~~~~~
/mnt/data/lyq/PRISM/inc/prism_framework.h:157:7: note: shadowed declaration is here
  157 |   int debug_level = 0;
      |       ^~~~~~~~~~~
/mnt/data/lyq/PRISM/inc/prism_framework.h:287:41: warning: declaration of ‘num_ways’ shadows a member of ‘SHIPSetAssociativeCache<MetaTableEntry>’ [-Wshadow]
  287 |   SHIPSetAssociativeCache(int size, int num_ways, int debug_level = 0)
      |                                     ~~~~^~~~~~~~
/mnt/data/lyq/PRISM/inc/prism_framework.h:152:7: note: shadowed declaration is here
  152 |   int num_ways;
      |       ^~~~~~~~
/mnt/data/lyq/PRISM/inc/prism_framework.h:287:31: warning: declaration of ‘size’ shadows a member of ‘SHIPSetAssociativeCache<MetaTableEntry>’ [-Wshadow]
  287 |   SHIPSetAssociativeCache(int size, int num_ways, int debug_level = 0)
      |                           ~~~~^~~~
/mnt/data/lyq/PRISM/inc/prism_framework.h:151:7: note: shadowed declaration is here
  151 |   int size;
      |       ^~~~
prefetcher/resize_tr/../triangel/triangel.h: In constructor ‘SetDuellerEntry::SetDuellerEntry(uint64_t)’:
prefetcher/resize_tr/../triangel/triangel.h:689:28: warning: declaration of ‘set’ shadows a member of ‘SetDuellerEntry’ [-Wshadow]
  689 |   SetDuellerEntry(uint64_t set) : set(set) {}
      |                   ~~~~~~~~~^~~
prefetcher/resize_tr/../triangel/triangel.h:682:12: note: shadowed declaration is here
  682 |   uint64_t set; // which set this entry corresponds to (0 ~ 2047)
      |            ^~~
prefetcher/resize_tr/../triangel/triangel.h: In constructor ‘SetDuellerEntry::SetDuellerEntry(uint64_t)’:
prefetcher/resize_tr/../triangel/triangel.h:689:28: warning: declaration of ‘set’ shadows a member of ‘SetDuellerEntry’ [-Wshadow]
  689 |   SetDuellerEntry(uint64_t set) : set(set) {}
      |                   ~~~~~~~~~^~~
prefetcher/resize_tr/../triangel/triangel.h:682:12: note: shadowed declaration is here
  682 |   uint64_t set; // which set this entry corresponds to (0 ~ 2047)
      |            ^~~
/mnt/data/lyq/PRISM/inc/prism_framework.h: In instantiation of ‘FIFOSetAssociativeCache<T>::FIFOSetAssociativeCache(int, int, int) [with T = pf_filter_entry]’:
prefetcher/prism/prism.h:167:107:   required from here
/mnt/data/lyq/PRISM/inc/prism_framework.h:166:55: warning: declaration of ‘debug_level’ shadows a member of ‘FIFOSetAssociativeCache<pf_filter_entry>’ [-Wshadow]
  166 |   FIFOSetAssociativeCache(int size, int num_ways, int debug_level = 0) : Super(size, num_ways, debug_level), fifo_ptr(this->num_sets, 0) {}
      |                                                   ~~~~^~~~~~~~~~~~~~~
/mnt/data/lyq/PRISM/inc/prism_framework.h:157:7: note: shadowed declaration is here
  157 |   int debug_level = 0;
      |       ^~~~~~~~~~~
/mnt/data/lyq/PRISM/inc/prism_framework.h:166:41: warning: declaration of ‘num_ways’ shadows a member of ‘FIFOSetAssociativeCache<pf_filter_entry>’ [-Wshadow]
  166 |   FIFOSetAssociativeCache(int size, int num_ways, int debug_level = 0) : Super(size, num_ways, debug_level), fifo_ptr(this->num_sets, 0) {}
      |                                     ~~~~^~~~~~~~
/mnt/data/lyq/PRISM/inc/prism_framework.h:152:7: note: shadowed declaration is here
  152 |   int num_ways;
      |       ^~~~~~~~
/mnt/data/lyq/PRISM/inc/prism_framework.h:166:31: warning: declaration of ‘size’ shadows a member of ‘FIFOSetAssociativeCache<pf_filter_entry>’ [-Wshadow]
  166 |   FIFOSetAssociativeCache(int size, int num_ways, int debug_level = 0) : Super(size, num_ways, debug_level), fifo_ptr(this->num_sets, 0) {}
      |                           ~~~~^~~~
/mnt/data/lyq/PRISM/inc/prism_framework.h:151:7: note: shadowed declaration is here
  151 |   int size;
      |       ^~~~
prefetcher/resize_tr/../triangel/triangel.h: In constructor ‘SetDuellerEntry::SetDuellerEntry(uint64_t)’:
prefetcher/resize_tr/../triangel/triangel.h:689:28: warning: declaration of ‘set’ shadows a member of ‘SetDuellerEntry’ [-Wshadow]
  689 |   SetDuellerEntry(uint64_t set) : set(set) {}
      |                   ~~~~~~~~~^~~
prefetcher/resize_tr/../triangel/triangel.h:682:12: note: shadowed declaration is here
  682 |   uint64_t set; // which set this entry corresponds to (0 ~ 2047)
      |            ^~~
/mnt/data/lyq/PRISM/inc/prism_framework.h:166:55: warning: declaration of ‘debug_level’ shadows a member of ‘FIFOSetAssociativeCache<pf_filter_entry>’ [-Wshadow]
  166 |   FIFOSetAssociativeCache(int size, int num_ways, int debug_level = 0) : Super(size, num_ways, debug_level), fifo_ptr(this->num_sets, 0) {}
      |                                                   ~~~~^~~~~~~~~~~~~~~
/mnt/data/lyq/PRISM/inc/prism_framework.h:157:7: note: shadowed declaration is here
  157 |   int debug_level = 0;
      |       ^~~~~~~~~~~
/mnt/data/lyq/PRISM/inc/prism_framework.h:166:41: warning: declaration of ‘num_ways’ shadows a member of ‘FIFOSetAssociativeCache<pf_filter_entry>’ [-Wshadow]
  166 |   FIFOSetAssociativeCache(int size, int num_ways, int debug_level = 0) : Super(size, num_ways, debug_level), fifo_ptr(this->num_sets, 0) {}
      |                                     ~~~~^~~~~~~~
/mnt/data/lyq/PRISM/inc/prism_framework.h:152:7: note: shadowed declaration is here
  152 |   int num_ways;
      |       ^~~~~~~~
/mnt/data/lyq/PRISM/inc/prism_framework.h:166:31: warning: declaration of ‘size’ shadows a member of ‘FIFOSetAssociativeCache<pf_filter_entry>’ [-Wshadow]
  166 |   FIFOSetAssociativeCache(int size, int num_ways, int debug_level = 0) : Super(size, num_ways, debug_level), fifo_ptr(this->num_sets, 0) {}
      |                           ~~~~^~~~
/mnt/data/lyq/PRISM/inc/prism_framework.h:151:7: note: shadowed declaration is here
  151 |   int size;
      |       ^~~~
/mnt/data/lyq/PRISM/inc/prism_framework.h:166:55: warning: declaration of ‘debug_level’ shadows a member of ‘FIFOSetAssociativeCache<pf_filter_entry>’ [-Wshadow]
  166 |   FIFOSetAssociativeCache(int size, int num_ways, int debug_level = 0) : Super(size, num_ways, debug_level), fifo_ptr(this->num_sets, 0) {}
      |                                                   ~~~~^~~~~~~~~~~~~~~
/mnt/data/lyq/PRISM/inc/prism_framework.h:157:7: note: shadowed declaration is here
  157 |   int debug_level = 0;
      |       ^~~~~~~~~~~
/mnt/data/lyq/PRISM/inc/prism_framework.h:166:41: warning: declaration of ‘num_ways’ shadows a member of ‘FIFOSetAssociativeCache<pf_filter_entry>’ [-Wshadow]
  166 |   FIFOSetAssociativeCache(int size, int num_ways, int debug_level = 0) : Super(size, num_ways, debug_level), fifo_ptr(this->num_sets, 0) {}
      |                                     ~~~~^~~~~~~~
/mnt/data/lyq/PRISM/inc/prism_framework.h:152:7: note: shadowed declaration is here
  152 |   int num_ways;
      |       ^~~~~~~~
/mnt/data/lyq/PRISM/inc/prism_framework.h:166:31: warning: declaration of ‘size’ shadows a member of ‘FIFOSetAssociativeCache<pf_filter_entry>’ [-Wshadow]
  166 |   FIFOSetAssociativeCache(int size, int num_ways, int debug_level = 0) : Super(size, num_ways, debug_level), fifo_ptr(this->num_sets, 0) {}
      |                           ~~~~^~~~
/mnt/data/lyq/PRISM/inc/prism_framework.h:151:7: note: shadowed declaration is here
  151 |   int size;
      |       ^~~~
In file included from prefetcher/prophet/prophet.h:16,
                 from prefetcher/prophet/prophet.cc:1:
/mnt/data/lyq/PRISM/inc/prism_framework.h: In instantiation of ‘SetAssociativeCache<T>::SetAssociativeCache(int, int, int) [with T = ProphetMetaTableEntry]’:
/mnt/data/lyq/PRISM/inc/prism_framework.h:254:155:   required from ‘LRUSetAssociativeCache<T>::LRUSetAssociativeCache(int, int, int) [with T = ProphetMetaTableEntry]’
prefetcher/prophet/prophet.h:70:120:   required from here
/mnt/data/lyq/PRISM/inc/prism_framework.h:31:51: warning: declaration of ‘debug_level’ shadows a member of ‘SetAssociativeCache<ProphetMetaTableEntry>’ [-Wshadow]
   31 |   SetAssociativeCache(int size, int num_ways, int debug_level = 0)
      |                                               ~~~~^~~~~~~~~~~~~~~
In file included from prefetcher/prophet/prophet.h:16,
                 from prefetcher/prophet/prophet.cc:1:
/mnt/data/lyq/PRISM/inc/prism_framework.h:157:7: note: shadowed declaration is here
  157 |   int debug_level = 0;
      |       ^~~~~~~~~~~
In file included from prefetcher/prophet/prophet.h:16,
                 from prefetcher/prophet/prophet.cc:1:
/mnt/data/lyq/PRISM/inc/prism_framework.h:31:37: warning: declaration of ‘num_ways’ shadows a member of ‘SetAssociativeCache<ProphetMetaTableEntry>’ [-Wshadow]
   31 |   SetAssociativeCache(int size, int num_ways, int debug_level = 0)
      |                                 ~~~~^~~~~~~~
In file included from prefetcher/prophet/prophet.h:16,
                 from prefetcher/prophet/prophet.cc:1:
/mnt/data/lyq/PRISM/inc/prism_framework.h:152:7: note: shadowed declaration is here
  152 |   int num_ways;
      |       ^~~~~~~~
In file included from prefetcher/prophet/prophet.h:16,
                 from prefetcher/prophet/prophet.cc:1:
/mnt/data/lyq/PRISM/inc/prism_framework.h:31:27: warning: declaration of ‘size’ shadows a member of ‘SetAssociativeCache<ProphetMetaTableEntry>’ [-Wshadow]
   31 |   SetAssociativeCache(int size, int num_ways, int debug_level = 0)
      |                       ~~~~^~~~
In file included from prefetcher/prophet/prophet.h:16,
                 from prefetcher/prophet/prophet.cc:1:
/mnt/data/lyq/PRISM/inc/prism_framework.h:151:7: note: shadowed declaration is here
  151 |   int size;
      |       ^~~~
In file included from prefetcher/prophet/prophet.h:16,
                 from prefetcher/prophet/prophet.cc:1:
/mnt/data/lyq/PRISM/inc/prism_framework.h:31:51: warning: declaration of ‘debug_level’ shadows a member of ‘SetAssociativeCache<ProphetMetaTableEntry>’ [-Wshadow]
   31 |   SetAssociativeCache(int size, int num_ways, int debug_level = 0)
      |                                               ~~~~^~~~~~~~~~~~~~~
In file included from prefetcher/prophet/prophet.h:16,
                 from prefetcher/prophet/prophet.cc:1:
/mnt/data/lyq/PRISM/inc/prism_framework.h:157:7: note: shadowed declaration is here
  157 |   int debug_level = 0;
      |       ^~~~~~~~~~~
In file included from prefetcher/prophet/prophet.h:16,
                 from prefetcher/prophet/prophet.cc:1:
/mnt/data/lyq/PRISM/inc/prism_framework.h:31:37: warning: declaration of ‘num_ways’ shadows a member of ‘SetAssociativeCache<ProphetMetaTableEntry>’ [-Wshadow]
   31 |   SetAssociativeCache(int size, int num_ways, int debug_level = 0)
      |                                 ~~~~^~~~~~~~
In file included from prefetcher/prophet/prophet.h:16,
                 from prefetcher/prophet/prophet.cc:1:
/mnt/data/lyq/PRISM/inc/prism_framework.h:152:7: note: shadowed declaration is here
  152 |   int num_ways;
      |       ^~~~~~~~
In file included from prefetcher/prophet/prophet.h:16,
                 from prefetcher/prophet/prophet.cc:1:
/mnt/data/lyq/PRISM/inc/prism_framework.h:31:27: warning: declaration of ‘size’ shadows a member of ‘SetAssociativeCache<ProphetMetaTableEntry>’ [-Wshadow]
   31 |   SetAssociativeCache(int size, int num_ways, int debug_level = 0)
      |                       ~~~~^~~~
In file included from prefetcher/prophet/prophet.h:16,
                 from prefetcher/prophet/prophet.cc:1:
/mnt/data/lyq/PRISM/inc/prism_framework.h:151:7: note: shadowed declaration is here
  151 |   int size;
      |       ^~~~
prefetcher/triangel/triangel.h:480:39: warning: declaration of ‘ways’ shadows a member of ‘AssociativeCache<TrainingUnitEntry>’ [-Wshadow]
  480 |   AssociativeCache(uint64_t sets, int ways, ReplacementPolicy policy, const std::string& owner = "unknown") : count(0), set_mask(sets - 1), ways(ways), read_n(0), write_n(0)
      |                                   ~~~~^~~~
prefetcher/triangel/triangel.h:474:12: note: shadowed declaration is here
  474 |   uint64_t ways;
      |            ^~~~
In file included from prefetcher/prophet/prophet.h:16,
                 from prefetcher/prophet/prophet.cc:1:
/mnt/data/lyq/PRISM/inc/prism_framework.h:31:51: warning: declaration of ‘debug_level’ shadows a member of ‘SetAssociativeCache<ProphetMetaTableEntry>’ [-Wshadow]
   31 |   SetAssociativeCache(int size, int num_ways, int debug_level = 0)
      |                                               ~~~~^~~~~~~~~~~~~~~
In file included from prefetcher/prophet/prophet.h:16,
                 from prefetcher/prophet/prophet.cc:1:
/mnt/data/lyq/PRISM/inc/prism_framework.h:157:7: note: shadowed declaration is here
  157 |   int debug_level = 0;
      |       ^~~~~~~~~~~
prefetcher/triangel/triangel.h:480:39: warning: declaration of ‘ways’ shadows a member of ‘AssociativeCache<TrainingUnitEntry>’ [-Wshadow]
  480 |   AssociativeCache(uint64_t sets, int ways, ReplacementPolicy policy, const std::string& owner = "unknown") : count(0), set_mask(sets - 1), ways(ways), read_n(0), write_n(0)
      |                                   ~~~~^~~~
prefetcher/triangel/triangel.h:474:12: note: shadowed declaration is here
  474 |   uint64_t ways;
      |            ^~~~
In file included from prefetcher/prophet/prophet.h:16,
                 from prefetcher/prophet/prophet.cc:1:
/mnt/data/lyq/PRISM/inc/prism_framework.h:31:37: warning: declaration of ‘num_ways’ shadows a member of ‘SetAssociativeCache<ProphetMetaTableEntry>’ [-Wshadow]
   31 |   SetAssociativeCache(int size, int num_ways, int debug_level = 0)
      |                                 ~~~~^~~~~~~~
In file included from prefetcher/prophet/prophet.h:16,
                 from prefetcher/prophet/prophet.cc:1:
/mnt/data/lyq/PRISM/inc/prism_framework.h:152:7: note: shadowed declaration is here
  152 |   int num_ways;
      |       ^~~~~~~~
In file included from prefetcher/prophet/prophet.h:16,
                 from prefetcher/prophet/prophet.cc:1:
/mnt/data/lyq/PRISM/inc/prism_framework.h:31:27: warning: declaration of ‘size’ shadows a member of ‘SetAssociativeCache<ProphetMetaTableEntry>’ [-Wshadow]
   31 |   SetAssociativeCache(int size, int num_ways, int debug_level = 0)
      |                       ~~~~^~~~
In file included from prefetcher/prophet/prophet.h:16,
                 from prefetcher/prophet/prophet.cc:1:
/mnt/data/lyq/PRISM/inc/prism_framework.h:151:7: note: shadowed declaration is here
  151 |   int size;
      |       ^~~~
prefetcher/triangel/triangel.h: In instantiation of ‘AssociativeCache<T>::AssociativeCache(uint64_t, int, ReplacementPolicy, const string&) [with T = HistorySamplerEntry; uint64_t = long unsigned int; std::string = std::__cxx11::basic_string<char>]’:
prefetcher/triangel/triangel.h:928:140:   required from here
prefetcher/triangel/triangel.h:480:39: warning: declaration of ‘ways’ shadows a member of ‘AssociativeCache<HistorySamplerEntry>’ [-Wshadow]
  480 |   AssociativeCache(uint64_t sets, int ways, ReplacementPolicy policy, const std::string& owner = "unknown") : count(0), set_mask(sets - 1), ways(ways), read_n(0), write_n(0)
      |                                   ~~~~^~~~
prefetcher/triangel/triangel.h:474:12: note: shadowed declaration is here
  474 |   uint64_t ways;
      |            ^~~~
In file included from prefetcher/prophet/prophet.h:16,
                 from prefetcher/prophet/prophet.cc:1:
/mnt/data/lyq/PRISM/inc/prism_framework.h: In instantiation of ‘SetAssociativeCache<T>::SetAssociativeCache(int, int, int) [with T = ProphetMRBTableEntry]’:
/mnt/data/lyq/PRISM/inc/prism_framework.h:254:155:   required from ‘LRUSetAssociativeCache<T>::LRUSetAssociativeCache(int, int, int) [with T = ProphetMRBTableEntry]’
prefetcher/prophet/prophet.h:129:65:   required from here
/mnt/data/lyq/PRISM/inc/prism_framework.h:31:51: warning: declaration of ‘debug_level’ shadows a member of ‘SetAssociativeCache<ProphetMRBTableEntry>’ [-Wshadow]
   31 |   SetAssociativeCache(int size, int num_ways, int debug_level = 0)
      |                                               ~~~~^~~~~~~~~~~~~~~
/mnt/data/lyq/PRISM/inc/prism_framework.h: In instantiation of ‘LRUSetAssociativeCache<T>::LRUSetAssociativeCache(int, int, int) [with T = prism::PCTableEntry]’:
prefetcher/prism/prism.h:286:121:   required from here
/mnt/data/lyq/PRISM/inc/prism_framework.h:254:54: warning: declaration of ‘debug_level’ shadows a member of ‘LRUSetAssociativeCache<prism::PCTableEntry>’ [-Wshadow]
  254 |   LRUSetAssociativeCache(int size, int num_ways, int debug_level = 0) : Super(size, num_ways, debug_level), lru(this->num_sets, vector<uint64_t>(num_ways)) {}
      |                                                  ~~~~^~~~~~~~~~~~~~~
In file included from prefetcher/prophet/prophet.h:16,
                 from prefetcher/prophet/prophet.cc:1:
/mnt/data/lyq/PRISM/inc/prism_framework.h:157:7: note: shadowed declaration is here
  157 |   int debug_level = 0;
      |       ^~~~~~~~~~~
/mnt/data/lyq/PRISM/inc/prism_framework.h:157:7: note: shadowed declaration is here
  157 |   int debug_level = 0;
      |       ^~~~~~~~~~~
In file included from prefetcher/prophet/prophet.h:16,
                 from prefetcher/prophet/prophet.cc:1:
/mnt/data/lyq/PRISM/inc/prism_framework.h:31:37: warning: declaration of ‘num_ways’ shadows a member of ‘SetAssociativeCache<ProphetMRBTableEntry>’ [-Wshadow]
   31 |   SetAssociativeCache(int size, int num_ways, int debug_level = 0)
      |                                 ~~~~^~~~~~~~
/mnt/data/lyq/PRISM/inc/prism_framework.h:254:40: warning: declaration of ‘num_ways’ shadows a member of ‘LRUSetAssociativeCache<prism::PCTableEntry>’ [-Wshadow]
  254 |   LRUSetAssociativeCache(int size, int num_ways, int debug_level = 0) : Super(size, num_ways, debug_level), lru(this->num_sets, vector<uint64_t>(num_ways)) {}
      |                                    ~~~~^~~~~~~~
In file included from prefetcher/prophet/prophet.h:16,
                 from prefetcher/prophet/prophet.cc:1:
/mnt/data/lyq/PRISM/inc/prism_framework.h:152:7: note: shadowed declaration is here
  152 |   int num_ways;
      |       ^~~~~~~~
/mnt/data/lyq/PRISM/inc/prism_framework.h:152:7: note: shadowed declaration is here
  152 |   int num_ways;
      |       ^~~~~~~~
In file included from prefetcher/prophet/prophet.h:16,
                 from prefetcher/prophet/prophet.cc:1:
/mnt/data/lyq/PRISM/inc/prism_framework.h:31:27: warning: declaration of ‘size’ shadows a member of ‘SetAssociativeCache<ProphetMRBTableEntry>’ [-Wshadow]
   31 |   SetAssociativeCache(int size, int num_ways, int debug_level = 0)
      |                       ~~~~^~~~
In file included from prefetcher/prophet/prophet.h:16,
                 from prefetcher/prophet/prophet.cc:1:
/mnt/data/lyq/PRISM/inc/prism_framework.h:151:7: note: shadowed declaration is here
  151 |   int size;
      |       ^~~~
/mnt/data/lyq/PRISM/inc/prism_framework.h:254:30: warning: declaration of ‘size’ shadows a member of ‘LRUSetAssociativeCache<prism::PCTableEntry>’ [-Wshadow]
  254 |   LRUSetAssociativeCache(int size, int num_ways, int debug_level = 0) : Super(size, num_ways, debug_level), lru(this->num_sets, vector<uint64_t>(num_ways)) {}
      |                          ~~~~^~~~
/mnt/data/lyq/PRISM/inc/prism_framework.h:151:7: note: shadowed declaration is here
  151 |   int size;
      |       ^~~~
/mnt/data/lyq/PRISM/inc/prism_framework.h:254:54: warning: declaration of ‘debug_level’ shadows a member of ‘LRUSetAssociativeCache<prism::PCTableEntry>’ [-Wshadow]
  254 |   LRUSetAssociativeCache(int size, int num_ways, int debug_level = 0) : Super(size, num_ways, debug_level), lru(this->num_sets, vector<uint64_t>(num_ways)) {}
      |                                                  ~~~~^~~~~~~~~~~~~~~
/mnt/data/lyq/PRISM/inc/prism_framework.h:157:7: note: shadowed declaration is here
  157 |   int debug_level = 0;
      |       ^~~~~~~~~~~
/mnt/data/lyq/PRISM/inc/prism_framework.h:254:40: warning: declaration of ‘num_ways’ shadows a member of ‘LRUSetAssociativeCache<prism::PCTableEntry>’ [-Wshadow]
  254 |   LRUSetAssociativeCache(int size, int num_ways, int debug_level = 0) : Super(size, num_ways, debug_level), lru(this->num_sets, vector<uint64_t>(num_ways)) {}
      |                                    ~~~~^~~~~~~~
/mnt/data/lyq/PRISM/inc/prism_framework.h:152:7: note: shadowed declaration is here
  152 |   int num_ways;
      |       ^~~~~~~~
/mnt/data/lyq/PRISM/inc/prism_framework.h:254:30: warning: declaration of ‘size’ shadows a member of ‘LRUSetAssociativeCache<prism::PCTableEntry>’ [-Wshadow]
  254 |   LRUSetAssociativeCache(int size, int num_ways, int debug_level = 0) : Super(size, num_ways, debug_level), lru(this->num_sets, vector<uint64_t>(num_ways)) {}
      |                          ~~~~^~~~
/mnt/data/lyq/PRISM/inc/prism_framework.h:151:7: note: shadowed declaration is here
  151 |   int size;
      |       ^~~~
/mnt/data/lyq/PRISM/inc/prism_framework.h:254:54: warning: declaration of ‘debug_level’ shadows a member of ‘LRUSetAssociativeCache<prism::PCTableEntry>’ [-Wshadow]
  254 |   LRUSetAssociativeCache(int size, int num_ways, int debug_level = 0) : Super(size, num_ways, debug_level), lru(this->num_sets, vector<uint64_t>(num_ways)) {}
      |                                                  ~~~~^~~~~~~~~~~~~~~
/mnt/data/lyq/PRISM/inc/prism_framework.h:157:7: note: shadowed declaration is here
  157 |   int debug_level = 0;
      |       ^~~~~~~~~~~
/mnt/data/lyq/PRISM/inc/prism_framework.h:254:40: warning: declaration of ‘num_ways’ shadows a member of ‘LRUSetAssociativeCache<prism::PCTableEntry>’ [-Wshadow]
  254 |   LRUSetAssociativeCache(int size, int num_ways, int debug_level = 0) : Super(size, num_ways, debug_level), lru(this->num_sets, vector<uint64_t>(num_ways)) {}
      |                                    ~~~~^~~~~~~~
/mnt/data/lyq/PRISM/inc/prism_framework.h:152:7: note: shadowed declaration is here
  152 |   int num_ways;
      |       ^~~~~~~~
/mnt/data/lyq/PRISM/inc/prism_framework.h:254:30: warning: declaration of ‘size’ shadows a member of ‘LRUSetAssociativeCache<prism::PCTableEntry>’ [-Wshadow]
  254 |   LRUSetAssociativeCache(int size, int num_ways, int debug_level = 0) : Super(size, num_ways, debug_level), lru(this->num_sets, vector<uint64_t>(num_ways)) {}
      |                          ~~~~^~~~
/mnt/data/lyq/PRISM/inc/prism_framework.h:151:7: note: shadowed declaration is here
  151 |   int size;
      |       ^~~~
In file included from prefetcher/prophet/prophet.h:16,
                 from prefetcher/prophet/prophet.cc:1:
/mnt/data/lyq/PRISM/inc/prism_framework.h:31:51: warning: declaration of ‘debug_level’ shadows a member of ‘SetAssociativeCache<ProphetMRBTableEntry>’ [-Wshadow]
   31 |   SetAssociativeCache(int size, int num_ways, int debug_level = 0)
      |                                               ~~~~^~~~~~~~~~~~~~~
In file included from prefetcher/prophet/prophet.h:16,
                 from prefetcher/prophet/prophet.cc:1:
/mnt/data/lyq/PRISM/inc/prism_framework.h:157:7: note: shadowed declaration is here
  157 |   int debug_level = 0;
      |       ^~~~~~~~~~~
In file included from prefetcher/prophet/prophet.h:16,
                 from prefetcher/prophet/prophet.cc:1:
/mnt/data/lyq/PRISM/inc/prism_framework.h:31:37: warning: declaration of ‘num_ways’ shadows a member of ‘SetAssociativeCache<ProphetMRBTableEntry>’ [-Wshadow]
   31 |   SetAssociativeCache(int size, int num_ways, int debug_level = 0)
      |                                 ~~~~^~~~~~~~
In file included from prefetcher/prophet/prophet.h:16,
                 from prefetcher/prophet/prophet.cc:1:
/mnt/data/lyq/PRISM/inc/prism_framework.h:152:7: note: shadowed declaration is here
  152 |   int num_ways;
      |       ^~~~~~~~
In file included from prefetcher/prophet/prophet.h:16,
                 from prefetcher/prophet/prophet.cc:1:
/mnt/data/lyq/PRISM/inc/prism_framework.h:31:27: warning: declaration of ‘size’ shadows a member of ‘SetAssociativeCache<ProphetMRBTableEntry>’ [-Wshadow]
   31 |   SetAssociativeCache(int size, int num_ways, int debug_level = 0)
      |                       ~~~~^~~~
In file included from prefetcher/prophet/prophet.h:16,
                 from prefetcher/prophet/prophet.cc:1:
/mnt/data/lyq/PRISM/inc/prism_framework.h:151:7: note: shadowed declaration is here
  151 |   int size;
      |       ^~~~
In file included from prefetcher/prophet/prophet.h:16,
                 from prefetcher/prophet/prophet.cc:1:
/mnt/data/lyq/PRISM/inc/prism_framework.h:31:51: warning: declaration of ‘debug_level’ shadows a member of ‘SetAssociativeCache<ProphetMRBTableEntry>’ [-Wshadow]
   31 |   SetAssociativeCache(int size, int num_ways, int debug_level = 0)
      |                                               ~~~~^~~~~~~~~~~~~~~
In file included from prefetcher/prophet/prophet.h:16,
                 from prefetcher/prophet/prophet.cc:1:
/mnt/data/lyq/PRISM/inc/prism_framework.h:157:7: note: shadowed declaration is here
  157 |   int debug_level = 0;
      |       ^~~~~~~~~~~
In file included from prefetcher/prophet/prophet.h:16,
                 from prefetcher/prophet/prophet.cc:1:
/mnt/data/lyq/PRISM/inc/prism_framework.h:31:37: warning: declaration of ‘num_ways’ shadows a member of ‘SetAssociativeCache<ProphetMRBTableEntry>’ [-Wshadow]
   31 |   SetAssociativeCache(int size, int num_ways, int debug_level = 0)
      |                                 ~~~~^~~~~~~~
In file included from prefetcher/prophet/prophet.h:16,
                 from prefetcher/prophet/prophet.cc:1:
/mnt/data/lyq/PRISM/inc/prism_framework.h:152:7: note: shadowed declaration is here
  152 |   int num_ways;
      |       ^~~~~~~~
In file included from prefetcher/prophet/prophet.h:16,
                 from prefetcher/prophet/prophet.cc:1:
/mnt/data/lyq/PRISM/inc/prism_framework.h:31:27: warning: declaration of ‘size’ shadows a member of ‘SetAssociativeCache<ProphetMRBTableEntry>’ [-Wshadow]
   31 |   SetAssociativeCache(int size, int num_ways, int debug_level = 0)
      |                       ~~~~^~~~
In file included from prefetcher/prophet/prophet.h:16,
                 from prefetcher/prophet/prophet.cc:1:
/mnt/data/lyq/PRISM/inc/prism_framework.h:151:7: note: shadowed declaration is here
  151 |   int size;
      |       ^~~~
In file included from prefetcher/prophet/prophet.h:16,
                 from prefetcher/prophet/prophet.cc:1:
/mnt/data/lyq/PRISM/inc/prism_framework.h: In instantiation of ‘SetAssociativeCache<T>::SetAssociativeCache(int, int, int) [with T = long unsigned int]’:
/mnt/data/lyq/PRISM/inc/prism_framework.h:254:155:   required from ‘LRUSetAssociativeCache<T>::LRUSetAssociativeCache(int, int, int) [with T = long unsigned int]’
prefetcher/prophet/prophet.h:244:113:   required from here
/mnt/data/lyq/PRISM/inc/prism_framework.h:31:51: warning: declaration of ‘debug_level’ shadows a member of ‘SetAssociativeCache<long unsigned int>’ [-Wshadow]
   31 |   SetAssociativeCache(int size, int num_ways, int debug_level = 0)
      |                                               ~~~~^~~~~~~~~~~~~~~
In file included from prefetcher/prophet/prophet.h:16,
                 from prefetcher/prophet/prophet.cc:1:
/mnt/data/lyq/PRISM/inc/prism_framework.h:157:7: note: shadowed declaration is here
  157 |   int debug_level = 0;
      |       ^~~~~~~~~~~
In file included from prefetcher/prophet/prophet.h:16,
                 from prefetcher/prophet/prophet.cc:1:
/mnt/data/lyq/PRISM/inc/prism_framework.h:31:37: warning: declaration of ‘num_ways’ shadows a member of ‘SetAssociativeCache<long unsigned int>’ [-Wshadow]
   31 |   SetAssociativeCache(int size, int num_ways, int debug_level = 0)
      |                                 ~~~~^~~~~~~~
In file included from prefetcher/prophet/prophet.h:16,
                 from prefetcher/prophet/prophet.cc:1:
/mnt/data/lyq/PRISM/inc/prism_framework.h:152:7: note: shadowed declaration is here
  152 |   int num_ways;
      |       ^~~~~~~~
In file included from prefetcher/prophet/prophet.h:16,
                 from prefetcher/prophet/prophet.cc:1:
/mnt/data/lyq/PRISM/inc/prism_framework.h:31:27: warning: declaration of ‘size’ shadows a member of ‘SetAssociativeCache<long unsigned int>’ [-Wshadow]
   31 |   SetAssociativeCache(int size, int num_ways, int debug_level = 0)
      |                       ~~~~^~~~
In file included from prefetcher/prophet/prophet.h:16,
                 from prefetcher/prophet/prophet.cc:1:
/mnt/data/lyq/PRISM/inc/prism_framework.h:151:7: note: shadowed declaration is here
  151 |   int size;
      |       ^~~~
In file included from prefetcher/prophet/prophet.h:16,
                 from prefetcher/prophet/prophet.cc:1:
/mnt/data/lyq/PRISM/inc/prism_framework.h:31:51: warning: declaration of ‘debug_level’ shadows a member of ‘SetAssociativeCache<long unsigned int>’ [-Wshadow]
   31 |   SetAssociativeCache(int size, int num_ways, int debug_level = 0)
      |                                               ~~~~^~~~~~~~~~~~~~~
In file included from prefetcher/prophet/prophet.h:16,
                 from prefetcher/prophet/prophet.cc:1:
/mnt/data/lyq/PRISM/inc/prism_framework.h:157:7: note: shadowed declaration is here
  157 |   int debug_level = 0;
      |       ^~~~~~~~~~~
In file included from prefetcher/prophet/prophet.h:16,
                 from prefetcher/prophet/prophet.cc:1:
/mnt/data/lyq/PRISM/inc/prism_framework.h:31:37: warning: declaration of ‘num_ways’ shadows a member of ‘SetAssociativeCache<long unsigned int>’ [-Wshadow]
   31 |   SetAssociativeCache(int size, int num_ways, int debug_level = 0)
      |                                 ~~~~^~~~~~~~
In file included from prefetcher/prophet/prophet.h:16,
                 from prefetcher/prophet/prophet.cc:1:
/mnt/data/lyq/PRISM/inc/prism_framework.h:152:7: note: shadowed declaration is here
  152 |   int num_ways;
      |       ^~~~~~~~
In file included from prefetcher/prophet/prophet.h:16,
                 from prefetcher/prophet/prophet.cc:1:
/mnt/data/lyq/PRISM/inc/prism_framework.h:31:27: warning: declaration of ‘size’ shadows a member of ‘SetAssociativeCache<long unsigned int>’ [-Wshadow]
   31 |   SetAssociativeCache(int size, int num_ways, int debug_level = 0)
      |                       ~~~~^~~~
In file included from prefetcher/prophet/prophet.h:16,
                 from prefetcher/prophet/prophet.cc:1:
/mnt/data/lyq/PRISM/inc/prism_framework.h:151:7: note: shadowed declaration is here
  151 |   int size;
      |       ^~~~
In file included from prefetcher/prophet/prophet.h:16,
                 from prefetcher/prophet/prophet.cc:1:
/mnt/data/lyq/PRISM/inc/prism_framework.h:31:51: warning: declaration of ‘debug_level’ shadows a member of ‘SetAssociativeCache<long unsigned int>’ [-Wshadow]
   31 |   SetAssociativeCache(int size, int num_ways, int debug_level = 0)
      |                                               ~~~~^~~~~~~~~~~~~~~
In file included from prefetcher/prophet/prophet.h:16,
                 from prefetcher/prophet/prophet.cc:1:
/mnt/data/lyq/PRISM/inc/prism_framework.h:157:7: note: shadowed declaration is here
  157 |   int debug_level = 0;
      |       ^~~~~~~~~~~
In file included from prefetcher/prophet/prophet.h:16,
                 from prefetcher/prophet/prophet.cc:1:
/mnt/data/lyq/PRISM/inc/prism_framework.h:31:37: warning: declaration of ‘num_ways’ shadows a member of ‘SetAssociativeCache<long unsigned int>’ [-Wshadow]
   31 |   SetAssociativeCache(int size, int num_ways, int debug_level = 0)
      |                                 ~~~~^~~~~~~~
In file included from prefetcher/prophet/prophet.h:16,
                 from prefetcher/prophet/prophet.cc:1:
/mnt/data/lyq/PRISM/inc/prism_framework.h:152:7: note: shadowed declaration is here
  152 |   int num_ways;
      |       ^~~~~~~~
In file included from prefetcher/prophet/prophet.h:16,
                 from prefetcher/prophet/prophet.cc:1:
/mnt/data/lyq/PRISM/inc/prism_framework.h:31:27: warning: declaration of ‘size’ shadows a member of ‘SetAssociativeCache<long unsigned int>’ [-Wshadow]
   31 |   SetAssociativeCache(int size, int num_ways, int debug_level = 0)
      |                       ~~~~^~~~
In file included from prefetcher/prophet/prophet.h:16,
                 from prefetcher/prophet/prophet.cc:1:
/mnt/data/lyq/PRISM/inc/prism_framework.h:151:7: note: shadowed declaration is here
  151 |   int size;
      |       ^~~~
In file included from prefetcher/latetp/latetp.h:16,
                 from prefetcher/latetp/latetp.cc:1:
/mnt/data/lyq/PRISM/inc/prism_framework.h: In instantiation of ‘SetAssociativeCache<T>::SetAssociativeCache(int, int, int) [with T = latetpMetaTableEntry]’:
/mnt/data/lyq/PRISM/inc/prism_framework.h:254:155:   required from ‘LRUSetAssociativeCache<T>::LRUSetAssociativeCache(int, int, int) [with T = latetpMetaTableEntry]’
prefetcher/latetp/latetp.h:58:86:   required from here
/mnt/data/lyq/PRISM/inc/prism_framework.h:31:51: warning: declaration of ‘debug_level’ shadows a member of ‘SetAssociativeCache<latetpMetaTableEntry>’ [-Wshadow]
   31 |   SetAssociativeCache(int size, int num_ways, int debug_level = 0)
      |                                               ~~~~^~~~~~~~~~~~~~~
In file included from prefetcher/latetp/latetp.h:16,
                 from prefetcher/latetp/latetp.cc:1:
/mnt/data/lyq/PRISM/inc/prism_framework.h:157:7: note: shadowed declaration is here
  157 |   int debug_level = 0;
      |       ^~~~~~~~~~~
In file included from prefetcher/latetp/latetp.h:16,
                 from prefetcher/latetp/latetp.cc:1:
/mnt/data/lyq/PRISM/inc/prism_framework.h:31:37: warning: declaration of ‘num_ways’ shadows a member of ‘SetAssociativeCache<latetpMetaTableEntry>’ [-Wshadow]
   31 |   SetAssociativeCache(int size, int num_ways, int debug_level = 0)
      |                                 ~~~~^~~~~~~~
In file included from prefetcher/latetp/latetp.h:16,
                 from prefetcher/latetp/latetp.cc:1:
/mnt/data/lyq/PRISM/inc/prism_framework.h:152:7: note: shadowed declaration is here
  152 |   int num_ways;
      |       ^~~~~~~~
In file included from prefetcher/latetp/latetp.h:16,
                 from prefetcher/latetp/latetp.cc:1:
/mnt/data/lyq/PRISM/inc/prism_framework.h:31:27: warning: declaration of ‘size’ shadows a member of ‘SetAssociativeCache<latetpMetaTableEntry>’ [-Wshadow]
   31 |   SetAssociativeCache(int size, int num_ways, int debug_level = 0)
      |                       ~~~~^~~~
In file included from prefetcher/latetp/latetp.h:16,
                 from prefetcher/latetp/latetp.cc:1:
/mnt/data/lyq/PRISM/inc/prism_framework.h:151:7: note: shadowed declaration is here
  151 |   int size;
      |       ^~~~
prefetcher/resize_tr/../triangel/triangel.h: In constructor ‘SetDueller::SetDueller(uint64_t)’:
prefetcher/resize_tr/../triangel/triangel.h:699:23: warning: declaration of ‘sets’ shadows a member of ‘SetDueller’ [-Wshadow]
  699 |   SetDueller(uint64_t sets = (1 << TRNGL_SD_INDEX_BITS)) : sets(sets), dueller_counters(9, 0) { Randomize(); }
      |              ~~~~~~~~~^~~~~~~~~~~~~~~~~~~~~~~~~~~~~~~~~
prefetcher/resize_tr/../triangel/triangel.h:696:7: note: shadowed declaration is here
  696 |   int sets;
      |       ^~~~
In file included from prefetcher/latetp/latetp.h:16,
                 from prefetcher/latetp/latetp.cc:1:
/mnt/data/lyq/PRISM/inc/prism_framework.h:31:51: warning: declaration of ‘debug_level’ shadows a member of ‘SetAssociativeCache<latetpMetaTableEntry>’ [-Wshadow]
   31 |   SetAssociativeCache(int size, int num_ways, int debug_level = 0)
      |                                               ~~~~^~~~~~~~~~~~~~~
In file included from prefetcher/latetp/latetp.h:16,
                 from prefetcher/latetp/latetp.cc:1:
/mnt/data/lyq/PRISM/inc/prism_framework.h:157:7: note: shadowed declaration is here
  157 |   int debug_level = 0;
      |       ^~~~~~~~~~~
In file included from prefetcher/latetp/latetp.h:16,
                 from prefetcher/latetp/latetp.cc:1:
/mnt/data/lyq/PRISM/inc/prism_framework.h:31:37: warning: declaration of ‘num_ways’ shadows a member of ‘SetAssociativeCache<latetpMetaTableEntry>’ [-Wshadow]
   31 |   SetAssociativeCache(int size, int num_ways, int debug_level = 0)
      |                                 ~~~~^~~~~~~~
In file included from prefetcher/latetp/latetp.h:16,
                 from prefetcher/latetp/latetp.cc:1:
/mnt/data/lyq/PRISM/inc/prism_framework.h:152:7: note: shadowed declaration is here
  152 |   int num_ways;
      |       ^~~~~~~~
In file included from prefetcher/latetp/latetp.h:16,
                 from prefetcher/latetp/latetp.cc:1:
/mnt/data/lyq/PRISM/inc/prism_framework.h:31:27: warning: declaration of ‘size’ shadows a member of ‘SetAssociativeCache<latetpMetaTableEntry>’ [-Wshadow]
   31 |   SetAssociativeCache(int size, int num_ways, int debug_level = 0)
      |                       ~~~~^~~~
In file included from prefetcher/latetp/latetp.h:16,
                 from prefetcher/latetp/latetp.cc:1:
/mnt/data/lyq/PRISM/inc/prism_framework.h:151:7: note: shadowed declaration is here
  151 |   int size;
      |       ^~~~
In file included from prefetcher/latetp/latetp.h:16,
                 from prefetcher/latetp/latetp.cc:1:
/mnt/data/lyq/PRISM/inc/prism_framework.h:31:51: warning: declaration of ‘debug_level’ shadows a member of ‘SetAssociativeCache<latetpMetaTableEntry>’ [-Wshadow]
   31 |   SetAssociativeCache(int size, int num_ways, int debug_level = 0)
      |                                               ~~~~^~~~~~~~~~~~~~~
In file included from prefetcher/latetp/latetp.h:16,
                 from prefetcher/latetp/latetp.cc:1:
/mnt/data/lyq/PRISM/inc/prism_framework.h:157:7: note: shadowed declaration is here
  157 |   int debug_level = 0;
      |       ^~~~~~~~~~~
In file included from prefetcher/latetp/latetp.h:16,
                 from prefetcher/latetp/latetp.cc:1:
/mnt/data/lyq/PRISM/inc/prism_framework.h:31:37: warning: declaration of ‘num_ways’ shadows a member of ‘SetAssociativeCache<latetpMetaTableEntry>’ [-Wshadow]
   31 |   SetAssociativeCache(int size, int num_ways, int debug_level = 0)
      |                                 ~~~~^~~~~~~~
In file included from prefetcher/latetp/latetp.h:16,
                 from prefetcher/latetp/latetp.cc:1:
/mnt/data/lyq/PRISM/inc/prism_framework.h:152:7: note: shadowed declaration is here
  152 |   int num_ways;
      |       ^~~~~~~~
In file included from prefetcher/latetp/latetp.h:16,
                 from prefetcher/latetp/latetp.cc:1:
/mnt/data/lyq/PRISM/inc/prism_framework.h:31:27: warning: declaration of ‘size’ shadows a member of ‘SetAssociativeCache<latetpMetaTableEntry>’ [-Wshadow]
   31 |   SetAssociativeCache(int size, int num_ways, int debug_level = 0)
      |                       ~~~~^~~~
In file included from prefetcher/latetp/latetp.h:16,
                 from prefetcher/latetp/latetp.cc:1:
/mnt/data/lyq/PRISM/inc/prism_framework.h:151:7: note: shadowed declaration is here
  151 |   int size;
      |       ^~~~
prefetcher/resize_tr/../triangel/triangel.h:699:65: warning: conversion from ‘uint64_t’ {aka ‘long unsigned int’} to ‘int’ may change value [-Wconversion]
  699 |   SetDueller(uint64_t sets = (1 << TRNGL_SD_INDEX_BITS)) : sets(sets), dueller_counters(9, 0) { Randomize(); }
      |                                                                 ^~~~
prefetcher/resize_tr/../triangel/triangel.h: In constructor ‘SetDueller::SetDueller(uint64_t)’:
prefetcher/resize_tr/../triangel/triangel.h:699:23: warning: declaration of ‘sets’ shadows a member of ‘SetDueller’ [-Wshadow]
  699 |   SetDueller(uint64_t sets = (1 << TRNGL_SD_INDEX_BITS)) : sets(sets), dueller_counters(9, 0) { Randomize(); }
      |              ~~~~~~~~~^~~~~~~~~~~~~~~~~~~~~~~~~~~~~~~~~
prefetcher/resize_tr/../triangel/triangel.h:696:7: note: shadowed declaration is here
  696 |   int sets;
      |       ^~~~
prefetcher/resize_tr/../triangel/triangel.h: In constructor ‘SetDueller::SetDueller(uint64_t)’:
prefetcher/resize_tr/../triangel/triangel.h:699:23: warning: declaration of ‘sets’ shadows a member of ‘SetDueller’ [-Wshadow]
  699 |   SetDueller(uint64_t sets = (1 << TRNGL_SD_INDEX_BITS)) : sets(sets), dueller_counters(9, 0) { Randomize(); }
      |              ~~~~~~~~~^~~~~~~~~~~~~~~~~~~~~~~~~~~~~~~~~
prefetcher/resize_tr/../triangel/triangel.h:696:7: note: shadowed declaration is here
  696 |   int sets;
      |       ^~~~
In file included from prefetcher/pctp/pctp.cc:1:
prefetcher/pctp/pctp.h: In constructor ‘pctpMetaTable::pctpMetaTable(int, int)’:
prefetcher/pctp/pctp.h:55:31: warning: declaration of ‘num_ways’ shadows a member of ‘pctpMetaTable’ [-Wshadow]
   55 |   pctpMetaTable(int size, int num_ways) : Super(size, num_ways), prefetcher(nullptr) {}
      |                           ~~~~^~~~~~~~
In file included from prefetcher/pctp/pctp.h:16,
                 from prefetcher/pctp/pctp.cc:1:
/mnt/data/lyq/PRISM/inc/prism_framework.h:152:7: note: shadowed declaration is here
  152 |   int num_ways;
      |       ^~~~~~~~
In file included from prefetcher/pctp/pctp.cc:1:
prefetcher/pctp/pctp.h:55:21: warning: declaration of ‘size’ shadows a member of ‘pctpMetaTable’ [-Wshadow]
   55 |   pctpMetaTable(int size, int num_ways) : Super(size, num_ways), prefetcher(nullptr) {}
      |                 ~~~~^~~~
In file included from prefetcher/pctp/pctp.h:16,
                 from prefetcher/pctp/pctp.cc:1:
/mnt/data/lyq/PRISM/inc/prism_framework.h:151:7: note: shadowed declaration is here
  151 |   int size;
      |       ^~~~
In file included from prefetcher/pctp/pctp.cc:1:
prefetcher/pctp/pctp.h: In constructor ‘pctpMetaTable::pctpMetaTable(int, int)’:
prefetcher/pctp/pctp.h:55:31: warning: declaration of ‘num_ways’ shadows a member of ‘pctpMetaTable’ [-Wshadow]
   55 |   pctpMetaTable(int size, int num_ways) : Super(size, num_ways), prefetcher(nullptr) {}
      |                           ~~~~^~~~~~~~
In file included from prefetcher/pctp/pctp.h:16,
                 from prefetcher/pctp/pctp.cc:1:
/mnt/data/lyq/PRISM/inc/prism_framework.h:152:7: note: shadowed declaration is here
  152 |   int num_ways;
      |       ^~~~~~~~
In file included from prefetcher/pctp/pctp.cc:1:
prefetcher/pctp/pctp.h:55:21: warning: declaration of ‘size’ shadows a member of ‘pctpMetaTable’ [-Wshadow]
   55 |   pctpMetaTable(int size, int num_ways) : Super(size, num_ways), prefetcher(nullptr) {}
      |                 ~~~~^~~~
In file included from prefetcher/pctp/pctp.h:16,
                 from prefetcher/pctp/pctp.cc:1:
/mnt/data/lyq/PRISM/inc/prism_framework.h:151:7: note: shadowed declaration is here
  151 |   int size;
      |       ^~~~
In file included from prefetcher/pctp/pctp.cc:1:
prefetcher/pctp/pctp.h: In constructor ‘pctpMetaTable::pctpMetaTable(int, int)’:
prefetcher/pctp/pctp.h:55:31: warning: declaration of ‘num_ways’ shadows a member of ‘pctpMetaTable’ [-Wshadow]
   55 |   pctpMetaTable(int size, int num_ways) : Super(size, num_ways), prefetcher(nullptr) {}
      |                           ~~~~^~~~~~~~
In file included from prefetcher/pctp/pctp.h:16,
                 from prefetcher/pctp/pctp.cc:1:
/mnt/data/lyq/PRISM/inc/prism_framework.h:152:7: note: shadowed declaration is here
  152 |   int num_ways;
      |       ^~~~~~~~
In file included from prefetcher/pctp/pctp.cc:1:
prefetcher/pctp/pctp.h:55:21: warning: declaration of ‘size’ shadows a member of ‘pctpMetaTable’ [-Wshadow]
   55 |   pctpMetaTable(int size, int num_ways) : Super(size, num_ways), prefetcher(nullptr) {}
      |                 ~~~~^~~~
In file included from prefetcher/pctp/pctp.h:16,
                 from prefetcher/pctp/pctp.cc:1:
/mnt/data/lyq/PRISM/inc/prism_framework.h:151:7: note: shadowed declaration is here
  151 |   int size;
      |       ^~~~
prefetcher/triangel/triangel.h:480:39: warning: declaration of ‘ways’ shadows a member of ‘AssociativeCache<HistorySamplerEntry>’ [-Wshadow]
  480 |   AssociativeCache(uint64_t sets, int ways, ReplacementPolicy policy, const std::string& owner = "unknown") : count(0), set_mask(sets - 1), ways(ways), read_n(0), write_n(0)
      |                                   ~~~~^~~~
prefetcher/triangel/triangel.h:474:12: note: shadowed declaration is here
  474 |   uint64_t ways;
      |            ^~~~
prefetcher/triangel/triangel.h:480:39: warning: declaration of ‘ways’ shadows a member of ‘AssociativeCache<HistorySamplerEntry>’ [-Wshadow]
  480 |   AssociativeCache(uint64_t sets, int ways, ReplacementPolicy policy, const std::string& owner = "unknown") : count(0), set_mask(sets - 1), ways(ways), read_n(0), write_n(0)
      |                                   ~~~~^~~~
prefetcher/triangel/triangel.h:474:12: note: shadowed declaration is here
  474 |   uint64_t ways;
      |            ^~~~
prefetcher/triangel/triangel.h: In instantiation of ‘AssociativeCache<T>::AssociativeCache(uint64_t, int, ReplacementPolicy, const string&) [with T = SecondChanceSamplerEntry; uint64_t = long unsigned int; std::string = std::__cxx11::basic_string<char>]’:
prefetcher/triangel/triangel.h:929:151:   required from here
prefetcher/triangel/triangel.h:480:39: warning: declaration of ‘ways’ shadows a member of ‘AssociativeCache<SecondChanceSamplerEntry>’ [-Wshadow]
  480 |   AssociativeCache(uint64_t sets, int ways, ReplacementPolicy policy, const std::string& owner = "unknown") : count(0), set_mask(sets - 1), ways(ways), read_n(0), write_n(0)
      |                                   ~~~~^~~~
prefetcher/triangel/triangel.h:474:12: note: shadowed declaration is here
  474 |   uint64_t ways;
      |            ^~~~
In file included from prefetcher/latetp/latetp.h:16,
                 from prefetcher/latetp/latetp.cc:1:
/mnt/data/lyq/PRISM/inc/prism_framework.h: In instantiation of ‘SetAssociativeCache<T>::SetAssociativeCache(int, int, int) [with T = latetp::PCTableEntry]’:
/mnt/data/lyq/PRISM/inc/prism_framework.h:254:155:   required from ‘LRUSetAssociativeCache<T>::LRUSetAssociativeCache(int, int, int) [with T = latetp::PCTableEntry]’
prefetcher/latetp/latetp.h:202:121:   required from here
/mnt/data/lyq/PRISM/inc/prism_framework.h:31:51: warning: declaration of ‘debug_level’ shadows a member of ‘SetAssociativeCache<latetp::PCTableEntry>’ [-Wshadow]
   31 |   SetAssociativeCache(int size, int num_ways, int debug_level = 0)
      |                                               ~~~~^~~~~~~~~~~~~~~
In file included from prefetcher/latetp/latetp.h:16,
                 from prefetcher/latetp/latetp.cc:1:
/mnt/data/lyq/PRISM/inc/prism_framework.h:157:7: note: shadowed declaration is here
  157 |   int debug_level = 0;
      |       ^~~~~~~~~~~
In file included from prefetcher/latetp/latetp.h:16,
                 from prefetcher/latetp/latetp.cc:1:
/mnt/data/lyq/PRISM/inc/prism_framework.h:31:37: warning: declaration of ‘num_ways’ shadows a member of ‘SetAssociativeCache<latetp::PCTableEntry>’ [-Wshadow]
   31 |   SetAssociativeCache(int size, int num_ways, int debug_level = 0)
      |                                 ~~~~^~~~~~~~
In file included from prefetcher/latetp/latetp.h:16,
                 from prefetcher/latetp/latetp.cc:1:
/mnt/data/lyq/PRISM/inc/prism_framework.h:152:7: note: shadowed declaration is here
  152 |   int num_ways;
      |       ^~~~~~~~
In file included from prefetcher/latetp/latetp.h:16,
                 from prefetcher/latetp/latetp.cc:1:
/mnt/data/lyq/PRISM/inc/prism_framework.h:31:27: warning: declaration of ‘size’ shadows a member of ‘SetAssociativeCache<latetp::PCTableEntry>’ [-Wshadow]
   31 |   SetAssociativeCache(int size, int num_ways, int debug_level = 0)
      |                       ~~~~^~~~
In file included from prefetcher/latetp/latetp.h:16,
                 from prefetcher/latetp/latetp.cc:1:
/mnt/data/lyq/PRISM/inc/prism_framework.h:151:7: note: shadowed declaration is here
  151 |   int size;
      |       ^~~~
In file included from prefetcher/latetp/latetp.h:16,
                 from prefetcher/latetp/latetp.cc:1:
/mnt/data/lyq/PRISM/inc/prism_framework.h:31:51: warning: declaration of ‘debug_level’ shadows a member of ‘SetAssociativeCache<latetp::PCTableEntry>’ [-Wshadow]
   31 |   SetAssociativeCache(int size, int num_ways, int debug_level = 0)
      |                                               ~~~~^~~~~~~~~~~~~~~
In file included from prefetcher/latetp/latetp.h:16,
                 from prefetcher/latetp/latetp.cc:1:
/mnt/data/lyq/PRISM/inc/prism_framework.h:157:7: note: shadowed declaration is here
  157 |   int debug_level = 0;
      |       ^~~~~~~~~~~
In file included from prefetcher/latetp/latetp.h:16,
                 from prefetcher/latetp/latetp.cc:1:
/mnt/data/lyq/PRISM/inc/prism_framework.h:31:37: warning: declaration of ‘num_ways’ shadows a member of ‘SetAssociativeCache<latetp::PCTableEntry>’ [-Wshadow]
   31 |   SetAssociativeCache(int size, int num_ways, int debug_level = 0)
      |                                 ~~~~^~~~~~~~
In file included from prefetcher/latetp/latetp.h:16,
                 from prefetcher/latetp/latetp.cc:1:
/mnt/data/lyq/PRISM/inc/prism_framework.h:152:7: note: shadowed declaration is here
  152 |   int num_ways;
      |       ^~~~~~~~
In file included from prefetcher/latetp/latetp.h:16,
                 from prefetcher/latetp/latetp.cc:1:
/mnt/data/lyq/PRISM/inc/prism_framework.h:31:27: warning: declaration of ‘size’ shadows a member of ‘SetAssociativeCache<latetp::PCTableEntry>’ [-Wshadow]
   31 |   SetAssociativeCache(int size, int num_ways, int debug_level = 0)
      |                       ~~~~^~~~
In file included from prefetcher/latetp/latetp.h:16,
                 from prefetcher/latetp/latetp.cc:1:
/mnt/data/lyq/PRISM/inc/prism_framework.h:151:7: note: shadowed declaration is here
  151 |   int size;
      |       ^~~~
In file included from prefetcher/latetp/latetp.h:16,
                 from prefetcher/latetp/latetp.cc:1:
/mnt/data/lyq/PRISM/inc/prism_framework.h:31:51: warning: declaration of ‘debug_level’ shadows a member of ‘SetAssociativeCache<latetp::PCTableEntry>’ [-Wshadow]
   31 |   SetAssociativeCache(int size, int num_ways, int debug_level = 0)
      |                                               ~~~~^~~~~~~~~~~~~~~
In file included from prefetcher/latetp/latetp.h:16,
                 from prefetcher/latetp/latetp.cc:1:
/mnt/data/lyq/PRISM/inc/prism_framework.h:157:7: note: shadowed declaration is here
  157 |   int debug_level = 0;
      |       ^~~~~~~~~~~
In file included from prefetcher/latetp/latetp.h:16,
                 from prefetcher/latetp/latetp.cc:1:
/mnt/data/lyq/PRISM/inc/prism_framework.h:31:37: warning: declaration of ‘num_ways’ shadows a member of ‘SetAssociativeCache<latetp::PCTableEntry>’ [-Wshadow]
   31 |   SetAssociativeCache(int size, int num_ways, int debug_level = 0)
      |                                 ~~~~^~~~~~~~
In file included from prefetcher/latetp/latetp.h:16,
                 from prefetcher/latetp/latetp.cc:1:
/mnt/data/lyq/PRISM/inc/prism_framework.h:152:7: note: shadowed declaration is here
  152 |   int num_ways;
      |       ^~~~~~~~
In file included from prefetcher/latetp/latetp.h:16,
                 from prefetcher/latetp/latetp.cc:1:
/mnt/data/lyq/PRISM/inc/prism_framework.h:31:27: warning: declaration of ‘size’ shadows a member of ‘SetAssociativeCache<latetp::PCTableEntry>’ [-Wshadow]
   31 |   SetAssociativeCache(int size, int num_ways, int debug_level = 0)
      |                       ~~~~^~~~
In file included from prefetcher/latetp/latetp.h:16,
                 from prefetcher/latetp/latetp.cc:1:
/mnt/data/lyq/PRISM/inc/prism_framework.h:151:7: note: shadowed declaration is here
  151 |   int size;
      |       ^~~~
In file included from prefetcher/inftable/inftable.h:16,
                 from prefetcher/inftable/inftable.cc:1:
/mnt/data/lyq/PRISM/inc/prism_framework.h: In instantiation of ‘SetAssociativeCache<T>::SetAssociativeCache(int, int, int) [with T = inftableMetaTableEntry]’:
/mnt/data/lyq/PRISM/inc/prism_framework.h:254:155:   required from ‘LRUSetAssociativeCache<T>::LRUSetAssociativeCache(int, int, int) [with T = inftableMetaTableEntry]’
prefetcher/inftable/inftable.h:53:88:   required from here
/mnt/data/lyq/PRISM/inc/prism_framework.h:31:51: warning: declaration of ‘debug_level’ shadows a member of ‘SetAssociativeCache<inftableMetaTableEntry>’ [-Wshadow]
   31 |   SetAssociativeCache(int size, int num_ways, int debug_level = 0)
      |                                               ~~~~^~~~~~~~~~~~~~~
In file included from prefetcher/inftable/inftable.h:16,
                 from prefetcher/inftable/inftable.cc:1:
/mnt/data/lyq/PRISM/inc/prism_framework.h:157:7: note: shadowed declaration is here
  157 |   int debug_level = 0;
      |       ^~~~~~~~~~~
In file included from prefetcher/inftable/inftable.h:16,
                 from prefetcher/inftable/inftable.cc:1:
/mnt/data/lyq/PRISM/inc/prism_framework.h:31:37: warning: declaration of ‘num_ways’ shadows a member of ‘SetAssociativeCache<inftableMetaTableEntry>’ [-Wshadow]
   31 |   SetAssociativeCache(int size, int num_ways, int debug_level = 0)
      |                                 ~~~~^~~~~~~~
In file included from prefetcher/inftable/inftable.h:16,
                 from prefetcher/inftable/inftable.cc:1:
/mnt/data/lyq/PRISM/inc/prism_framework.h:152:7: note: shadowed declaration is here
  152 |   int num_ways;
      |       ^~~~~~~~
In file included from prefetcher/inftable/inftable.h:16,
                 from prefetcher/inftable/inftable.cc:1:
/mnt/data/lyq/PRISM/inc/prism_framework.h:31:27: warning: declaration of ‘size’ shadows a member of ‘SetAssociativeCache<inftableMetaTableEntry>’ [-Wshadow]
   31 |   SetAssociativeCache(int size, int num_ways, int debug_level = 0)
      |                       ~~~~^~~~
In file included from prefetcher/inftable/inftable.h:16,
                 from prefetcher/inftable/inftable.cc:1:
/mnt/data/lyq/PRISM/inc/prism_framework.h:151:7: note: shadowed declaration is here
  151 |   int size;
      |       ^~~~
prefetcher/resize_tr/../triangel/triangel.h: In member function ‘void SetDueller::Randomize()’:
prefetcher/resize_tr/../triangel/triangel.h:708:28: warning: comparison of integer expressions of different signedness: ‘uint64_t’ {aka ‘long unsigned int’} and ‘int’ [-Wsign-compare]
  708 |     for (uint64_t i = 0; i < sets; i++) {
      |                          ~~^~~~~~
In file included from prefetcher/inftable/inftable.h:16,
                 from prefetcher/inftable/inftable.cc:1:
/mnt/data/lyq/PRISM/inc/prism_framework.h:31:51: warning: declaration of ‘debug_level’ shadows a member of ‘SetAssociativeCache<inftableMetaTableEntry>’ [-Wshadow]
   31 |   SetAssociativeCache(int size, int num_ways, int debug_level = 0)
      |                                               ~~~~^~~~~~~~~~~~~~~
In file included from prefetcher/inftable/inftable.h:16,
                 from prefetcher/inftable/inftable.cc:1:
/mnt/data/lyq/PRISM/inc/prism_framework.h:157:7: note: shadowed declaration is here
  157 |   int debug_level = 0;
      |       ^~~~~~~~~~~
In file included from prefetcher/inftable/inftable.h:16,
                 from prefetcher/inftable/inftable.cc:1:
/mnt/data/lyq/PRISM/inc/prism_framework.h:31:37: warning: declaration of ‘num_ways’ shadows a member of ‘SetAssociativeCache<inftableMetaTableEntry>’ [-Wshadow]
   31 |   SetAssociativeCache(int size, int num_ways, int debug_level = 0)
      |                                 ~~~~^~~~~~~~
In file included from prefetcher/inftable/inftable.h:16,
                 from prefetcher/inftable/inftable.cc:1:
/mnt/data/lyq/PRISM/inc/prism_framework.h:152:7: note: shadowed declaration is here
  152 |   int num_ways;
      |       ^~~~~~~~
In file included from prefetcher/inftable/inftable.h:16,
                 from prefetcher/inftable/inftable.cc:1:
/mnt/data/lyq/PRISM/inc/prism_framework.h:31:27: warning: declaration of ‘size’ shadows a member of ‘SetAssociativeCache<inftableMetaTableEntry>’ [-Wshadow]
   31 |   SetAssociativeCache(int size, int num_ways, int debug_level = 0)
      |                       ~~~~^~~~
In file included from prefetcher/inftable/inftable.h:16,
                 from prefetcher/inftable/inftable.cc:1:
/mnt/data/lyq/PRISM/inc/prism_framework.h:151:7: note: shadowed declaration is here
  151 |   int size;
      |       ^~~~
In file included from prefetcher/inftable/inftable.h:16,
                 from prefetcher/inftable/inftable.cc:1:
/mnt/data/lyq/PRISM/inc/prism_framework.h:31:51: warning: declaration of ‘debug_level’ shadows a member of ‘SetAssociativeCache<inftableMetaTableEntry>’ [-Wshadow]
   31 |   SetAssociativeCache(int size, int num_ways, int debug_level = 0)
      |                                               ~~~~^~~~~~~~~~~~~~~
In file included from prefetcher/inftable/inftable.h:16,
                 from prefetcher/inftable/inftable.cc:1:
/mnt/data/lyq/PRISM/inc/prism_framework.h:157:7: note: shadowed declaration is here
  157 |   int debug_level = 0;
      |       ^~~~~~~~~~~
In file included from prefetcher/inftable/inftable.h:16,
                 from prefetcher/inftable/inftable.cc:1:
/mnt/data/lyq/PRISM/inc/prism_framework.h:31:37: warning: declaration of ‘num_ways’ shadows a member of ‘SetAssociativeCache<inftableMetaTableEntry>’ [-Wshadow]
   31 |   SetAssociativeCache(int size, int num_ways, int debug_level = 0)
      |                                 ~~~~^~~~~~~~
In file included from prefetcher/inftable/inftable.h:16,
                 from prefetcher/inftable/inftable.cc:1:
/mnt/data/lyq/PRISM/inc/prism_framework.h:152:7: note: shadowed declaration is here
  152 |   int num_ways;
      |       ^~~~~~~~
In file included from prefetcher/inftable/inftable.h:16,
                 from prefetcher/inftable/inftable.cc:1:
/mnt/data/lyq/PRISM/inc/prism_framework.h:31:27: warning: declaration of ‘size’ shadows a member of ‘SetAssociativeCache<inftableMetaTableEntry>’ [-Wshadow]
   31 |   SetAssociativeCache(int size, int num_ways, int debug_level = 0)
      |                       ~~~~^~~~
In file included from prefetcher/inftable/inftable.h:16,
                 from prefetcher/inftable/inftable.cc:1:
/mnt/data/lyq/PRISM/inc/prism_framework.h:151:7: note: shadowed declaration is here
  151 |   int size;
      |       ^~~~
prefetcher/resize_tr/../triangel/triangel.h: In member function ‘void SetDueller::TryCacheHit(uint64_t)’:
prefetcher/resize_tr/../triangel/triangel.h:723:12: warning: unused variable ‘fucker’ [-Wunused-variable]
  723 |       auto fucker = &table[addr & CACHE_SETMASK];
      |            ^~~~~~
In file included from prefetcher/resize/resize.cc:1:
prefetcher/resize/resize.h: In constructor ‘resizeMetaTable::resizeMetaTable(int, int)’:
prefetcher/resize/resize.h:55:33: warning: declaration of ‘num_ways’ shadows a member of ‘resizeMetaTable’ [-Wshadow]
   55 |   resizeMetaTable(int size, int num_ways) : Super(size, num_ways), prefetcher(nullptr) {}
      |                             ~~~~^~~~~~~~
In file included from prefetcher/resize/resize.h:16,
                 from prefetcher/resize/resize.cc:1:
/mnt/data/lyq/PRISM/inc/prism_framework.h:152:7: note: shadowed declaration is here
  152 |   int num_ways;
      |       ^~~~~~~~
In file included from prefetcher/resize/resize.cc:1:
prefetcher/resize/resize.h:55:23: warning: declaration of ‘size’ shadows a member of ‘resizeMetaTable’ [-Wshadow]
   55 |   resizeMetaTable(int size, int num_ways) : Super(size, num_ways), prefetcher(nullptr) {}
      |                   ~~~~^~~~
In file included from prefetcher/resize/resize.h:16,
                 from prefetcher/resize/resize.cc:1:
/mnt/data/lyq/PRISM/inc/prism_framework.h:151:7: note: shadowed declaration is here
  151 |   int size;
      |       ^~~~
In file included from prefetcher/resize/resize.cc:1:
prefetcher/resize/resize.h: In constructor ‘resizeMetaTable::resizeMetaTable(int, int)’:
prefetcher/resize/resize.h:55:33: warning: declaration of ‘num_ways’ shadows a member of ‘resizeMetaTable’ [-Wshadow]
   55 |   resizeMetaTable(int size, int num_ways) : Super(size, num_ways), prefetcher(nullptr) {}
      |                             ~~~~^~~~~~~~
In file included from prefetcher/resize/resize.h:16,
                 from prefetcher/resize/resize.cc:1:
/mnt/data/lyq/PRISM/inc/prism_framework.h:152:7: note: shadowed declaration is here
  152 |   int num_ways;
      |       ^~~~~~~~
In file included from prefetcher/resize/resize.cc:1:
prefetcher/resize/resize.h:55:23: warning: declaration of ‘size’ shadows a member of ‘resizeMetaTable’ [-Wshadow]
   55 |   resizeMetaTable(int size, int num_ways) : Super(size, num_ways), prefetcher(nullptr) {}
      |                   ~~~~^~~~
In file included from prefetcher/resize/resize.h:16,
                 from prefetcher/resize/resize.cc:1:
/mnt/data/lyq/PRISM/inc/prism_framework.h:151:7: note: shadowed declaration is here
  151 |   int size;
      |       ^~~~
In file included from prefetcher/resize/resize.cc:1:
prefetcher/resize/resize.h: In constructor ‘resizeMetaTable::resizeMetaTable(int, int)’:
prefetcher/resize/resize.h:55:33: warning: declaration of ‘num_ways’ shadows a member of ‘resizeMetaTable’ [-Wshadow]
   55 |   resizeMetaTable(int size, int num_ways) : Super(size, num_ways), prefetcher(nullptr) {}
      |                             ~~~~^~~~~~~~
In file included from prefetcher/resize/resize.h:16,
                 from prefetcher/resize/resize.cc:1:
/mnt/data/lyq/PRISM/inc/prism_framework.h:152:7: note: shadowed declaration is here
  152 |   int num_ways;
      |       ^~~~~~~~
In file included from prefetcher/resize/resize.cc:1:
prefetcher/resize/resize.h:55:23: warning: declaration of ‘size’ shadows a member of ‘resizeMetaTable’ [-Wshadow]
   55 |   resizeMetaTable(int size, int num_ways) : Super(size, num_ways), prefetcher(nullptr) {}
      |                   ~~~~^~~~
In file included from prefetcher/resize/resize.h:16,
                 from prefetcher/resize/resize.cc:1:
/mnt/data/lyq/PRISM/inc/prism_framework.h:151:7: note: shadowed declaration is here
  151 |   int size;
      |       ^~~~
In file included from prefetcher/resize_pr/resize_pr.cc:1:
prefetcher/resize_pr/resize_pr.h: In constructor ‘resize_prMetaTable::resize_prMetaTable(int, int)’:
prefetcher/resize_pr/resize_pr.h:50:36: warning: declaration of ‘num_ways’ shadows a member of ‘resize_prMetaTable’ [-Wshadow]
   50 |   resize_prMetaTable(int size, int num_ways) : Super(size, num_ways), prefetcher(nullptr) {}
      |                                ~~~~^~~~~~~~
In file included from prefetcher/resize_pr/resize_pr.h:16,
                 from prefetcher/resize_pr/resize_pr.cc:1:
/mnt/data/lyq/PRISM/inc/prism_framework.h:152:7: note: shadowed declaration is here
  152 |   int num_ways;
      |       ^~~~~~~~
In file included from prefetcher/resize_pr/resize_pr.cc:1:
prefetcher/resize_pr/resize_pr.h:50:26: warning: declaration of ‘size’ shadows a member of ‘resize_prMetaTable’ [-Wshadow]
   50 |   resize_prMetaTable(int size, int num_ways) : Super(size, num_ways), prefetcher(nullptr) {}
      |                      ~~~~^~~~
In file included from prefetcher/resize_pr/resize_pr.h:16,
                 from prefetcher/resize_pr/resize_pr.cc:1:
/mnt/data/lyq/PRISM/inc/prism_framework.h:151:7: note: shadowed declaration is here
  151 |   int size;
      |       ^~~~
prefetcher/triangel/triangel.h:480:39: warning: declaration of ‘ways’ shadows a member of ‘AssociativeCache<SecondChanceSamplerEntry>’ [-Wshadow]
  480 |   AssociativeCache(uint64_t sets, int ways, ReplacementPolicy policy, const std::string& owner = "unknown") : count(0), set_mask(sets - 1), ways(ways), read_n(0), write_n(0)
      |                                   ~~~~^~~~
prefetcher/triangel/triangel.h:474:12: note: shadowed declaration is here
  474 |   uint64_t ways;
      |            ^~~~
prefetcher/triangel/triangel.h:480:39: warning: declaration of ‘ways’ shadows a member of ‘AssociativeCache<SecondChanceSamplerEntry>’ [-Wshadow]
  480 |   AssociativeCache(uint64_t sets, int ways, ReplacementPolicy policy, const std::string& owner = "unknown") : count(0), set_mask(sets - 1), ways(ways), read_n(0), write_n(0)
      |                                   ~~~~^~~~
prefetcher/triangel/triangel.h:474:12: note: shadowed declaration is here
  474 |   uint64_t ways;
      |            ^~~~
prefetcher/triangel/triangel.h: In instantiation of ‘AssociativeCache<T>::AssociativeCache(uint64_t, int, ReplacementPolicy, const string&) [with T = MetadataEntry; uint64_t = long unsigned int; std::string = std::__cxx11::basic_string<char>]’:
prefetcher/triangel/triangel.h:930:129:   required from here
prefetcher/triangel/triangel.h:480:39: warning: declaration of ‘ways’ shadows a member of ‘AssociativeCache<MetadataEntry>’ [-Wshadow]
  480 |   AssociativeCache(uint64_t sets, int ways, ReplacementPolicy policy, const std::string& owner = "unknown") : count(0), set_mask(sets - 1), ways(ways), read_n(0), write_n(0)
      |                                   ~~~~^~~~
prefetcher/triangel/triangel.h:474:12: note: shadowed declaration is here
  474 |   uint64_t ways;
      |            ^~~~
In file included from prefetcher/resize_pr/resize_pr.cc:1:
prefetcher/resize_pr/resize_pr.h: In constructor ‘resize_prMetaTable::resize_prMetaTable(int, int)’:
prefetcher/resize_pr/resize_pr.h:50:36: warning: declaration of ‘num_ways’ shadows a member of ‘resize_prMetaTable’ [-Wshadow]
   50 |   resize_prMetaTable(int size, int num_ways) : Super(size, num_ways), prefetcher(nullptr) {}
      |                                ~~~~^~~~~~~~
In file included from prefetcher/resize_pr/resize_pr.h:16,
                 from prefetcher/resize_pr/resize_pr.cc:1:
/mnt/data/lyq/PRISM/inc/prism_framework.h:152:7: note: shadowed declaration is here
  152 |   int num_ways;
      |       ^~~~~~~~
In file included from prefetcher/resize_pr/resize_pr.cc:1:
prefetcher/resize_pr/resize_pr.h:50:26: warning: declaration of ‘size’ shadows a member of ‘resize_prMetaTable’ [-Wshadow]
   50 |   resize_prMetaTable(int size, int num_ways) : Super(size, num_ways), prefetcher(nullptr) {}
      |                      ~~~~^~~~
In file included from prefetcher/resize_pr/resize_pr.h:16,
                 from prefetcher/resize_pr/resize_pr.cc:1:
/mnt/data/lyq/PRISM/inc/prism_framework.h:151:7: note: shadowed declaration is here
  151 |   int size;
      |       ^~~~
In file included from prefetcher/resize_pr/resize_pr.cc:1:
prefetcher/resize_pr/resize_pr.h: In constructor ‘resize_prMetaTable::resize_prMetaTable(int, int)’:
prefetcher/resize_pr/resize_pr.h:50:36: warning: declaration of ‘num_ways’ shadows a member of ‘resize_prMetaTable’ [-Wshadow]
   50 |   resize_prMetaTable(int size, int num_ways) : Super(size, num_ways), prefetcher(nullptr) {}
      |                                ~~~~^~~~~~~~
In file included from prefetcher/resize_pr/resize_pr.h:16,
                 from prefetcher/resize_pr/resize_pr.cc:1:
/mnt/data/lyq/PRISM/inc/prism_framework.h:152:7: note: shadowed declaration is here
  152 |   int num_ways;
      |       ^~~~~~~~
In file included from prefetcher/resize_pr/resize_pr.cc:1:
prefetcher/resize_pr/resize_pr.h:50:26: warning: declaration of ‘size’ shadows a member of ‘resize_prMetaTable’ [-Wshadow]
   50 |   resize_prMetaTable(int size, int num_ways) : Super(size, num_ways), prefetcher(nullptr) {}
      |                      ~~~~^~~~
In file included from prefetcher/resize_pr/resize_pr.h:16,
                 from prefetcher/resize_pr/resize_pr.cc:1:
/mnt/data/lyq/PRISM/inc/prism_framework.h:151:7: note: shadowed declaration is here
  151 |   int size;
      |       ^~~~
prefetcher/pctp/pctp.cc: In member function ‘int pctp::issue_metatable(pctpMetaTable*, uint64_t, std::vector<long unsigned int>&)’:
prefetcher/pctp/pctp.cc:6:42: warning: declaration of ‘metaTable’ shadows a member of ‘pctp’ [-Wshadow]
    6 | int pctp::issue_metatable(pctpMetaTable* metaTable, uint64_t lookup, std::vector<uint64_t>& addresses)
      |                           ~~~~~~~~~~~~~~~^~~~~~~~~
In file included from prefetcher/pctp/pctp.cc:1:
prefetcher/pctp/pctp.h:97:18: note: shadowed declaration is here
   97 |   pctpMetaTable* metaTable = new pctpMetaTable(META_TABLE_SIZE, META_TABLE_ASSOC);
      |                  ^~~~~~~~~
prefetcher/pctp/pctp.cc: In member function ‘uint32_t pctp::prefetcher_cache_operate(champsim::address, champsim::address, uint8_t, bool, access_type, uint32_t, std::string)’:
prefetcher/pctp/pctp.cc:126:18: warning: unused variable ‘victim_addr’ [-Wunused-variable]
  126 |         uint64_t victim_addr = last_meta->correlated_addr;
      |                  ^~~~~~~~~~~
prefetcher/pctp/pctp.cc:122:12: warning: variable ‘matched’ set but not used [-Wunused-but-set-variable]
  122 |       bool matched = false;
      |            ^~~~~~~
prefetcher/pctp/pctp.cc:221:21: warning: comparison of integer expressions of different signedness: ‘int’ and ‘std::vector<long unsigned int>::size_type’ {aka ‘long unsigned int’} [-Wsign-compare]
  221 |   for (int i = 0; i < pref_addr.size(); i++) {
      |                   ~~^~~~~~~~~~~~~~~~~~
prefetcher/pctp/pctp.cc:222:39: warning: ‘bool champsim::modules::prefetcher::prefetch_line(uint64_t, bool, uint32_t) const’ is deprecated [-Wdeprecated-declarations]
  222 |     const bool success = prefetch_line({pref_addr[i] << LOG2_BLOCK_SIZE}, true, 0);
      |                          ~~~~~~~~~~~~~^~~~~~~~~~~~~~~~~~~~~~~~~~~~~~~~~~~~~~~~~~~~
In file included from /mnt/data/lyq/PRISM/inc/cache.h:50,
                 from prefetcher/pctp/pctp.h:17,
                 from prefetcher/pctp/pctp.cc:1:
/mnt/data/lyq/PRISM/inc/modules.h:105:23: note: declared here
  105 |   [[deprecated]] bool prefetch_line(uint64_t pf_addr, bool fill_this_level, uint32_t prefetch_metadata) const;
      |                       ^~~~~~~~~~~~~
prefetcher/pctp/pctp.cc:222:16: warning: unused variable ‘success’ [-Wunused-variable]
  222 |     const bool success = prefetch_line({pref_addr[i] << LOG2_BLOCK_SIZE}, true, 0);
      |                ^~~~~~~
prefetcher/pctp/pctp.cc:112:7: warning: unused variable ‘issued_by_metatable’ [-Wunused-variable]
  112 |   int issued_by_metatable = issue_metatable(metaTable, lookup_key, pref_addr);
      |       ^~~~~~~~~~~~~~~~~~~
prefetcher/triangel/triangel.h:480:39: warning: declaration of ‘ways’ shadows a member of ‘AssociativeCache<MetadataEntry>’ [-Wshadow]
  480 |   AssociativeCache(uint64_t sets, int ways, ReplacementPolicy policy, const std::string& owner = "unknown") : count(0), set_mask(sets - 1), ways(ways), read_n(0), write_n(0)
      |                                   ~~~~^~~~
prefetcher/triangel/triangel.h:474:12: note: shadowed declaration is here
  474 |   uint64_t ways;
      |            ^~~~
prefetcher/triangel/triangel.h:480:39: warning: declaration of ‘ways’ shadows a member of ‘AssociativeCache<MetadataEntry>’ [-Wshadow]
  480 |   AssociativeCache(uint64_t sets, int ways, ReplacementPolicy policy, const std::string& owner = "unknown") : count(0), set_mask(sets - 1), ways(ways), read_n(0), write_n(0)
      |                                   ~~~~^~~~
prefetcher/triangel/triangel.h:474:12: note: shadowed declaration is here
  474 |   uint64_t ways;
      |            ^~~~
prefetcher/pctp/pctp.cc: In member function ‘void pctp::prefetcher_final_stats()’:
prefetcher/pctp/pctp.cc:248:76: warning: conversion from ‘uint64_t’ {aka ‘long unsigned int’} to ‘double’ may change value [-Wconversion]
  248 |   cout << "MT_hitrate " << (meta_table_lookups ? (double)meta_table_hits / meta_table_lookups : 0) << endl;
      |                                                                            ^~~~~~~~~~~~~~~~~~
prefetcher/resize_tr/../triangel/triangel.h: In member function ‘void Metadata::repartition(uint64_t)’:
prefetcher/resize_tr/../triangel/triangel.h:876:76: warning: conversion from ‘uint64_t’ {aka ‘long unsigned int’} to ‘int’ may change value [-Wconversion]
  876 |         lru_cache->incrementCapacity((new_cache_way - cache_way_allocated) * 12);
      |                                      ~~~~~~~~~~~~~~~~~~~~~~~~~~~~~~~~~~~~~~^~~~
prefetcher/resize_tr/../triangel/triangel.h:881:93: warning: conversion from ‘uint64_t’ {aka ‘long unsigned int’} to ‘int’ may change value [-Wconversion]
  881 |         total_evicted += lru_cache->decrementCapacity((cache_way_allocated - new_cache_way) * 12);
      |                                                       ~~~~~~~~~~~~~~~~~~~~~~~~~~~~~~~~~~~~~~^~~~
prefetcher/triangel/triangel.h: In instantiation of ‘bool AssociativeCache<T>::set(uint64_t, T) [with T = SecondChanceSamplerEntry; uint64_t = long unsigned int]’:
prefetcher/triangel/triangel.cc:158:16:   required from here
prefetcher/triangel/triangel.h:522:41: warning: implicitly-declared ‘constexpr SecondChanceSamplerEntry::SecondChanceSamplerEntry(const SecondChanceSamplerEntry&)’ is deprecated [-Wdeprecated-copy]
  522 |     bool evicted = table[set_index]->set(key, value);
      |                    ~~~~~~~~~~~~~~~~~~~~~^~~~~~~~~~~~
prefetcher/triangel/triangel.h:669:29: note: because ‘SecondChanceSamplerEntry’ has user-provided ‘SecondChanceSamplerEntry& SecondChanceSamplerEntry::operator=(const SecondChanceSamplerEntry&)’
  669 |   SecondChanceSamplerEntry& operator=(const SecondChanceSamplerEntry& other)
      |                             ^~~~~~~~
prefetcher/triangel/triangel.h:230:28: note:   initializing argument 2 of ‘bool Cacheway<T>::set(uint64_t, T) [with T = SecondChanceSamplerEntry; uint64_t = long unsigned int]’
  230 |   bool set(uint64_t key, T value)
      |                          ~~^~~~~
prefetcher/triangel/triangel.h: In instantiation of ‘bool AssociativeCache<T>::set(uint64_t, T) [with T = HistorySamplerEntry; uint64_t = long unsigned int]’:
prefetcher/triangel/triangel.cc:209:14:   required from here
prefetcher/triangel/triangel.h:522:41: warning: implicitly-declared ‘constexpr HistorySamplerEntry::HistorySamplerEntry(const HistorySamplerEntry&)’ is deprecated [-Wdeprecated-copy]
  522 |     bool evicted = table[set_index]->set(key, value);
      |                    ~~~~~~~~~~~~~~~~~~~~~^~~~~~~~~~~~
prefetcher/triangel/triangel.h:637:24: note: because ‘HistorySamplerEntry’ has user-provided ‘HistorySamplerEntry& HistorySamplerEntry::operator=(const HistorySamplerEntry&)’
  637 |   HistorySamplerEntry& operator=(const HistorySamplerEntry& other)
      |                        ^~~~~~~~
prefetcher/triangel/triangel.h:230:28: note:   initializing argument 2 of ‘bool Cacheway<T>::set(uint64_t, T) [with T = HistorySamplerEntry; uint64_t = long unsigned int]’
  230 |   bool set(uint64_t key, T value)
      |                          ~~^~~~~
prefetcher/pctp/pctp.cc:251:102: warning: conversion from ‘uint64_t’ {aka ‘long unsigned int’} to ‘double’ may change value [-Wconversion]
  251 |   cout << "MT_accuracy " << (meta_table_issued_prefetches ? (double)meta_table_accurate_prefetches / meta_table_issued_prefetches : 0) << endl;
      |                                                                                                      ^~~~~~~~~~~~~~~~~~~~~~~~~~~~
prefetcher/pctp/pctp.cc:258:88: warning: conversion from ‘uint64_t’ {aka ‘long unsigned int’} to ‘double’ may change value [-Wconversion]
  258 |   cout << "PCM_accuracy " << (PCM_total_prefetches ? (double)PCM_accurate_prefetches / PCM_total_prefetches : 0) << endl;
      |                                                                                        ^~~~~~~~~~~~~~~~~~~~
prefetcher/pctp/pctp.cc:259:87: warning: conversion from ‘uint64_t’ {aka ‘long unsigned int’} to ‘double’ may change value [-Wconversion]
  259 |   cout << "PCM_laterate " << (PCM_accurate_prefetches ? (double)PCM_late_prefetches / PCM_accurate_prefetches : 0) << endl;
      |                                                                                       ^~~~~~~~~~~~~~~~~~~~~~~
prefetcher/resize_pr/resize_pr.cc: In member function ‘int resize_pr::issue_metatable(resize_prMetaTable*, uint64_t, uint64_t, std::vector<long unsigned int>&)’:
prefetcher/resize_pr/resize_pr.cc:6:52: warning: declaration of ‘metaTable’ shadows a member of ‘resize_pr’ [-Wshadow]
    6 | int resize_pr::issue_metatable(resize_prMetaTable* metaTable, uint64_t pc, uint64_t lookup, std::vector<uint64_t>& addresses)
      |                                ~~~~~~~~~~~~~~~~~~~~^~~~~~~~~
In file included from prefetcher/resize_pr/resize_pr.cc:1:
prefetcher/resize_pr/resize_pr.h:93:23: note: shadowed declaration is here
   93 |   resize_prMetaTable* metaTable = new resize_prMetaTable(META_TABLE_SIZE, META_TABLE_ASSOC);
      |                       ^~~~~~~~~
prefetcher/pctp/pctp.cc: In member function ‘bool pctpMetaTable::insert(uint64_t, const pctpMetaTableEntry&)’:
prefetcher/pctp/pctp.cc:277:12: warning: unused variable ‘index’ [-Wunused-variable]
  277 |   uint64_t index = key % this->num_sets;
      |            ^~~~~
prefetcher/pctp/pctp.cc:278:12: warning: unused variable ‘tag’ [-Wunused-variable]
  278 |   uint64_t tag = key / this->num_sets;
      |            ^~~
prefetcher/resize_pr/resize_pr.cc: In member function ‘uint32_t resize_pr::prefetcher_cache_operate(champsim::address, champsim::address, uint8_t, bool, access_type, uint32_t, std::string)’:
prefetcher/resize_pr/resize_pr.cc:154:18: warning: unused variable ‘victim_addr’ [-Wunused-variable]
  154 |         uint64_t victim_addr = last_meta->correlated_addr;
      |                  ^~~~~~~~~~~
prefetcher/resize_pr/resize_pr.cc:149:12: warning: variable ‘matched’ set but not used [-Wunused-but-set-variable]
  149 |       bool matched = false;
      |            ^~~~~~~
prefetcher/resize_pr/resize_pr.cc:196:21: warning: comparison of integer expressions of different signedness: ‘int’ and ‘std::vector<long unsigned int>::size_type’ {aka ‘long unsigned int’} [-Wsign-compare]
  196 |   for (int i = 0; i < pref_addr.size(); i++) {
      |                   ~~^~~~~~~~~~~~~~~~~~
prefetcher/resize_pr/resize_pr.cc:197:39: warning: ‘bool champsim::modules::prefetcher::prefetch_line(uint64_t, bool, uint32_t) const’ is deprecated [-Wdeprecated-declarations]
  197 |     const bool success = prefetch_line({pref_addr[i] << LOG2_BLOCK_SIZE}, true, 0);
      |                          ~~~~~~~~~~~~~^~~~~~~~~~~~~~~~~~~~~~~~~~~~~~~~~~~~~~~~~~~~
In file included from /mnt/data/lyq/PRISM/inc/cache.h:50,
                 from prefetcher/resize_pr/resize_pr.h:17,
                 from prefetcher/resize_pr/resize_pr.cc:1:
/mnt/data/lyq/PRISM/inc/modules.h:105:23: note: declared here
  105 |   [[deprecated]] bool prefetch_line(uint64_t pf_addr, bool fill_this_level, uint32_t prefetch_metadata) const;
      |                       ^~~~~~~~~~~~~
prefetcher/resize_pr/resize_pr.cc:197:16: warning: unused variable ‘success’ [-Wunused-variable]
  197 |     const bool success = prefetch_line({pref_addr[i] << LOG2_BLOCK_SIZE}, true, 0);
      |                ^~~~~~~
prefetcher/resize_pr/resize_pr.cc:128:7: warning: unused variable ‘issued_by_metatable’ [-Wunused-variable]
  128 |   int issued_by_metatable = issue_metatable(metaTable, pc, lookup_key, pref_addr);
      |       ^~~~~~~~~~~~~~~~~~~
prefetcher/resize_pr/resize_pr.cc: In member function ‘void resize_pr::prefetcher_final_stats()’:
prefetcher/resize_pr/resize_pr.cc:215:76: warning: conversion from ‘uint64_t’ {aka ‘long unsigned int’} to ‘double’ may change value [-Wconversion]
  215 |   cout << "MT_hitrate " << (meta_table_lookups ? (double)meta_table_hits / meta_table_lookups : 0) << endl;
      |                                                                            ^~~~~~~~~~~~~~~~~~
In file included from prefetcher/resize/resize.cc:1:
prefetcher/resize/resize.h: In member function ‘void resize::reset_metadata_size()’:
prefetcher/resize/resize.h:193:34: warning: conversion from ‘long int’ to ‘double’ may change value [-Wconversion]
  193 |       temp_llc_hit_rate = (1.0 * llc_hits / (llc_hits + llc_misses));
      |                                  ^~~~~~~~
prefetcher/resize/resize.h:193:55: warning: conversion from ‘long int’ to ‘double’ may change value [-Wconversion]
  193 |       temp_llc_hit_rate = (1.0 * llc_hits / (llc_hits + llc_misses));
      |                                             ~~~~~~~~~~^~~~~~~~~~~~~
prefetcher/resize/resize.h:193:43: warning: conversion from ‘double’ to ‘float’ may change value [-Wfloat-conversion]
  193 |       temp_llc_hit_rate = (1.0 * llc_hits / (llc_hits + llc_misses));
      |                           ~~~~~~~~~~~~~~~~^~~~~~~~~~~~~~~~~~~~~~~~~~
prefetcher/resize/resize.h:196:42: warning: conversion from ‘uint64_t’ {aka ‘long unsigned int’} to ‘double’ may change value [-Wconversion]
  196 |       temp_useful_prefetch_rate = (1.0 * num_useful_prefetch / num_issued_prefetch);
      |                                          ^~~~~~~~~~~~~~~~~~~
prefetcher/resize/resize.h:196:64: warning: conversion from ‘uint64_t’ {aka ‘long unsigned int’} to ‘double’ may change value [-Wconversion]
  196 |       temp_useful_prefetch_rate = (1.0 * num_useful_prefetch / num_issued_prefetch);
      |                                                                ^~~~~~~~~~~~~~~~~~~
prefetcher/resize/resize.h:196:62: warning: conversion from ‘double’ to ‘float’ may change value [-Wfloat-conversion]
  196 |       temp_useful_prefetch_rate = (1.0 * num_useful_prefetch / num_issued_prefetch);
      |                                   ~~~~~~~~~~~~~~~~~~~~~~~~~~~^~~~~~~~~~~~~~~~~~~~~~
prefetcher/resize_pr/resize_pr.cc:218:102: warning: conversion from ‘uint64_t’ {aka ‘long unsigned int’} to ‘double’ may change value [-Wconversion]
  218 |   cout << "MT_accuracy " << (meta_table_issued_prefetches ? (double)meta_table_accurate_prefetches / meta_table_issued_prefetches : 0) << endl;
      |                                                                                                      ^~~~~~~~~~~~~~~~~~~~~~~~~~~~
prefetcher/resize_pr/resize_pr.cc: In member function ‘bool resize_prMetaTable::insert(uint64_t, const resize_prMetaTableEntry&)’:
prefetcher/resize_pr/resize_pr.cc:243:12: warning: unused variable ‘index’ [-Wunused-variable]
  243 |   uint64_t index = key % this->num_sets;
      |            ^~~~~
prefetcher/resize_pr/resize_pr.cc:244:12: warning: unused variable ‘tag’ [-Wunused-variable]
  244 |   uint64_t tag = key / this->num_sets;
      |            ^~~
prefetcher/resize_pr/resize_pr.cc: In member function ‘bool resize_prMetaTable::insert(uint64_t, const resize_prMetaTableEntry&, uint64_t)’:
prefetcher/resize_pr/resize_pr.cc:274:12: warning: unused variable ‘index’ [-Wunused-variable]
  274 |   uint64_t index = key % this->num_sets;
      |            ^~~~~
prefetcher/resize_pr/resize_pr.cc:275:12: warning: unused variable ‘tag’ [-Wunused-variable]
  275 |   uint64_t tag = key / this->num_sets;
      |            ^~~
prefetcher/resize/resize.h:209:31: warning: comparison of integer expressions of different signedness: ‘int’ and ‘std::vector<SetAssociativeCache<resizeMetaTableEntry>::Entry, std::allocator<SetAssociativeCache<resizeMetaTableEntry>::Entry> >::size_type’ {aka ‘long unsigned int’} [-Wsign-compare]
  209 |             for (int j = 0; j < metaTable->entries[i].size(); j++) {
      |                             ~~^~~~~~~~~~~~~~~~~~~~~~~~~~~~~~
prefetcher/resize/resize.h:215:9: warning: deleting object of polymorphic class type ‘resizeMetaTable’ which has non-virtual destructor might cause undefined behavior [-Wdelete-non-virtual-dtor]
  215 |         delete metaTable;
      |         ^~~~~~~~~~~~~~~~
prefetcher/resize/resize.h:230:29: warning: comparison of integer expressions of different signedness: ‘int’ and ‘std::vector<SetAssociativeCache<resizeMetaTableEntry>::Entry, std::allocator<SetAssociativeCache<resizeMetaTableEntry>::Entry> >::size_type’ {aka ‘long unsigned int’} [-Wsign-compare]
  230 |           for (int j = 0; j < metaTable->entries[i].size(); j++) {
      |                           ~~^~~~~~~~~~~~~~~~~~~~~~~~~~~~~~
prefetcher/resize/resize.h:235:9: warning: deleting object of polymorphic class type ‘resizeMetaTable’ which has non-virtual destructor might cause undefined behavior [-Wdelete-non-virtual-dtor]
  235 |         delete metaTable;
      |         ^~~~~~~~~~~~~~~~
prefetcher/resize/resize.cc: In member function ‘int resize::issue_metatable(resizeMetaTable*, uint64_t, uint64_t, std::vector<long unsigned int>&)’:
prefetcher/resize/resize.cc:6:46: warning: declaration of ‘metaTable’ shadows a member of ‘resize’ [-Wshadow]
    6 | int resize::issue_metatable(resizeMetaTable* metaTable, uint64_t pc, uint64_t lookup, std::vector<uint64_t>& addresses)
      |                             ~~~~~~~~~~~~~~~~~^~~~~~~~~
In file included from prefetcher/resize/resize.cc:1:
prefetcher/resize/resize.h:98:20: note: shadowed declaration is here
   98 |   resizeMetaTable* metaTable = new resizeMetaTable(META_TABLE_SIZE, META_TABLE_ASSOC);
      |                    ^~~~~~~~~
In file included from prefetcher/prism/prism.h:18,
                 from prefetcher/prism/prism.cc:1:
/mnt/data/lyq/PRISM/inc/prism_framework.h: In instantiation of ‘SetAssociativeCache<T>::SetAssociativeCache(int, int, int) [with T = MetaTableEntry]’:
/mnt/data/lyq/PRISM/inc/prism_framework.h:422:158:   required from ‘SRRIPSetAssociativeCache<T>::SRRIPSetAssociativeCache(int, int, int) [with T = MetaTableEntry]’
prefetcher/prism/prism.h:89:119:   required from here
/mnt/data/lyq/PRISM/inc/prism_framework.h:31:51: warning: declaration of ‘debug_level’ shadows a member of ‘SetAssociativeCache<MetaTableEntry>’ [-Wshadow]
   31 |   SetAssociativeCache(int size, int num_ways, int debug_level = 0)
      |                                               ~~~~^~~~~~~~~~~~~~~
In file included from prefetcher/prism/prism.h:18,
                 from prefetcher/prism/prism.cc:1:
/mnt/data/lyq/PRISM/inc/prism_framework.h:157:7: note: shadowed declaration is here
  157 |   int debug_level = 0;
      |       ^~~~~~~~~~~
In file included from prefetcher/prism/prism.h:18,
                 from prefetcher/prism/prism.cc:1:
/mnt/data/lyq/PRISM/inc/prism_framework.h:31:37: warning: declaration of ‘num_ways’ shadows a member of ‘SetAssociativeCache<MetaTableEntry>’ [-Wshadow]
   31 |   SetAssociativeCache(int size, int num_ways, int debug_level = 0)
      |                                 ~~~~^~~~~~~~
In file included from prefetcher/prism/prism.h:18,
                 from prefetcher/prism/prism.cc:1:
/mnt/data/lyq/PRISM/inc/prism_framework.h:152:7: note: shadowed declaration is here
  152 |   int num_ways;
      |       ^~~~~~~~
In file included from prefetcher/prism/prism.h:18,
                 from prefetcher/prism/prism.cc:1:
/mnt/data/lyq/PRISM/inc/prism_framework.h:31:27: warning: declaration of ‘size’ shadows a member of ‘SetAssociativeCache<MetaTableEntry>’ [-Wshadow]
   31 |   SetAssociativeCache(int size, int num_ways, int debug_level = 0)
      |                       ~~~~^~~~
In file included from prefetcher/prism/prism.h:18,
                 from prefetcher/prism/prism.cc:1:
/mnt/data/lyq/PRISM/inc/prism_framework.h:151:7: note: shadowed declaration is here
  151 |   int size;
      |       ^~~~
In file included from prefetcher/prism/prism.h:18,
                 from prefetcher/prism/prism.cc:1:
/mnt/data/lyq/PRISM/inc/prism_framework.h:31:51: warning: declaration of ‘debug_level’ shadows a member of ‘SetAssociativeCache<MetaTableEntry>’ [-Wshadow]
   31 |   SetAssociativeCache(int size, int num_ways, int debug_level = 0)
      |                                               ~~~~^~~~~~~~~~~~~~~
In file included from prefetcher/prism/prism.h:18,
                 from prefetcher/prism/prism.cc:1:
/mnt/data/lyq/PRISM/inc/prism_framework.h:157:7: note: shadowed declaration is here
  157 |   int debug_level = 0;
      |       ^~~~~~~~~~~
In file included from prefetcher/prism/prism.h:18,
                 from prefetcher/prism/prism.cc:1:
/mnt/data/lyq/PRISM/inc/prism_framework.h:31:37: warning: declaration of ‘num_ways’ shadows a member of ‘SetAssociativeCache<MetaTableEntry>’ [-Wshadow]
   31 |   SetAssociativeCache(int size, int num_ways, int debug_level = 0)
      |                                 ~~~~^~~~~~~~
In file included from prefetcher/prism/prism.h:18,
                 from prefetcher/prism/prism.cc:1:
/mnt/data/lyq/PRISM/inc/prism_framework.h:152:7: note: shadowed declaration is here
  152 |   int num_ways;
      |       ^~~~~~~~
In file included from prefetcher/prism/prism.h:18,
                 from prefetcher/prism/prism.cc:1:
/mnt/data/lyq/PRISM/inc/prism_framework.h:31:27: warning: declaration of ‘size’ shadows a member of ‘SetAssociativeCache<MetaTableEntry>’ [-Wshadow]
   31 |   SetAssociativeCache(int size, int num_ways, int debug_level = 0)
      |                       ~~~~^~~~
In file included from prefetcher/prism/prism.h:18,
                 from prefetcher/prism/prism.cc:1:
/mnt/data/lyq/PRISM/inc/prism_framework.h:151:7: note: shadowed declaration is here
  151 |   int size;
      |       ^~~~
In file included from prefetcher/prism/prism.h:18,
                 from prefetcher/prism/prism.cc:1:
/mnt/data/lyq/PRISM/inc/prism_framework.h:31:51: warning: declaration of ‘debug_level’ shadows a member of ‘SetAssociativeCache<MetaTableEntry>’ [-Wshadow]
   31 |   SetAssociativeCache(int size, int num_ways, int debug_level = 0)
      |                                               ~~~~^~~~~~~~~~~~~~~
In file included from prefetcher/prism/prism.h:18,
                 from prefetcher/prism/prism.cc:1:
/mnt/data/lyq/PRISM/inc/prism_framework.h:157:7: note: shadowed declaration is here
  157 |   int debug_level = 0;
      |       ^~~~~~~~~~~
In file included from prefetcher/prism/prism.h:18,
                 from prefetcher/prism/prism.cc:1:
/mnt/data/lyq/PRISM/inc/prism_framework.h:31:37: warning: declaration of ‘num_ways’ shadows a member of ‘SetAssociativeCache<MetaTableEntry>’ [-Wshadow]
   31 |   SetAssociativeCache(int size, int num_ways, int debug_level = 0)
      |                                 ~~~~^~~~~~~~
In file included from prefetcher/prism/prism.h:18,
                 from prefetcher/prism/prism.cc:1:
/mnt/data/lyq/PRISM/inc/prism_framework.h:152:7: note: shadowed declaration is here
  152 |   int num_ways;
      |       ^~~~~~~~
In file included from prefetcher/prism/prism.h:18,
                 from prefetcher/prism/prism.cc:1:
/mnt/data/lyq/PRISM/inc/prism_framework.h:31:27: warning: declaration of ‘size’ shadows a member of ‘SetAssociativeCache<MetaTableEntry>’ [-Wshadow]
   31 |   SetAssociativeCache(int size, int num_ways, int debug_level = 0)
      |                       ~~~~^~~~
In file included from prefetcher/prism/prism.h:18,
                 from prefetcher/prism/prism.cc:1:
/mnt/data/lyq/PRISM/inc/prism_framework.h:151:7: note: shadowed declaration is here
  151 |   int size;
      |       ^~~~
prefetcher/resize/resize.cc: In member function ‘uint32_t resize::prefetcher_cache_operate(champsim::address, champsim::address, uint8_t, bool, access_type, uint32_t, std::string)’:
prefetcher/resize/resize.cc:165:18: warning: unused variable ‘victim_addr’ [-Wunused-variable]
  165 |         uint64_t victim_addr = last_meta->correlated_addr;
      |                  ^~~~~~~~~~~
prefetcher/resize/resize.cc:160:12: warning: variable ‘matched’ set but not used [-Wunused-but-set-variable]
  160 |       bool matched = false;
      |            ^~~~~~~
prefetcher/resize/resize.cc:207:21: warning: comparison of integer expressions of different signedness: ‘int’ and ‘std::vector<long unsigned int>::size_type’ {aka ‘long unsigned int’} [-Wsign-compare]
  207 |   for (int i = 0; i < pref_addr.size(); i++) {
      |                   ~~^~~~~~~~~~~~~~~~~~
prefetcher/resize/resize.cc:208:39: warning: ‘bool champsim::modules::prefetcher::prefetch_line(uint64_t, bool, uint32_t) const’ is deprecated [-Wdeprecated-declarations]
  208 |     const bool success = prefetch_line({pref_addr[i] << LOG2_BLOCK_SIZE}, true, 0);
      |                          ~~~~~~~~~~~~~^~~~~~~~~~~~~~~~~~~~~~~~~~~~~~~~~~~~~~~~~~~~
In file included from /mnt/data/lyq/PRISM/inc/cache.h:50,
                 from prefetcher/resize/resize.h:17,
                 from prefetcher/resize/resize.cc:1:
/mnt/data/lyq/PRISM/inc/modules.h:105:23: note: declared here
  105 |   [[deprecated]] bool prefetch_line(uint64_t pf_addr, bool fill_this_level, uint32_t prefetch_metadata) const;
      |                       ^~~~~~~~~~~~~
prefetcher/resize/resize.cc:208:16: warning: unused variable ‘success’ [-Wunused-variable]
  208 |     const bool success = prefetch_line({pref_addr[i] << LOG2_BLOCK_SIZE}, true, 0);
      |                ^~~~~~~
prefetcher/resize/resize.cc:139:7: warning: unused variable ‘issued_by_metatable’ [-Wunused-variable]
  139 |   int issued_by_metatable = issue_metatable(metaTable, pc, lookup_key, pref_addr);
      |       ^~~~~~~~~~~~~~~~~~~
In file included from prefetcher/prism/prism.h:18,
                 from prefetcher/prism/prism.cc:1:
/mnt/data/lyq/PRISM/inc/prism_framework.h: In instantiation of ‘SetAssociativeCache<T>::SetAssociativeCache(int, int, int) [with T = pf_filter_entry]’:
/mnt/data/lyq/PRISM/inc/prism_framework.h:166:136:   required from ‘FIFOSetAssociativeCache<T>::FIFOSetAssociativeCache(int, int, int) [with T = pf_filter_entry]’
prefetcher/prism/prism.h:167:107:   required from here
/mnt/data/lyq/PRISM/inc/prism_framework.h:31:51: warning: declaration of ‘debug_level’ shadows a member of ‘SetAssociativeCache<pf_filter_entry>’ [-Wshadow]
   31 |   SetAssociativeCache(int size, int num_ways, int debug_level = 0)
      |                                               ~~~~^~~~~~~~~~~~~~~
In file included from prefetcher/prism/prism.h:18,
                 from prefetcher/prism/prism.cc:1:
/mnt/data/lyq/PRISM/inc/prism_framework.h:157:7: note: shadowed declaration is here
  157 |   int debug_level = 0;
      |       ^~~~~~~~~~~
prefetcher/resize/resize.cc: In member function ‘void resize::prefetcher_final_stats()’:
prefetcher/resize/resize.cc:226:76: warning: conversion from ‘uint64_t’ {aka ‘long unsigned int’} to ‘double’ may change value [-Wconversion]
  226 |   cout << "MT_hitrate " << (meta_table_lookups ? (double)meta_table_hits / meta_table_lookups : 0) << endl;
      |                                                                            ^~~~~~~~~~~~~~~~~~
In file included from prefetcher/prism/prism.h:18,
                 from prefetcher/prism/prism.cc:1:
/mnt/data/lyq/PRISM/inc/prism_framework.h:31:37: warning: declaration of ‘num_ways’ shadows a member of ‘SetAssociativeCache<pf_filter_entry>’ [-Wshadow]
   31 |   SetAssociativeCache(int size, int num_ways, int debug_level = 0)
      |                                 ~~~~^~~~~~~~
In file included from prefetcher/prism/prism.h:18,
                 from prefetcher/prism/prism.cc:1:
/mnt/data/lyq/PRISM/inc/prism_framework.h:152:7: note: shadowed declaration is here
  152 |   int num_ways;
      |       ^~~~~~~~
In file included from prefetcher/prism/prism.h:18,
                 from prefetcher/prism/prism.cc:1:
/mnt/data/lyq/PRISM/inc/prism_framework.h:31:27: warning: declaration of ‘size’ shadows a member of ‘SetAssociativeCache<pf_filter_entry>’ [-Wshadow]
   31 |   SetAssociativeCache(int size, int num_ways, int debug_level = 0)
      |                       ~~~~^~~~
In file included from prefetcher/prism/prism.h:18,
                 from prefetcher/prism/prism.cc:1:
/mnt/data/lyq/PRISM/inc/prism_framework.h:151:7: note: shadowed declaration is here
  151 |   int size;
      |       ^~~~
prefetcher/resize/resize.cc:229:102: warning: conversion from ‘uint64_t’ {aka ‘long unsigned int’} to ‘double’ may change value [-Wconversion]
  229 |   cout << "MT_accuracy " << (meta_table_issued_prefetches ? (double)meta_table_accurate_prefetches / meta_table_issued_prefetches : 0) << endl;
      |                                                                                                      ^~~~~~~~~~~~~~~~~~~~~~~~~~~~
In file included from prefetcher/prism/prism.h:18,
                 from prefetcher/prism/prism.cc:1:
/mnt/data/lyq/PRISM/inc/prism_framework.h:31:51: warning: declaration of ‘debug_level’ shadows a member of ‘SetAssociativeCache<pf_filter_entry>’ [-Wshadow]
   31 |   SetAssociativeCache(int size, int num_ways, int debug_level = 0)
      |                                               ~~~~^~~~~~~~~~~~~~~
In file included from prefetcher/prism/prism.h:18,
                 from prefetcher/prism/prism.cc:1:
/mnt/data/lyq/PRISM/inc/prism_framework.h:157:7: note: shadowed declaration is here
  157 |   int debug_level = 0;
      |       ^~~~~~~~~~~
In file included from prefetcher/prism/prism.h:18,
                 from prefetcher/prism/prism.cc:1:
/mnt/data/lyq/PRISM/inc/prism_framework.h:31:37: warning: declaration of ‘num_ways’ shadows a member of ‘SetAssociativeCache<pf_filter_entry>’ [-Wshadow]
   31 |   SetAssociativeCache(int size, int num_ways, int debug_level = 0)
      |                                 ~~~~^~~~~~~~
In file included from prefetcher/prism/prism.h:18,
                 from prefetcher/prism/prism.cc:1:
/mnt/data/lyq/PRISM/inc/prism_framework.h:152:7: note: shadowed declaration is here
  152 |   int num_ways;
      |       ^~~~~~~~
In file included from prefetcher/prism/prism.h:18,
                 from prefetcher/prism/prism.cc:1:
/mnt/data/lyq/PRISM/inc/prism_framework.h:31:27: warning: declaration of ‘size’ shadows a member of ‘SetAssociativeCache<pf_filter_entry>’ [-Wshadow]
   31 |   SetAssociativeCache(int size, int num_ways, int debug_level = 0)
      |                       ~~~~^~~~
In file included from prefetcher/prism/prism.h:18,
                 from prefetcher/prism/prism.cc:1:
/mnt/data/lyq/PRISM/inc/prism_framework.h:151:7: note: shadowed declaration is here
  151 |   int size;
      |       ^~~~
In file included from prefetcher/prism/prism.h:18,
                 from prefetcher/prism/prism.cc:1:
/mnt/data/lyq/PRISM/inc/prism_framework.h:31:51: warning: declaration of ‘debug_level’ shadows a member of ‘SetAssociativeCache<pf_filter_entry>’ [-Wshadow]
   31 |   SetAssociativeCache(int size, int num_ways, int debug_level = 0)
      |                                               ~~~~^~~~~~~~~~~~~~~
In file included from prefetcher/prism/prism.h:18,
                 from prefetcher/prism/prism.cc:1:
/mnt/data/lyq/PRISM/inc/prism_framework.h:157:7: note: shadowed declaration is here
  157 |   int debug_level = 0;
      |       ^~~~~~~~~~~
In file included from prefetcher/prism/prism.h:18,
                 from prefetcher/prism/prism.cc:1:
/mnt/data/lyq/PRISM/inc/prism_framework.h:31:37: warning: declaration of ‘num_ways’ shadows a member of ‘SetAssociativeCache<pf_filter_entry>’ [-Wshadow]
   31 |   SetAssociativeCache(int size, int num_ways, int debug_level = 0)
      |                                 ~~~~^~~~~~~~
In file included from prefetcher/prism/prism.h:18,
                 from prefetcher/prism/prism.cc:1:
/mnt/data/lyq/PRISM/inc/prism_framework.h:152:7: note: shadowed declaration is here
  152 |   int num_ways;
      |       ^~~~~~~~
In file included from prefetcher/prism/prism.h:18,
                 from prefetcher/prism/prism.cc:1:
/mnt/data/lyq/PRISM/inc/prism_framework.h:31:27: warning: declaration of ‘size’ shadows a member of ‘SetAssociativeCache<pf_filter_entry>’ [-Wshadow]
   31 |   SetAssociativeCache(int size, int num_ways, int debug_level = 0)
      |                       ~~~~^~~~
In file included from prefetcher/prism/prism.h:18,
                 from prefetcher/prism/prism.cc:1:
/mnt/data/lyq/PRISM/inc/prism_framework.h:151:7: note: shadowed declaration is here
  151 |   int size;
      |       ^~~~
In file included from prefetcher/prism/prism.h:18,
                 from prefetcher/prism/prism.cc:1:
/mnt/data/lyq/PRISM/inc/prism_framework.h: In instantiation of ‘SetAssociativeCache<T>::SetAssociativeCache(int, int, int) [with T = prism::PCTableEntry]’:
/mnt/data/lyq/PRISM/inc/prism_framework.h:254:155:   required from ‘LRUSetAssociativeCache<T>::LRUSetAssociativeCache(int, int, int) [with T = prism::PCTableEntry]’
prefetcher/prism/prism.h:286:121:   required from here
/mnt/data/lyq/PRISM/inc/prism_framework.h:31:51: warning: declaration of ‘debug_level’ shadows a member of ‘SetAssociativeCache<prism::PCTableEntry>’ [-Wshadow]
   31 |   SetAssociativeCache(int size, int num_ways, int debug_level = 0)
      |                                               ~~~~^~~~~~~~~~~~~~~
In file included from prefetcher/prism/prism.h:18,
                 from prefetcher/prism/prism.cc:1:
/mnt/data/lyq/PRISM/inc/prism_framework.h:157:7: note: shadowed declaration is here
  157 |   int debug_level = 0;
      |       ^~~~~~~~~~~
In file included from prefetcher/prism/prism.h:18,
                 from prefetcher/prism/prism.cc:1:
/mnt/data/lyq/PRISM/inc/prism_framework.h:31:37: warning: declaration of ‘num_ways’ shadows a member of ‘SetAssociativeCache<prism::PCTableEntry>’ [-Wshadow]
   31 |   SetAssociativeCache(int size, int num_ways, int debug_level = 0)
      |                                 ~~~~^~~~~~~~
In file included from prefetcher/prism/prism.h:18,
                 from prefetcher/prism/prism.cc:1:
/mnt/data/lyq/PRISM/inc/prism_framework.h:152:7: note: shadowed declaration is here
  152 |   int num_ways;
      |       ^~~~~~~~
In file included from prefetcher/prism/prism.h:18,
                 from prefetcher/prism/prism.cc:1:
/mnt/data/lyq/PRISM/inc/prism_framework.h:31:27: warning: declaration of ‘size’ shadows a member of ‘SetAssociativeCache<prism::PCTableEntry>’ [-Wshadow]
   31 |   SetAssociativeCache(int size, int num_ways, int debug_level = 0)
      |                       ~~~~^~~~
In file included from prefetcher/prism/prism.h:18,
                 from prefetcher/prism/prism.cc:1:
/mnt/data/lyq/PRISM/inc/prism_framework.h:151:7: note: shadowed declaration is here
  151 |   int size;
      |       ^~~~
prefetcher/resize/resize.cc: In member function ‘bool resizeMetaTable::insert(uint64_t, const resizeMetaTableEntry&)’:
prefetcher/resize/resize.cc:254:12: warning: unused variable ‘index’ [-Wunused-variable]
  254 |   uint64_t index = key % this->num_sets;
      |            ^~~~~
prefetcher/resize/resize.cc:255:12: warning: unused variable ‘tag’ [-Wunused-variable]
  255 |   uint64_t tag = key / this->num_sets;
      |            ^~~
prefetcher/resize/resize.cc: In member function ‘bool resizeMetaTable::insert(uint64_t, const resizeMetaTableEntry&, uint64_t)’:
prefetcher/resize/resize.cc:285:12: warning: unused variable ‘index’ [-Wunused-variable]
  285 |   uint64_t index = key % this->num_sets;
      |            ^~~~~
prefetcher/resize/resize.cc:286:12: warning: unused variable ‘tag’ [-Wunused-variable]
  286 |   uint64_t tag = key / this->num_sets;
      |            ^~~
In file included from prefetcher/prism/prism.h:18,
                 from prefetcher/prism/prism.cc:1:
/mnt/data/lyq/PRISM/inc/prism_framework.h:31:51: warning: declaration of ‘debug_level’ shadows a member of ‘SetAssociativeCache<prism::PCTableEntry>’ [-Wshadow]
   31 |   SetAssociativeCache(int size, int num_ways, int debug_level = 0)
      |                                               ~~~~^~~~~~~~~~~~~~~
In file included from prefetcher/prism/prism.h:18,
                 from prefetcher/prism/prism.cc:1:
/mnt/data/lyq/PRISM/inc/prism_framework.h:157:7: note: shadowed declaration is here
  157 |   int debug_level = 0;
      |       ^~~~~~~~~~~
In file included from prefetcher/prism/prism.h:18,
                 from prefetcher/prism/prism.cc:1:
/mnt/data/lyq/PRISM/inc/prism_framework.h:31:37: warning: declaration of ‘num_ways’ shadows a member of ‘SetAssociativeCache<prism::PCTableEntry>’ [-Wshadow]
   31 |   SetAssociativeCache(int size, int num_ways, int debug_level = 0)
      |                                 ~~~~^~~~~~~~
In file included from prefetcher/prism/prism.h:18,
                 from prefetcher/prism/prism.cc:1:
/mnt/data/lyq/PRISM/inc/prism_framework.h:152:7: note: shadowed declaration is here
  152 |   int num_ways;
      |       ^~~~~~~~
In file included from prefetcher/prism/prism.h:18,
                 from prefetcher/prism/prism.cc:1:
/mnt/data/lyq/PRISM/inc/prism_framework.h:31:27: warning: declaration of ‘size’ shadows a member of ‘SetAssociativeCache<prism::PCTableEntry>’ [-Wshadow]
   31 |   SetAssociativeCache(int size, int num_ways, int debug_level = 0)
      |                       ~~~~^~~~
In file included from prefetcher/prism/prism.h:18,
                 from prefetcher/prism/prism.cc:1:
/mnt/data/lyq/PRISM/inc/prism_framework.h:151:7: note: shadowed declaration is here
  151 |   int size;
      |       ^~~~
In file included from prefetcher/prism/prism.h:18,
                 from prefetcher/prism/prism.cc:1:
/mnt/data/lyq/PRISM/inc/prism_framework.h:31:51: warning: declaration of ‘debug_level’ shadows a member of ‘SetAssociativeCache<prism::PCTableEntry>’ [-Wshadow]
   31 |   SetAssociativeCache(int size, int num_ways, int debug_level = 0)
      |                                               ~~~~^~~~~~~~~~~~~~~
In file included from prefetcher/prism/prism.h:18,
                 from prefetcher/prism/prism.cc:1:
/mnt/data/lyq/PRISM/inc/prism_framework.h:157:7: note: shadowed declaration is here
  157 |   int debug_level = 0;
      |       ^~~~~~~~~~~
In file included from prefetcher/prism/prism.h:18,
                 from prefetcher/prism/prism.cc:1:
/mnt/data/lyq/PRISM/inc/prism_framework.h:31:37: warning: declaration of ‘num_ways’ shadows a member of ‘SetAssociativeCache<prism::PCTableEntry>’ [-Wshadow]
   31 |   SetAssociativeCache(int size, int num_ways, int debug_level = 0)
      |                                 ~~~~^~~~~~~~
In file included from prefetcher/prism/prism.h:18,
                 from prefetcher/prism/prism.cc:1:
/mnt/data/lyq/PRISM/inc/prism_framework.h:152:7: note: shadowed declaration is here
  152 |   int num_ways;
      |       ^~~~~~~~
In file included from prefetcher/prism/prism.h:18,
                 from prefetcher/prism/prism.cc:1:
/mnt/data/lyq/PRISM/inc/prism_framework.h:31:27: warning: declaration of ‘size’ shadows a member of ‘SetAssociativeCache<prism::PCTableEntry>’ [-Wshadow]
   31 |   SetAssociativeCache(int size, int num_ways, int debug_level = 0)
      |                       ~~~~^~~~
In file included from prefetcher/prism/prism.h:18,
                 from prefetcher/prism/prism.cc:1:
/mnt/data/lyq/PRISM/inc/prism_framework.h:151:7: note: shadowed declaration is here
  151 |   int size;
      |       ^~~~
/mnt/data/lyq/PRISM/inc/prism_framework.h: In instantiation of ‘int LRUSetAssociativeCache<T>::select_victim(uint64_t) [with T = infpctableMetaTableEntry; uint64_t = long unsigned int]’:
/mnt/data/lyq/PRISM/inc/prism_framework.h:265:15:   required from here
/mnt/data/lyq/PRISM/inc/prism_framework.h:268:56: warning: conversion from ‘__gnu_cxx::__normal_iterator<long unsigned int*, std::vector<long unsigned int> >::difference_type’ {aka ‘long int’} to ‘int’ may change value [-Wconversion]
  268 |     return min_element(lru_set.begin(), lru_set.end()) - lru_set.begin();
      |            ~~~~~~~~~~~~~~~~~~~~~~~~~~~~~~~~~~~~~~~~~~~~^~~~~~~~~~~~~~~~~
In file included from prefetcher/resize_tr/resize_tr.cc:1:
prefetcher/resize_tr/resize_tr.h: In constructor ‘resize_trMetaTable::resize_trMetaTable(int, int)’:
prefetcher/resize_tr/resize_tr.h:56:36: warning: declaration of ‘num_ways’ shadows a member of ‘resize_trMetaTable’ [-Wshadow]
   56 |   resize_trMetaTable(int size, int num_ways) : Super(size, num_ways), prefetcher(nullptr) {}
      |                                ~~~~^~~~~~~~
In file included from prefetcher/resize_tr/resize_tr.h:16,
                 from prefetcher/resize_tr/resize_tr.cc:1:
/mnt/data/lyq/PRISM/inc/prism_framework.h:152:7: note: shadowed declaration is here
  152 |   int num_ways;
      |       ^~~~~~~~
In file included from prefetcher/resize_tr/resize_tr.cc:1:
prefetcher/resize_tr/resize_tr.h:56:26: warning: declaration of ‘size’ shadows a member of ‘resize_trMetaTable’ [-Wshadow]
   56 |   resize_trMetaTable(int size, int num_ways) : Super(size, num_ways), prefetcher(nullptr) {}
      |                      ~~~~^~~~
In file included from prefetcher/resize_tr/resize_tr.h:16,
                 from prefetcher/resize_tr/resize_tr.cc:1:
/mnt/data/lyq/PRISM/inc/prism_framework.h:151:7: note: shadowed declaration is here
  151 |   int size;
      |       ^~~~
In file included from prefetcher/resize_tr/resize_tr.cc:1:
prefetcher/resize_tr/resize_tr.h: In constructor ‘resize_trMetaTable::resize_trMetaTable(int, int)’:
prefetcher/resize_tr/resize_tr.h:56:36: warning: declaration of ‘num_ways’ shadows a member of ‘resize_trMetaTable’ [-Wshadow]
   56 |   resize_trMetaTable(int size, int num_ways) : Super(size, num_ways), prefetcher(nullptr) {}
      |                                ~~~~^~~~~~~~
In file included from prefetcher/resize_tr/resize_tr.h:16,
                 from prefetcher/resize_tr/resize_tr.cc:1:
/mnt/data/lyq/PRISM/inc/prism_framework.h:152:7: note: shadowed declaration is here
  152 |   int num_ways;
      |       ^~~~~~~~
In file included from prefetcher/resize_tr/resize_tr.cc:1:
prefetcher/resize_tr/resize_tr.h:56:26: warning: declaration of ‘size’ shadows a member of ‘resize_trMetaTable’ [-Wshadow]
   56 |   resize_trMetaTable(int size, int num_ways) : Super(size, num_ways), prefetcher(nullptr) {}
      |                      ~~~~^~~~
In file included from prefetcher/resize_tr/resize_tr.h:16,
                 from prefetcher/resize_tr/resize_tr.cc:1:
/mnt/data/lyq/PRISM/inc/prism_framework.h:151:7: note: shadowed declaration is here
  151 |   int size;
      |       ^~~~
In file included from prefetcher/resize_tr/resize_tr.cc:1:
prefetcher/resize_tr/resize_tr.h: In constructor ‘resize_trMetaTable::resize_trMetaTable(int, int)’:
prefetcher/resize_tr/resize_tr.h:56:36: warning: declaration of ‘num_ways’ shadows a member of ‘resize_trMetaTable’ [-Wshadow]
   56 |   resize_trMetaTable(int size, int num_ways) : Super(size, num_ways), prefetcher(nullptr) {}
      |                                ~~~~^~~~~~~~
In file included from prefetcher/resize_tr/resize_tr.h:16,
                 from prefetcher/resize_tr/resize_tr.cc:1:
/mnt/data/lyq/PRISM/inc/prism_framework.h:152:7: note: shadowed declaration is here
  152 |   int num_ways;
      |       ^~~~~~~~
In file included from prefetcher/resize_tr/resize_tr.cc:1:
prefetcher/resize_tr/resize_tr.h:56:26: warning: declaration of ‘size’ shadows a member of ‘resize_trMetaTable’ [-Wshadow]
   56 |   resize_trMetaTable(int size, int num_ways) : Super(size, num_ways), prefetcher(nullptr) {}
      |                      ~~~~^~~~
In file included from prefetcher/resize_tr/resize_tr.h:16,
                 from prefetcher/resize_tr/resize_tr.cc:1:
/mnt/data/lyq/PRISM/inc/prism_framework.h:151:7: note: shadowed declaration is here
  151 |   int size;
      |       ^~~~
In file included from prefetcher/resize_tr/resize_tr.cc:1:
prefetcher/resize_tr/resize_tr.h: In member function ‘void resize_tr::metadata_resize(int)’:
prefetcher/resize_tr/resize_tr.h:158:25: warning: comparison of integer expressions of different signedness: ‘int’ and ‘std::vector<SetAssociativeCache<resize_trMetaTableEntry>::Entry, std::allocator<SetAssociativeCache<resize_trMetaTableEntry>::Entry> >::size_type’ {aka ‘long unsigned int’} [-Wsign-compare]
  158 |       for (int j = 0; j < metaTable->entries[i].size(); j++) {
      |                       ~~^~~~~~~~~~~~~~~~~~~~~~~~~~~~~~
prefetcher/resize_tr/resize_tr.h:163:5: warning: deleting object of polymorphic class type ‘resize_trMetaTable’ which has non-virtual destructor might cause undefined behavior [-Wdelete-non-virtual-dtor]
  163 |     delete metaTable;
      |     ^~~~~~~~~~~~~~~~
prefetcher/resize_tr/resize_tr.cc: In member function ‘int resize_tr::issue_metatable(resize_trMetaTable*, uint64_t, uint64_t, std::vector<long unsigned int>&)’:
prefetcher/resize_tr/resize_tr.cc:6:52: warning: declaration of ‘metaTable’ shadows a member of ‘resize_tr’ [-Wshadow]
    6 | int resize_tr::issue_metatable(resize_trMetaTable* metaTable, uint64_t pc, uint64_t lookup, std::vector<uint64_t>& addresses)
      |                                ~~~~~~~~~~~~~~~~~~~~^~~~~~~~~
In file included from prefetcher/resize_tr/resize_tr.cc:1:
prefetcher/resize_tr/resize_tr.h:104:23: note: shadowed declaration is here
  104 |   resize_trMetaTable* metaTable = new resize_trMetaTable(META_TABLE_SIZE, META_TABLE_ASSOC);
      |                       ^~~~~~~~~
prefetcher/resize_tr/resize_tr.cc: In member function ‘uint32_t resize_tr::prefetcher_cache_operate(champsim::address, champsim::address, uint8_t, bool, access_type, uint32_t, std::string)’:
prefetcher/resize_tr/resize_tr.cc:161:18: warning: unused variable ‘victim_addr’ [-Wunused-variable]
  161 |         uint64_t victim_addr = last_meta->correlated_addr;
      |                  ^~~~~~~~~~~
prefetcher/resize_tr/resize_tr.cc:156:12: warning: variable ‘matched’ set but not used [-Wunused-but-set-variable]
  156 |       bool matched = false;
      |            ^~~~~~~
prefetcher/resize_tr/resize_tr.cc:195:62: warning: conversion from ‘uint64_t’ {aka ‘long unsigned int’} to ‘double’ may change value [-Wconversion]
  195 |     if (target_size != (current_partition) && target_score > current_score * 1.25) {
      |                                                              ^~~~~~~~~~~~~
prefetcher/resize_tr/resize_tr.cc:195:47: warning: conversion from ‘uint64_t’ {aka ‘long unsigned int’} to ‘double’ may change value [-Wconversion]
  195 |     if (target_size != (current_partition) && target_score > current_score * 1.25) {
      |                                               ^~~~~~~~~~~~
prefetcher/resize_tr/resize_tr.cc:225:21: warning: comparison of integer expressions of different signedness: ‘int’ and ‘std::vector<long unsigned int>::size_type’ {aka ‘long unsigned int’} [-Wsign-compare]
  225 |   for (int i = 0; i < pref_addr.size(); i++) {
      |                   ~~^~~~~~~~~~~~~~~~~~
prefetcher/resize_tr/resize_tr.cc:226:39: warning: ‘bool champsim::modules::prefetcher::prefetch_line(uint64_t, bool, uint32_t) const’ is deprecated [-Wdeprecated-declarations]
  226 |     const bool success = prefetch_line({pref_addr[i] << LOG2_BLOCK_SIZE}, true, 0);
      |                          ~~~~~~~~~~~~~^~~~~~~~~~~~~~~~~~~~~~~~~~~~~~~~~~~~~~~~~~~~
In file included from /mnt/data/lyq/PRISM/inc/cache.h:50,
                 from prefetcher/resize_tr/resize_tr.h:17,
                 from prefetcher/resize_tr/resize_tr.cc:1:
/mnt/data/lyq/PRISM/inc/modules.h:105:23: note: declared here
  105 |   [[deprecated]] bool prefetch_line(uint64_t pf_addr, bool fill_this_level, uint32_t prefetch_metadata) const;
      |                       ^~~~~~~~~~~~~
prefetcher/resize_tr/resize_tr.cc:226:16: warning: unused variable ‘success’ [-Wunused-variable]
  226 |     const bool success = prefetch_line({pref_addr[i] << LOG2_BLOCK_SIZE}, true, 0);
      |                ^~~~~~~
prefetcher/resize_tr/resize_tr.cc:135:7: warning: unused variable ‘issued_by_metatable’ [-Wunused-variable]
  135 |   int issued_by_metatable = issue_metatable(metaTable, pc, lookup_key, pref_addr);
      |       ^~~~~~~~~~~~~~~~~~~
In file included from prefetcher/pctp/pctp.h:16,
                 from prefetcher/pctp/pctp.cc:1:
/mnt/data/lyq/PRISM/inc/prism_framework.h: In instantiation of ‘LRUSetAssociativeCache<T>::LRUSetAssociativeCache(int, int, int) [with T = pctpMetaTableEntry]’:
prefetcher/pctp/pctp.h:55:84:   required from here
/mnt/data/lyq/PRISM/inc/prism_framework.h:254:54: warning: declaration of ‘debug_level’ shadows a member of ‘LRUSetAssociativeCache<pctpMetaTableEntry>’ [-Wshadow]
  254 |   LRUSetAssociativeCache(int size, int num_ways, int debug_level = 0) : Super(size, num_ways, debug_level), lru(this->num_sets, vector<uint64_t>(num_ways)) {}
      |                                                  ~~~~^~~~~~~~~~~~~~~
/mnt/data/lyq/PRISM/inc/prism_framework.h:157:7: note: shadowed declaration is here
  157 |   int debug_level = 0;
      |       ^~~~~~~~~~~
/mnt/data/lyq/PRISM/inc/prism_framework.h:254:40: warning: declaration of ‘num_ways’ shadows a member of ‘LRUSetAssociativeCache<pctpMetaTableEntry>’ [-Wshadow]
  254 |   LRUSetAssociativeCache(int size, int num_ways, int debug_level = 0) : Super(size, num_ways, debug_level), lru(this->num_sets, vector<uint64_t>(num_ways)) {}
      |                                    ~~~~^~~~~~~~
/mnt/data/lyq/PRISM/inc/prism_framework.h:152:7: note: shadowed declaration is here
  152 |   int num_ways;
      |       ^~~~~~~~
/mnt/data/lyq/PRISM/inc/prism_framework.h:254:30: warning: declaration of ‘size’ shadows a member of ‘LRUSetAssociativeCache<pctpMetaTableEntry>’ [-Wshadow]
  254 |   LRUSetAssociativeCache(int size, int num_ways, int debug_level = 0) : Super(size, num_ways, debug_level), lru(this->num_sets, vector<uint64_t>(num_ways)) {}
      |                          ~~~~^~~~
/mnt/data/lyq/PRISM/inc/prism_framework.h:151:7: note: shadowed declaration is here
  151 |   int size;
      |       ^~~~
prefetcher/resize_tr/resize_tr.cc: In member function ‘void resize_tr::prefetcher_final_stats()’:
prefetcher/resize_tr/resize_tr.cc:244:76: warning: conversion from ‘uint64_t’ {aka ‘long unsigned int’} to ‘double’ may change value [-Wconversion]
  244 |   cout << "MT_hitrate " << (meta_table_lookups ? (double)meta_table_hits / meta_table_lookups : 0) << endl;
      |                                                                            ^~~~~~~~~~~~~~~~~~
/mnt/data/lyq/PRISM/inc/prism_framework.h:254:54: warning: declaration of ‘debug_level’ shadows a member of ‘LRUSetAssociativeCache<pctpMetaTableEntry>’ [-Wshadow]
  254 |   LRUSetAssociativeCache(int size, int num_ways, int debug_level = 0) : Super(size, num_ways, debug_level), lru(this->num_sets, vector<uint64_t>(num_ways)) {}
      |                                                  ~~~~^~~~~~~~~~~~~~~
/mnt/data/lyq/PRISM/inc/prism_framework.h:157:7: note: shadowed declaration is here
  157 |   int debug_level = 0;
      |       ^~~~~~~~~~~
/mnt/data/lyq/PRISM/inc/prism_framework.h:254:40: warning: declaration of ‘num_ways’ shadows a member of ‘LRUSetAssociativeCache<pctpMetaTableEntry>’ [-Wshadow]
  254 |   LRUSetAssociativeCache(int size, int num_ways, int debug_level = 0) : Super(size, num_ways, debug_level), lru(this->num_sets, vector<uint64_t>(num_ways)) {}
      |                                    ~~~~^~~~~~~~
/mnt/data/lyq/PRISM/inc/prism_framework.h:152:7: note: shadowed declaration is here
  152 |   int num_ways;
      |       ^~~~~~~~
/mnt/data/lyq/PRISM/inc/prism_framework.h:254:30: warning: declaration of ‘size’ shadows a member of ‘LRUSetAssociativeCache<pctpMetaTableEntry>’ [-Wshadow]
  254 |   LRUSetAssociativeCache(int size, int num_ways, int debug_level = 0) : Super(size, num_ways, debug_level), lru(this->num_sets, vector<uint64_t>(num_ways)) {}
      |                          ~~~~^~~~
/mnt/data/lyq/PRISM/inc/prism_framework.h:151:7: note: shadowed declaration is here
  151 |   int size;
      |       ^~~~
/mnt/data/lyq/PRISM/inc/prism_framework.h:254:54: warning: declaration of ‘debug_level’ shadows a member of ‘LRUSetAssociativeCache<pctpMetaTableEntry>’ [-Wshadow]
  254 |   LRUSetAssociativeCache(int size, int num_ways, int debug_level = 0) : Super(size, num_ways, debug_level), lru(this->num_sets, vector<uint64_t>(num_ways)) {}
      |                                                  ~~~~^~~~~~~~~~~~~~~
/mnt/data/lyq/PRISM/inc/prism_framework.h:157:7: note: shadowed declaration is here
  157 |   int debug_level = 0;
      |       ^~~~~~~~~~~
/mnt/data/lyq/PRISM/inc/prism_framework.h:254:40: warning: declaration of ‘num_ways’ shadows a member of ‘LRUSetAssociativeCache<pctpMetaTableEntry>’ [-Wshadow]
  254 |   LRUSetAssociativeCache(int size, int num_ways, int debug_level = 0) : Super(size, num_ways, debug_level), lru(this->num_sets, vector<uint64_t>(num_ways)) {}
      |                                    ~~~~^~~~~~~~
/mnt/data/lyq/PRISM/inc/prism_framework.h:152:7: note: shadowed declaration is here
  152 |   int num_ways;
      |       ^~~~~~~~
/mnt/data/lyq/PRISM/inc/prism_framework.h:254:30: warning: declaration of ‘size’ shadows a member of ‘LRUSetAssociativeCache<pctpMetaTableEntry>’ [-Wshadow]
  254 |   LRUSetAssociativeCache(int size, int num_ways, int debug_level = 0) : Super(size, num_ways, debug_level), lru(this->num_sets, vector<uint64_t>(num_ways)) {}
      |                          ~~~~^~~~
/mnt/data/lyq/PRISM/inc/prism_framework.h:151:7: note: shadowed declaration is here
  151 |   int size;
      |       ^~~~
In file included from prefetcher/croage/croage.cc:1:
prefetcher/croage/croage.h: In instantiation of ‘CroageRepl<T>::CroageRepl(int) [with T = long unsigned int]’:
/usr/include/c++/11/ext/new_allocator.h:162:4:   required from ‘void __gnu_cxx::new_allocator<_Tp>::construct(_Up*, _Args&& ...) [with _Up = CroageRepl<long unsigned int>; _Args = {int}; _Tp = CroageRepl<long unsigned int>]’
/usr/include/c++/11/bits/alloc_traits.h:516:17:   required from ‘static void std::allocator_traits<std::allocator<_CharT> >::construct(std::allocator_traits<std::allocator<_CharT> >::allocator_type&, _Up*, _Args&& ...) [with _Up = CroageRepl<long unsigned int>; _Args = {int}; _Tp = CroageRepl<long unsigned int>; std::allocator_traits<std::allocator<_CharT> >::allocator_type = std::allocator<CroageRepl<long unsigned int> >]’
/usr/include/c++/11/bits/vector.tcc:115:30:   required from ‘std::vector<_Tp, _Alloc>::reference std::vector<_Tp, _Alloc>::emplace_back(_Args&& ...) [with _Args = {int}; _Tp = CroageRepl<long unsigned int>; _Alloc = std::allocator<CroageRepl<long unsigned int> >; std::vector<_Tp, _Alloc>::reference = CroageRepl<long unsigned int>&]’
prefetcher/croage/croage.h:813:24:   required from here
prefetcher/croage/croage.h:435:18: warning: declaration of ‘capacity’ shadows a member of ‘CroageRepl<long unsigned int>’ [-Wshadow]
  435 |   CroageRepl(int capacity) : count(0), capacity(capacity), head(new DLinkedNode()), tail(new DLinkedNode())
      |              ~~~~^~~~~~~~
prefetcher/croage/croage.h:429:7: note: shadowed declaration is here
  429 |   int capacity;
      |       ^~~~~~~~
prefetcher/resize_tr/resize_tr.cc:247:102: warning: conversion from ‘uint64_t’ {aka ‘long unsigned int’} to ‘double’ may change value [-Wconversion]
  247 |   cout << "MT_accuracy " << (meta_table_issued_prefetches ? (double)meta_table_accurate_prefetches / meta_table_issued_prefetches : 0) << endl;
      |                                                                                                      ^~~~~~~~~~~~~~~~~~~~~~~~~~~~
/mnt/data/lyq/PRISM/inc/prism_framework.h: In instantiation of ‘int SRRIPSetAssociativeCache<T>::select_victim(uint64_t) [with T = long unsigned int; uint64_t = long unsigned int]’:
/mnt/data/lyq/PRISM/inc/prism_framework.h:427:7:   required from here
/mnt/data/lyq/PRISM/inc/prism_framework.h:431:28: warning: comparison of integer expressions of different signedness: ‘size_t’ {aka ‘long unsigned int’} and ‘int’ [-Wsign-compare]
  431 |       for (size_t i = 0; i < Super::num_ways; i++) {
      |                          ~~^~~~~~~~~~~~~~~~~
/mnt/data/lyq/PRISM/inc/prism_framework.h:433:18: warning: conversion from ‘size_t’ {aka ‘long unsigned int’} to ‘int’ may change value [-Wconversion]
  433 |           return i;
      |                  ^
/mnt/data/lyq/PRISM/inc/prism_framework.h:436:28: warning: comparison of integer expressions of different signedness: ‘size_t’ {aka ‘long unsigned int’} and ‘int’ [-Wsign-compare]
  436 |       for (size_t i = 0; i < Super::num_ways; i++) {
      |                          ~~^~~~~~~~~~~~~~~~~
prefetcher/croage/croage.h:435:18: warning: declaration of ‘capacity’ shadows a member of ‘CroageRepl<long unsigned int>’ [-Wshadow]
  435 |   CroageRepl(int capacity) : count(0), capacity(capacity), head(new DLinkedNode()), tail(new DLinkedNode())
      |              ~~~~^~~~~~~~
prefetcher/croage/croage.h:429:7: note: shadowed declaration is here
  429 |   int capacity;
      |       ^~~~~~~~
/mnt/data/lyq/PRISM/inc/prism_framework.h: In instantiation of ‘int LRUSetAssociativeCache<T>::select_victim(uint64_t) [with T = std::deque<long unsigned int>; uint64_t = long unsigned int]’:
/mnt/data/lyq/PRISM/inc/prism_framework.h:265:15:   required from here
/mnt/data/lyq/PRISM/inc/prism_framework.h:268:56: warning: conversion from ‘__gnu_cxx::__normal_iterator<long unsigned int*, std::vector<long unsigned int> >::difference_type’ {aka ‘long int’} to ‘int’ may change value [-Wconversion]
  268 |     return min_element(lru_set.begin(), lru_set.end()) - lru_set.begin();
      |            ~~~~~~~~~~~~~~~~~~~~~~~~~~~~~~~~~~~~~~~~~~~~^~~~~~~~~~~~~~~~~
prefetcher/croage/croage.h:435:18: warning: declaration of ‘capacity’ shadows a member of ‘CroageRepl<long unsigned int>’ [-Wshadow]
  435 |   CroageRepl(int capacity) : count(0), capacity(capacity), head(new DLinkedNode()), tail(new DLinkedNode())
      |              ~~~~^~~~~~~~
prefetcher/croage/croage.h:429:7: note: shadowed declaration is here
  429 |   int capacity;
      |       ^~~~~~~~
/mnt/data/lyq/PRISM/inc/prism_framework.h: In instantiation of ‘int LRUSetAssociativeCache<T>::select_victim(uint64_t) [with T = conftpMetaTableEntry; uint64_t = long unsigned int]’:
/mnt/data/lyq/PRISM/inc/prism_framework.h:265:15:   required from here
/mnt/data/lyq/PRISM/inc/prism_framework.h:268:56: warning: conversion from ‘__gnu_cxx::__normal_iterator<long unsigned int*, std::vector<long unsigned int> >::difference_type’ {aka ‘long int’} to ‘int’ may change value [-Wconversion]
prefetcher/resize_tr/resize_tr.cc: In member function ‘bool resize_trMetaTable::insert(uint64_t, const resize_trMetaTableEntry&)’:
prefetcher/resize_tr/resize_tr.cc:272:12: warning: unused variable ‘index’ [-Wunused-variable]
  272 |   uint64_t index = key % this->num_sets;
      |            ^~~~~
prefetcher/resize_tr/resize_tr.cc:273:12: warning: unused variable ‘tag’ [-Wunused-variable]
  273 |   uint64_t tag = key / this->num_sets;
      |            ^~~
prefetcher/resize_tr/resize_tr.cc: In member function ‘bool resize_trMetaTable::insert(uint64_t, const resize_trMetaTableEntry&, uint64_t)’:
prefetcher/resize_tr/resize_tr.cc:303:12: warning: unused variable ‘index’ [-Wunused-variable]
  303 |   uint64_t index = key % this->num_sets;
      |            ^~~~~
prefetcher/resize_tr/resize_tr.cc:304:12: warning: unused variable ‘tag’ [-Wunused-variable]
  304 |   uint64_t tag = key / this->num_sets;
      |            ^~~
/mnt/data/lyq/PRISM/inc/prism_framework.h: In instantiation of ‘LRUSetAssociativeCache<T>::LRUSetAssociativeCache(int, int, int) [with T = std::deque<long unsigned int>]’:
prefetcher/pctp/pctp.h:99:137:   required from here
/mnt/data/lyq/PRISM/inc/prism_framework.h:254:54: warning: declaration of ‘debug_level’ shadows a member of ‘LRUSetAssociativeCache<std::deque<long unsigned int> >’ [-Wshadow]
  254 |   LRUSetAssociativeCache(int size, int num_ways, int debug_level = 0) : Super(size, num_ways, debug_level), lru(this->num_sets, vector<uint64_t>(num_ways)) {}
      |                                                  ~~~~^~~~~~~~~~~~~~~
/mnt/data/lyq/PRISM/inc/prism_framework.h:157:7: note: shadowed declaration is here
  157 |   int debug_level = 0;
      |       ^~~~~~~~~~~
/mnt/data/lyq/PRISM/inc/prism_framework.h:254:40: warning: declaration of ‘num_ways’ shadows a member of ‘LRUSetAssociativeCache<std::deque<long unsigned int> >’ [-Wshadow]
  254 |   LRUSetAssociativeCache(int size, int num_ways, int debug_level = 0) : Super(size, num_ways, debug_level), lru(this->num_sets, vector<uint64_t>(num_ways)) {}
      |                                    ~~~~^~~~~~~~
/mnt/data/lyq/PRISM/inc/prism_framework.h:152:7: note: shadowed declaration is here
  152 |   int num_ways;
      |       ^~~~~~~~
/mnt/data/lyq/PRISM/inc/prism_framework.h:254:30: warning: declaration of ‘size’ shadows a member of ‘LRUSetAssociativeCache<std::deque<long unsigned int> >’ [-Wshadow]
  254 |   LRUSetAssociativeCache(int size, int num_ways, int debug_level = 0) : Super(size, num_ways, debug_level), lru(this->num_sets, vector<uint64_t>(num_ways)) {}
      |                          ~~~~^~~~
/mnt/data/lyq/PRISM/inc/prism_framework.h:151:7: note: shadowed declaration is here
  151 |   int size;
      |       ^~~~
/mnt/data/lyq/PRISM/inc/prism_framework.h:254:54: warning: declaration of ‘debug_level’ shadows a member of ‘LRUSetAssociativeCache<std::deque<long unsigned int> >’ [-Wshadow]
  254 |   LRUSetAssociativeCache(int size, int num_ways, int debug_level = 0) : Super(size, num_ways, debug_level), lru(this->num_sets, vector<uint64_t>(num_ways)) {}
      |                                                  ~~~~^~~~~~~~~~~~~~~
/mnt/data/lyq/PRISM/inc/prism_framework.h:157:7: note: shadowed declaration is here
  157 |   int debug_level = 0;
      |       ^~~~~~~~~~~
/mnt/data/lyq/PRISM/inc/prism_framework.h:254:40: warning: declaration of ‘num_ways’ shadows a member of ‘LRUSetAssociativeCache<std::deque<long unsigned int> >’ [-Wshadow]
  254 |   LRUSetAssociativeCache(int size, int num_ways, int debug_level = 0) : Super(size, num_ways, debug_level), lru(this->num_sets, vector<uint64_t>(num_ways)) {}
      |                                    ~~~~^~~~~~~~
/mnt/data/lyq/PRISM/inc/prism_framework.h:152:7: note: shadowed declaration is here
  152 |   int num_ways;
      |       ^~~~~~~~
/mnt/data/lyq/PRISM/inc/prism_framework.h:254:30: warning: declaration of ‘size’ shadows a member of ‘LRUSetAssociativeCache<std::deque<long unsigned int> >’ [-Wshadow]
  254 |   LRUSetAssociativeCache(int size, int num_ways, int debug_level = 0) : Super(size, num_ways, debug_level), lru(this->num_sets, vector<uint64_t>(num_ways)) {}
      |                          ~~~~^~~~
/mnt/data/lyq/PRISM/inc/prism_framework.h:151:7: note: shadowed declaration is here
  151 |   int size;
      |       ^~~~
/mnt/data/lyq/PRISM/inc/prism_framework.h:254:54: warning: declaration of ‘debug_level’ shadows a member of ‘LRUSetAssociativeCache<std::deque<long unsigned int> >’ [-Wshadow]
  254 |   LRUSetAssociativeCache(int size, int num_ways, int debug_level = 0) : Super(size, num_ways, debug_level), lru(this->num_sets, vector<uint64_t>(num_ways)) {}
      |                                                  ~~~~^~~~~~~~~~~~~~~
/mnt/data/lyq/PRISM/inc/prism_framework.h:157:7: note: shadowed declaration is here
  157 |   int debug_level = 0;
      |       ^~~~~~~~~~~
/mnt/data/lyq/PRISM/inc/prism_framework.h:254:40: warning: declaration of ‘num_ways’ shadows a member of ‘LRUSetAssociativeCache<std::deque<long unsigned int> >’ [-Wshadow]
  254 |   LRUSetAssociativeCache(int size, int num_ways, int debug_level = 0) : Super(size, num_ways, debug_level), lru(this->num_sets, vector<uint64_t>(num_ways)) {}
      |                                    ~~~~^~~~~~~~
/mnt/data/lyq/PRISM/inc/prism_framework.h:152:7: note: shadowed declaration is here
  152 |   int num_ways;
      |       ^~~~~~~~
/mnt/data/lyq/PRISM/inc/prism_framework.h:254:30: warning: declaration of ‘size’ shadows a member of ‘LRUSetAssociativeCache<std::deque<long unsigned int> >’ [-Wshadow]
  254 |   LRUSetAssociativeCache(int size, int num_ways, int debug_level = 0) : Super(size, num_ways, debug_level), lru(this->num_sets, vector<uint64_t>(num_ways)) {}
      |                          ~~~~^~~~
/mnt/data/lyq/PRISM/inc/prism_framework.h:151:7: note: shadowed declaration is here
  151 |   int size;
      |       ^~~~
In file included from prefetcher/triangel/triangel.cc:1:
prefetcher/triangel/triangel.h: In instantiation of ‘Cacheway<T>::Cacheway(int, ReplacementPolicy, const string&) [with T = TrainingUnitEntry; std::string = std::__cxx11::basic_string<char>]’:
prefetcher/triangel/triangel.h:484:23:   required from ‘AssociativeCache<T>::AssociativeCache(uint64_t, int, ReplacementPolicy, const string&) [with T = TrainingUnitEntry; uint64_t = long unsigned int; std::string = std::__cxx11::basic_string<char>]’
prefetcher/triangel/triangel.h:927:136:   required from here
prefetcher/triangel/triangel.h:127:77: warning: declaration of ‘owner’ shadows a member of ‘Cacheway<TrainingUnitEntry>’ [-Wshadow]
  127 |   Cacheway(int capacity, ReplacementPolicy policy = LRU, const std::string& owner = "unknown") : count(0), capacity(capacity), policy(policy), owner(owner)
      |                                                          ~~~~~~~~~~~~~~~~~~~^~~~~~~~~~~~~~~~~
prefetcher/triangel/triangel.h:120:15: note: shadowed declaration is here
  120 |   std::string owner;
      |               ^~~~~
prefetcher/triangel/triangel.h:127:44: warning: declaration of ‘policy’ shadows a member of ‘Cacheway<TrainingUnitEntry>’ [-Wshadow]
  127 |   Cacheway(int capacity, ReplacementPolicy policy = LRU, const std::string& owner = "unknown") : count(0), capacity(capacity), policy(policy), owner(owner)
      |                          ~~~~~~~~~~~~~~~~~~^~~~~~~~~~~~
prefetcher/triangel/triangel.h:118:21: note: shadowed declaration is here
  118 |   ReplacementPolicy policy;
      |                     ^~~~~~
prefetcher/triangel/triangel.h:127:16: warning: declaration of ‘capacity’ shadows a member of ‘Cacheway<TrainingUnitEntry>’ [-Wshadow]
  127 |   Cacheway(int capacity, ReplacementPolicy policy = LRU, const std::string& owner = "unknown") : count(0), capacity(capacity), policy(policy), owner(owner)
      |            ~~~~^~~~~~~~
prefetcher/triangel/triangel.h:116:7: note: shadowed declaration is here
  116 |   int capacity;
      |       ^~~~~~~~
In file included from prefetcher/resize_pr/resize_pr.h:16,
                 from prefetcher/resize_pr/resize_pr.cc:1:
/mnt/data/lyq/PRISM/inc/prism_framework.h: In instantiation of ‘SRRIPSetAssociativeCache<T>::SRRIPSetAssociativeCache(int, int, int) [with T = resize_prMetaTableEntry]’:
prefetcher/resize_pr/resize_pr.h:50:89:   required from here
/mnt/data/lyq/PRISM/inc/prism_framework.h:422:56: warning: declaration of ‘debug_level’ shadows a member of ‘SRRIPSetAssociativeCache<resize_prMetaTableEntry>’ [-Wshadow]
  422 |   SRRIPSetAssociativeCache(int size, int num_ways, int debug_level = 0) : Super(size, num_ways, debug_level), rrpv(this->num_sets, vector<uint64_t>(num_ways))
      |                                                    ~~~~^~~~~~~~~~~~~~~
/mnt/data/lyq/PRISM/inc/prism_framework.h:157:7: note: shadowed declaration is here
  157 |   int debug_level = 0;
      |       ^~~~~~~~~~~
/mnt/data/lyq/PRISM/inc/prism_framework.h:422:42: warning: declaration of ‘num_ways’ shadows a member of ‘SRRIPSetAssociativeCache<resize_prMetaTableEntry>’ [-Wshadow]
  422 |   SRRIPSetAssociativeCache(int size, int num_ways, int debug_level = 0) : Super(size, num_ways, debug_level), rrpv(this->num_sets, vector<uint64_t>(num_ways))
      |                                      ~~~~^~~~~~~~
/mnt/data/lyq/PRISM/inc/prism_framework.h:152:7: note: shadowed declaration is here
  152 |   int num_ways;
      |       ^~~~~~~~
/mnt/data/lyq/PRISM/inc/prism_framework.h:422:32: warning: declaration of ‘size’ shadows a member of ‘SRRIPSetAssociativeCache<resize_prMetaTableEntry>’ [-Wshadow]
  422 |   SRRIPSetAssociativeCache(int size, int num_ways, int debug_level = 0) : Super(size, num_ways, debug_level), rrpv(this->num_sets, vector<uint64_t>(num_ways))
      |                            ~~~~^~~~
/mnt/data/lyq/PRISM/inc/prism_framework.h:151:7: note: shadowed declaration is here
  151 |   int size;
      |       ^~~~
/mnt/data/lyq/PRISM/inc/prism_framework.h:422:56: warning: declaration of ‘debug_level’ shadows a member of ‘SRRIPSetAssociativeCache<resize_prMetaTableEntry>’ [-Wshadow]
  422 |   SRRIPSetAssociativeCache(int size, int num_ways, int debug_level = 0) : Super(size, num_ways, debug_level), rrpv(this->num_sets, vector<uint64_t>(num_ways))
      |                                                    ~~~~^~~~~~~~~~~~~~~
/mnt/data/lyq/PRISM/inc/prism_framework.h:157:7: note: shadowed declaration is here
  157 |   int debug_level = 0;
      |       ^~~~~~~~~~~
prefetcher/triangel/triangel.h:127:77: warning: declaration of ‘owner’ shadows a member of ‘Cacheway<TrainingUnitEntry>’ [-Wshadow]
  127 |   Cacheway(int capacity, ReplacementPolicy policy = LRU, const std::string& owner = "unknown") : count(0), capacity(capacity), policy(policy), owner(owner)
      |                                                          ~~~~~~~~~~~~~~~~~~~^~~~~~~~~~~~~~~~~
/mnt/data/lyq/PRISM/inc/prism_framework.h:422:42: warning: declaration of ‘num_ways’ shadows a member of ‘SRRIPSetAssociativeCache<resize_prMetaTableEntry>’ [-Wshadow]
  422 |   SRRIPSetAssociativeCache(int size, int num_ways, int debug_level = 0) : Super(size, num_ways, debug_level), rrpv(this->num_sets, vector<uint64_t>(num_ways))
      |                                      ~~~~^~~~~~~~
prefetcher/triangel/triangel.h:120:15: note: shadowed declaration is here
  120 |   std::string owner;
      |               ^~~~~
/mnt/data/lyq/PRISM/inc/prism_framework.h:152:7: note: shadowed declaration is here
  152 |   int num_ways;
      |       ^~~~~~~~
prefetcher/triangel/triangel.h:127:44: warning: declaration of ‘policy’ shadows a member of ‘Cacheway<TrainingUnitEntry>’ [-Wshadow]
  127 |   Cacheway(int capacity, ReplacementPolicy policy = LRU, const std::string& owner = "unknown") : count(0), capacity(capacity), policy(policy), owner(owner)
      |                          ~~~~~~~~~~~~~~~~~~^~~~~~~~~~~~
/mnt/data/lyq/PRISM/inc/prism_framework.h:422:32: warning: declaration of ‘size’ shadows a member of ‘SRRIPSetAssociativeCache<resize_prMetaTableEntry>’ [-Wshadow]
  422 |   SRRIPSetAssociativeCache(int size, int num_ways, int debug_level = 0) : Super(size, num_ways, debug_level), rrpv(this->num_sets, vector<uint64_t>(num_ways))
      |                            ~~~~^~~~
prefetcher/triangel/triangel.h:118:21: note: shadowed declaration is here
  118 |   ReplacementPolicy policy;
      |                     ^~~~~~
/mnt/data/lyq/PRISM/inc/prism_framework.h:151:7: note: shadowed declaration is here
  151 |   int size;
      |       ^~~~
prefetcher/triangel/triangel.h:127:16: warning: declaration of ‘capacity’ shadows a member of ‘Cacheway<TrainingUnitEntry>’ [-Wshadow]
  127 |   Cacheway(int capacity, ReplacementPolicy policy = LRU, const std::string& owner = "unknown") : count(0), capacity(capacity), policy(policy), owner(owner)
      |            ~~~~^~~~~~~~
prefetcher/triangel/triangel.h:116:7: note: shadowed declaration is here
  116 |   int capacity;
      |       ^~~~~~~~
/mnt/data/lyq/PRISM/inc/prism_framework.h:422:56: warning: declaration of ‘debug_level’ shadows a member of ‘SRRIPSetAssociativeCache<resize_prMetaTableEntry>’ [-Wshadow]
  422 |   SRRIPSetAssociativeCache(int size, int num_ways, int debug_level = 0) : Super(size, num_ways, debug_level), rrpv(this->num_sets, vector<uint64_t>(num_ways))
      |                                                    ~~~~^~~~~~~~~~~~~~~
/mnt/data/lyq/PRISM/inc/prism_framework.h:157:7: note: shadowed declaration is here
  157 |   int debug_level = 0;
      |       ^~~~~~~~~~~
/mnt/data/lyq/PRISM/inc/prism_framework.h:422:42: warning: declaration of ‘num_ways’ shadows a member of ‘SRRIPSetAssociativeCache<resize_prMetaTableEntry>’ [-Wshadow]
  422 |   SRRIPSetAssociativeCache(int size, int num_ways, int debug_level = 0) : Super(size, num_ways, debug_level), rrpv(this->num_sets, vector<uint64_t>(num_ways))
      |                                      ~~~~^~~~~~~~
/mnt/data/lyq/PRISM/inc/prism_framework.h:152:7: note: shadowed declaration is here
  152 |   int num_ways;
      |       ^~~~~~~~
/mnt/data/lyq/PRISM/inc/prism_framework.h:422:32: warning: declaration of ‘size’ shadows a member of ‘SRRIPSetAssociativeCache<resize_prMetaTableEntry>’ [-Wshadow]
  422 |   SRRIPSetAssociativeCache(int size, int num_ways, int debug_level = 0) : Super(size, num_ways, debug_level), rrpv(this->num_sets, vector<uint64_t>(num_ways))
      |                            ~~~~^~~~
/mnt/data/lyq/PRISM/inc/prism_framework.h:151:7: note: shadowed declaration is here
  151 |   int size;
      |       ^~~~
prefetcher/triangel/triangel.h:127:77: warning: declaration of ‘owner’ shadows a member of ‘Cacheway<TrainingUnitEntry>’ [-Wshadow]
  127 |   Cacheway(int capacity, ReplacementPolicy policy = LRU, const std::string& owner = "unknown") : count(0), capacity(capacity), policy(policy), owner(owner)
      |                                                          ~~~~~~~~~~~~~~~~~~~^~~~~~~~~~~~~~~~~
prefetcher/triangel/triangel.h:120:15: note: shadowed declaration is here
  120 |   std::string owner;
      |               ^~~~~
prefetcher/triangel/triangel.h:127:44: warning: declaration of ‘policy’ shadows a member of ‘Cacheway<TrainingUnitEntry>’ [-Wshadow]
  127 |   Cacheway(int capacity, ReplacementPolicy policy = LRU, const std::string& owner = "unknown") : count(0), capacity(capacity), policy(policy), owner(owner)
      |                          ~~~~~~~~~~~~~~~~~~^~~~~~~~~~~~
prefetcher/triangel/triangel.h:118:21: note: shadowed declaration is here
  118 |   ReplacementPolicy policy;
      |                     ^~~~~~
prefetcher/triangel/triangel.h:127:16: warning: declaration of ‘capacity’ shadows a member of ‘Cacheway<TrainingUnitEntry>’ [-Wshadow]
  127 |   Cacheway(int capacity, ReplacementPolicy policy = LRU, const std::string& owner = "unknown") : count(0), capacity(capacity), policy(policy), owner(owner)
      |            ~~~~^~~~~~~~
prefetcher/triangel/triangel.h:116:7: note: shadowed declaration is here
  116 |   int capacity;
      |       ^~~~~~~~
prefetcher/triangel/triangel.h: In instantiation of ‘Cacheway<T>::Cacheway(int, ReplacementPolicy, const string&) [with T = HistorySamplerEntry; std::string = std::__cxx11::basic_string<char>]’:
prefetcher/triangel/triangel.h:484:23:   required from ‘AssociativeCache<T>::AssociativeCache(uint64_t, int, ReplacementPolicy, const string&) [with T = HistorySamplerEntry; uint64_t = long unsigned int; std::string = std::__cxx11::basic_string<char>]’
prefetcher/triangel/triangel.h:928:140:   required from here
prefetcher/triangel/triangel.h:127:77: warning: declaration of ‘owner’ shadows a member of ‘Cacheway<HistorySamplerEntry>’ [-Wshadow]
  127 |   Cacheway(int capacity, ReplacementPolicy policy = LRU, const std::string& owner = "unknown") : count(0), capacity(capacity), policy(policy), owner(owner)
      |                                                          ~~~~~~~~~~~~~~~~~~~^~~~~~~~~~~~~~~~~
prefetcher/triangel/triangel.h:120:15: note: shadowed declaration is here
  120 |   std::string owner;
      |               ^~~~~
prefetcher/triangel/triangel.h:127:44: warning: declaration of ‘policy’ shadows a member of ‘Cacheway<HistorySamplerEntry>’ [-Wshadow]
  127 |   Cacheway(int capacity, ReplacementPolicy policy = LRU, const std::string& owner = "unknown") : count(0), capacity(capacity), policy(policy), owner(owner)
      |                          ~~~~~~~~~~~~~~~~~~^~~~~~~~~~~~
prefetcher/triangel/triangel.h:118:21: note: shadowed declaration is here
  118 |   ReplacementPolicy policy;
      |                     ^~~~~~
prefetcher/triangel/triangel.h:127:16: warning: declaration of ‘capacity’ shadows a member of ‘Cacheway<HistorySamplerEntry>’ [-Wshadow]
  127 |   Cacheway(int capacity, ReplacementPolicy policy = LRU, const std::string& owner = "unknown") : count(0), capacity(capacity), policy(policy), owner(owner)
      |            ~~~~^~~~~~~~
prefetcher/triangel/triangel.h:116:7: note: shadowed declaration is here
  116 |   int capacity;
      |       ^~~~~~~~
/mnt/data/lyq/PRISM/inc/prism_framework.h: In instantiation of ‘LRUSetAssociativeCache<T>::LRUSetAssociativeCache(int, int, int) [with T = std::deque<long unsigned int>]’:
prefetcher/resize_pr/resize_pr.h:95:137:   required from here
/mnt/data/lyq/PRISM/inc/prism_framework.h:254:54: warning: declaration of ‘debug_level’ shadows a member of ‘LRUSetAssociativeCache<std::deque<long unsigned int> >’ [-Wshadow]
  254 |   LRUSetAssociativeCache(int size, int num_ways, int debug_level = 0) : Super(size, num_ways, debug_level), lru(this->num_sets, vector<uint64_t>(num_ways)) {}
      |                                                  ~~~~^~~~~~~~~~~~~~~
/mnt/data/lyq/PRISM/inc/prism_framework.h:157:7: note: shadowed declaration is here
  157 |   int debug_level = 0;
      |       ^~~~~~~~~~~
prefetcher/triangel/triangel.h:127:77: warning: declaration of ‘owner’ shadows a member of ‘Cacheway<HistorySamplerEntry>’ [-Wshadow]
  127 |   Cacheway(int capacity, ReplacementPolicy policy = LRU, const std::string& owner = "unknown") : count(0), capacity(capacity), policy(policy), owner(owner)
      |                                                          ~~~~~~~~~~~~~~~~~~~^~~~~~~~~~~~~~~~~
/mnt/data/lyq/PRISM/inc/prism_framework.h:254:40: warning: declaration of ‘num_ways’ shadows a member of ‘LRUSetAssociativeCache<std::deque<long unsigned int> >’ [-Wshadow]
  254 |   LRUSetAssociativeCache(int size, int num_ways, int debug_level = 0) : Super(size, num_ways, debug_level), lru(this->num_sets, vector<uint64_t>(num_ways)) {}
      |                                    ~~~~^~~~~~~~
/mnt/data/lyq/PRISM/inc/prism_framework.h:152:7: note: shadowed declaration is here
  152 |   int num_ways;
      |       ^~~~~~~~
prefetcher/triangel/triangel.h:120:15: note: shadowed declaration is here
  120 |   std::string owner;
      |               ^~~~~
prefetcher/triangel/triangel.h:127:44: warning: declaration of ‘policy’ shadows a member of ‘Cacheway<HistorySamplerEntry>’ [-Wshadow]
  127 |   Cacheway(int capacity, ReplacementPolicy policy = LRU, const std::string& owner = "unknown") : count(0), capacity(capacity), policy(policy), owner(owner)
      |                          ~~~~~~~~~~~~~~~~~~^~~~~~~~~~~~
/mnt/data/lyq/PRISM/inc/prism_framework.h:254:30: warning: declaration of ‘size’ shadows a member of ‘LRUSetAssociativeCache<std::deque<long unsigned int> >’ [-Wshadow]
  254 |   LRUSetAssociativeCache(int size, int num_ways, int debug_level = 0) : Super(size, num_ways, debug_level), lru(this->num_sets, vector<uint64_t>(num_ways)) {}
      |                          ~~~~^~~~
/mnt/data/lyq/PRISM/inc/prism_framework.h:151:7: note: shadowed declaration is here
  151 |   int size;
      |       ^~~~
prefetcher/triangel/triangel.h:118:21: note: shadowed declaration is here
  118 |   ReplacementPolicy policy;
      |                     ^~~~~~
prefetcher/triangel/triangel.h:127:16: warning: declaration of ‘capacity’ shadows a member of ‘Cacheway<HistorySamplerEntry>’ [-Wshadow]
  127 |   Cacheway(int capacity, ReplacementPolicy policy = LRU, const std::string& owner = "unknown") : count(0), capacity(capacity), policy(policy), owner(owner)
      |            ~~~~^~~~~~~~
prefetcher/triangel/triangel.h:116:7: note: shadowed declaration is here
  116 |   int capacity;
      |       ^~~~~~~~
prefetcher/triangel/triangel.h:127:77: warning: declaration of ‘owner’ shadows a member of ‘Cacheway<HistorySamplerEntry>’ [-Wshadow]
  127 |   Cacheway(int capacity, ReplacementPolicy policy = LRU, const std::string& owner = "unknown") : count(0), capacity(capacity), policy(policy), owner(owner)
      |                                                          ~~~~~~~~~~~~~~~~~~~^~~~~~~~~~~~~~~~~
prefetcher/triangel/triangel.h:120:15: note: shadowed declaration is here
  120 |   std::string owner;
      |               ^~~~~
prefetcher/triangel/triangel.h:127:44: warning: declaration of ‘policy’ shadows a member of ‘Cacheway<HistorySamplerEntry>’ [-Wshadow]
  127 |   Cacheway(int capacity, ReplacementPolicy policy = LRU, const std::string& owner = "unknown") : count(0), capacity(capacity), policy(policy), owner(owner)
      |                          ~~~~~~~~~~~~~~~~~~^~~~~~~~~~~~
prefetcher/triangel/triangel.h:118:21: note: shadowed declaration is here
  118 |   ReplacementPolicy policy;
      |                     ^~~~~~
prefetcher/triangel/triangel.h:127:16: warning: declaration of ‘capacity’ shadows a member of ‘Cacheway<HistorySamplerEntry>’ [-Wshadow]
  127 |   Cacheway(int capacity, ReplacementPolicy policy = LRU, const std::string& owner = "unknown") : count(0), capacity(capacity), policy(policy), owner(owner)
      |            ~~~~^~~~~~~~
prefetcher/triangel/triangel.h:116:7: note: shadowed declaration is here
  116 |   int capacity;
      |       ^~~~~~~~
/mnt/data/lyq/PRISM/inc/prism_framework.h:254:54: warning: declaration of ‘debug_level’ shadows a member of ‘LRUSetAssociativeCache<std::deque<long unsigned int> >’ [-Wshadow]
  254 |   LRUSetAssociativeCache(int size, int num_ways, int debug_level = 0) : Super(size, num_ways, debug_level), lru(this->num_sets, vector<uint64_t>(num_ways)) {}
      |                                                  ~~~~^~~~~~~~~~~~~~~
/mnt/data/lyq/PRISM/inc/prism_framework.h:157:7: note: shadowed declaration is here
  157 |   int debug_level = 0;
      |       ^~~~~~~~~~~
/mnt/data/lyq/PRISM/inc/prism_framework.h:254:40: warning: declaration of ‘num_ways’ shadows a member of ‘LRUSetAssociativeCache<std::deque<long unsigned int> >’ [-Wshadow]
  254 |   LRUSetAssociativeCache(int size, int num_ways, int debug_level = 0) : Super(size, num_ways, debug_level), lru(this->num_sets, vector<uint64_t>(num_ways)) {}
      |                                    ~~~~^~~~~~~~
/mnt/data/lyq/PRISM/inc/prism_framework.h:152:7: note: shadowed declaration is here
  152 |   int num_ways;
      |       ^~~~~~~~
/mnt/data/lyq/PRISM/inc/prism_framework.h:254:30: warning: declaration of ‘size’ shadows a member of ‘LRUSetAssociativeCache<std::deque<long unsigned int> >’ [-Wshadow]
  254 |   LRUSetAssociativeCache(int size, int num_ways, int debug_level = 0) : Super(size, num_ways, debug_level), lru(this->num_sets, vector<uint64_t>(num_ways)) {}
      |                          ~~~~^~~~
/mnt/data/lyq/PRISM/inc/prism_framework.h:151:7: note: shadowed declaration is here
  151 |   int size;
      |       ^~~~
/mnt/data/lyq/PRISM/inc/prism_framework.h:254:54: warning: declaration of ‘debug_level’ shadows a member of ‘LRUSetAssociativeCache<std::deque<long unsigned int> >’ [-Wshadow]
  254 |   LRUSetAssociativeCache(int size, int num_ways, int debug_level = 0) : Super(size, num_ways, debug_level), lru(this->num_sets, vector<uint64_t>(num_ways)) {}
      |                                                  ~~~~^~~~~~~~~~~~~~~
/mnt/data/lyq/PRISM/inc/prism_framework.h:157:7: note: shadowed declaration is here
  157 |   int debug_level = 0;
      |       ^~~~~~~~~~~
/mnt/data/lyq/PRISM/inc/prism_framework.h:254:40: warning: declaration of ‘num_ways’ shadows a member of ‘LRUSetAssociativeCache<std::deque<long unsigned int> >’ [-Wshadow]
  254 |   LRUSetAssociativeCache(int size, int num_ways, int debug_level = 0) : Super(size, num_ways, debug_level), lru(this->num_sets, vector<uint64_t>(num_ways)) {}
      |                                    ~~~~^~~~~~~~
/mnt/data/lyq/PRISM/inc/prism_framework.h:152:7: note: shadowed declaration is here
  152 |   int num_ways;
      |       ^~~~~~~~
/mnt/data/lyq/PRISM/inc/prism_framework.h:254:30: warning: declaration of ‘size’ shadows a member of ‘LRUSetAssociativeCache<std::deque<long unsigned int> >’ [-Wshadow]
  254 |   LRUSetAssociativeCache(int size, int num_ways, int debug_level = 0) : Super(size, num_ways, debug_level), lru(this->num_sets, vector<uint64_t>(num_ways)) {}
      |                          ~~~~^~~~
/mnt/data/lyq/PRISM/inc/prism_framework.h:151:7: note: shadowed declaration is here
  151 |   int size;
      |       ^~~~
prefetcher/triangel/triangel.h: In instantiation of ‘Cacheway<T>::Cacheway(int, ReplacementPolicy, const string&) [with T = SecondChanceSamplerEntry; std::string = std::__cxx11::basic_string<char>]’:
prefetcher/triangel/triangel.h:484:23:   required from ‘AssociativeCache<T>::AssociativeCache(uint64_t, int, ReplacementPolicy, const string&) [with T = SecondChanceSamplerEntry; uint64_t = long unsigned int; std::string = std::__cxx11::basic_string<char>]’
prefetcher/triangel/triangel.h:929:151:   required from here
prefetcher/triangel/triangel.h:127:77: warning: declaration of ‘owner’ shadows a member of ‘Cacheway<SecondChanceSamplerEntry>’ [-Wshadow]
  127 |   Cacheway(int capacity, ReplacementPolicy policy = LRU, const std::string& owner = "unknown") : count(0), capacity(capacity), policy(policy), owner(owner)
      |                                                          ~~~~~~~~~~~~~~~~~~~^~~~~~~~~~~~~~~~~
prefetcher/triangel/triangel.h:120:15: note: shadowed declaration is here
  120 |   std::string owner;
      |               ^~~~~
prefetcher/triangel/triangel.h:127:44: warning: declaration of ‘policy’ shadows a member of ‘Cacheway<SecondChanceSamplerEntry>’ [-Wshadow]
  127 |   Cacheway(int capacity, ReplacementPolicy policy = LRU, const std::string& owner = "unknown") : count(0), capacity(capacity), policy(policy), owner(owner)
      |                          ~~~~~~~~~~~~~~~~~~^~~~~~~~~~~~
prefetcher/triangel/triangel.h:118:21: note: shadowed declaration is here
  118 |   ReplacementPolicy policy;
      |                     ^~~~~~
prefetcher/triangel/triangel.h:127:16: warning: declaration of ‘capacity’ shadows a member of ‘Cacheway<SecondChanceSamplerEntry>’ [-Wshadow]
  127 |   Cacheway(int capacity, ReplacementPolicy policy = LRU, const std::string& owner = "unknown") : count(0), capacity(capacity), policy(policy), owner(owner)
      |            ~~~~^~~~~~~~
prefetcher/triangel/triangel.h:116:7: note: shadowed declaration is here
  116 |   int capacity;
      |       ^~~~~~~~
prefetcher/triangel/triangel.h:127:77: warning: declaration of ‘owner’ shadows a member of ‘Cacheway<SecondChanceSamplerEntry>’ [-Wshadow]
  127 |   Cacheway(int capacity, ReplacementPolicy policy = LRU, const std::string& owner = "unknown") : count(0), capacity(capacity), policy(policy), owner(owner)
      |                                                          ~~~~~~~~~~~~~~~~~~~^~~~~~~~~~~~~~~~~
prefetcher/triangel/triangel.h:120:15: note: shadowed declaration is here
  120 |   std::string owner;
      |               ^~~~~
prefetcher/triangel/triangel.h:127:44: warning: declaration of ‘policy’ shadows a member of ‘Cacheway<SecondChanceSamplerEntry>’ [-Wshadow]
  127 |   Cacheway(int capacity, ReplacementPolicy policy = LRU, const std::string& owner = "unknown") : count(0), capacity(capacity), policy(policy), owner(owner)
      |                          ~~~~~~~~~~~~~~~~~~^~~~~~~~~~~~
prefetcher/triangel/triangel.h:118:21: note: shadowed declaration is here
  118 |   ReplacementPolicy policy;
      |                     ^~~~~~
prefetcher/triangel/triangel.h:127:16: warning: declaration of ‘capacity’ shadows a member of ‘Cacheway<SecondChanceSamplerEntry>’ [-Wshadow]
  127 |   Cacheway(int capacity, ReplacementPolicy policy = LRU, const std::string& owner = "unknown") : count(0), capacity(capacity), policy(policy), owner(owner)
      |            ~~~~^~~~~~~~
prefetcher/triangel/triangel.h:116:7: note: shadowed declaration is here
  116 |   int capacity;
      |       ^~~~~~~~
prefetcher/triangel/triangel.h:127:77: warning: declaration of ‘owner’ shadows a member of ‘Cacheway<SecondChanceSamplerEntry>’ [-Wshadow]
  127 |   Cacheway(int capacity, ReplacementPolicy policy = LRU, const std::string& owner = "unknown") : count(0), capacity(capacity), policy(policy), owner(owner)
      |                                                          ~~~~~~~~~~~~~~~~~~~^~~~~~~~~~~~~~~~~
prefetcher/triangel/triangel.h:120:15: note: shadowed declaration is here
  120 |   std::string owner;
      |               ^~~~~
prefetcher/triangel/triangel.h:127:44: warning: declaration of ‘policy’ shadows a member of ‘Cacheway<SecondChanceSamplerEntry>’ [-Wshadow]
  127 |   Cacheway(int capacity, ReplacementPolicy policy = LRU, const std::string& owner = "unknown") : count(0), capacity(capacity), policy(policy), owner(owner)
      |                          ~~~~~~~~~~~~~~~~~~^~~~~~~~~~~~
prefetcher/triangel/triangel.h:118:21: note: shadowed declaration is here
  118 |   ReplacementPolicy policy;
      |                     ^~~~~~
prefetcher/triangel/triangel.h:127:16: warning: declaration of ‘capacity’ shadows a member of ‘Cacheway<SecondChanceSamplerEntry>’ [-Wshadow]
  127 |   Cacheway(int capacity, ReplacementPolicy policy = LRU, const std::string& owner = "unknown") : count(0), capacity(capacity), policy(policy), owner(owner)
      |            ~~~~^~~~~~~~
prefetcher/triangel/triangel.h:116:7: note: shadowed declaration is here
  116 |   int capacity;
      |       ^~~~~~~~
prefetcher/triangel/triangel.h: In instantiation of ‘Cacheway<T>::Cacheway(int, ReplacementPolicy, const string&) [with T = MetadataEntry; std::string = std::__cxx11::basic_string<char>]’:
prefetcher/triangel/triangel.h:484:23:   required from ‘AssociativeCache<T>::AssociativeCache(uint64_t, int, ReplacementPolicy, const string&) [with T = MetadataEntry; uint64_t = long unsigned int; std::string = std::__cxx11::basic_string<char>]’
prefetcher/triangel/triangel.h:930:129:   required from here
prefetcher/triangel/triangel.h:127:77: warning: declaration of ‘owner’ shadows a member of ‘Cacheway<MetadataEntry>’ [-Wshadow]
  127 |   Cacheway(int capacity, ReplacementPolicy policy = LRU, const std::string& owner = "unknown") : count(0), capacity(capacity), policy(policy), owner(owner)
      |                                                          ~~~~~~~~~~~~~~~~~~~^~~~~~~~~~~~~~~~~
prefetcher/triangel/triangel.h:120:15: note: shadowed declaration is here
  120 |   std::string owner;
      |               ^~~~~
prefetcher/triangel/triangel.h:127:44: warning: declaration of ‘policy’ shadows a member of ‘Cacheway<MetadataEntry>’ [-Wshadow]
  127 |   Cacheway(int capacity, ReplacementPolicy policy = LRU, const std::string& owner = "unknown") : count(0), capacity(capacity), policy(policy), owner(owner)
      |                          ~~~~~~~~~~~~~~~~~~^~~~~~~~~~~~
prefetcher/triangel/triangel.h:118:21: note: shadowed declaration is here
  118 |   ReplacementPolicy policy;
      |                     ^~~~~~
prefetcher/triangel/triangel.h:127:16: warning: declaration of ‘capacity’ shadows a member of ‘Cacheway<MetadataEntry>’ [-Wshadow]
  127 |   Cacheway(int capacity, ReplacementPolicy policy = LRU, const std::string& owner = "unknown") : count(0), capacity(capacity), policy(policy), owner(owner)
      |            ~~~~^~~~~~~~
prefetcher/triangel/triangel.h:116:7: note: shadowed declaration is here
  116 |   int capacity;
      |       ^~~~~~~~
In file included from prefetcher/resize/resize.h:16,
                 from prefetcher/resize/resize.cc:1:
/mnt/data/lyq/PRISM/inc/prism_framework.h: In instantiation of ‘SRRIPSetAssociativeCache<T>::SRRIPSetAssociativeCache(int, int, int) [with T = resizeMetaTableEntry]’:
prefetcher/resize/resize.h:55:86:   required from here
/mnt/data/lyq/PRISM/inc/prism_framework.h:422:56: warning: declaration of ‘debug_level’ shadows a member of ‘SRRIPSetAssociativeCache<resizeMetaTableEntry>’ [-Wshadow]
  422 |   SRRIPSetAssociativeCache(int size, int num_ways, int debug_level = 0) : Super(size, num_ways, debug_level), rrpv(this->num_sets, vector<uint64_t>(num_ways))
      |                                                    ~~~~^~~~~~~~~~~~~~~
/mnt/data/lyq/PRISM/inc/prism_framework.h:157:7: note: shadowed declaration is here
  157 |   int debug_level = 0;
      |       ^~~~~~~~~~~
/mnt/data/lyq/PRISM/inc/prism_framework.h:422:42: warning: declaration of ‘num_ways’ shadows a member of ‘SRRIPSetAssociativeCache<resizeMetaTableEntry>’ [-Wshadow]
  422 |   SRRIPSetAssociativeCache(int size, int num_ways, int debug_level = 0) : Super(size, num_ways, debug_level), rrpv(this->num_sets, vector<uint64_t>(num_ways))
      |                                      ~~~~^~~~~~~~
/mnt/data/lyq/PRISM/inc/prism_framework.h:152:7: note: shadowed declaration is here
  152 |   int num_ways;
      |       ^~~~~~~~
/mnt/data/lyq/PRISM/inc/prism_framework.h:422:32: warning: declaration of ‘size’ shadows a member of ‘SRRIPSetAssociativeCache<resizeMetaTableEntry>’ [-Wshadow]
  422 |   SRRIPSetAssociativeCache(int size, int num_ways, int debug_level = 0) : Super(size, num_ways, debug_level), rrpv(this->num_sets, vector<uint64_t>(num_ways))
      |                            ~~~~^~~~
/mnt/data/lyq/PRISM/inc/prism_framework.h:151:7: note: shadowed declaration is here
  151 |   int size;
      |       ^~~~
prefetcher/triangel/triangel.h:127:77: warning: declaration of ‘owner’ shadows a member of ‘Cacheway<MetadataEntry>’ [-Wshadow]
  127 |   Cacheway(int capacity, ReplacementPolicy policy = LRU, const std::string& owner = "unknown") : count(0), capacity(capacity), policy(policy), owner(owner)
      |                                                          ~~~~~~~~~~~~~~~~~~~^~~~~~~~~~~~~~~~~
prefetcher/triangel/triangel.h:120:15: note: shadowed declaration is here
  120 |   std::string owner;
      |               ^~~~~
prefetcher/triangel/triangel.h:127:44: warning: declaration of ‘policy’ shadows a member of ‘Cacheway<MetadataEntry>’ [-Wshadow]
  127 |   Cacheway(int capacity, ReplacementPolicy policy = LRU, const std::string& owner = "unknown") : count(0), capacity(capacity), policy(policy), owner(owner)
      |                          ~~~~~~~~~~~~~~~~~~^~~~~~~~~~~~
prefetcher/triangel/triangel.h:118:21: note: shadowed declaration is here
  118 |   ReplacementPolicy policy;
      |                     ^~~~~~
prefetcher/triangel/triangel.h:127:16: warning: declaration of ‘capacity’ shadows a member of ‘Cacheway<MetadataEntry>’ [-Wshadow]
  127 |   Cacheway(int capacity, ReplacementPolicy policy = LRU, const std::string& owner = "unknown") : count(0), capacity(capacity), policy(policy), owner(owner)
      |            ~~~~^~~~~~~~
prefetcher/triangel/triangel.h:116:7: note: shadowed declaration is here
  116 |   int capacity;
      |       ^~~~~~~~
prefetcher/triangel/triangel.h:127:77: warning: declaration of ‘owner’ shadows a member of ‘Cacheway<MetadataEntry>’ [-Wshadow]
  127 |   Cacheway(int capacity, ReplacementPolicy policy = LRU, const std::string& owner = "unknown") : count(0), capacity(capacity), policy(policy), owner(owner)
      |                                                          ~~~~~~~~~~~~~~~~~~~^~~~~~~~~~~~~~~~~
prefetcher/triangel/triangel.h:120:15: note: shadowed declaration is here
  120 |   std::string owner;
      |               ^~~~~
prefetcher/triangel/triangel.h:127:44: warning: declaration of ‘policy’ shadows a member of ‘Cacheway<MetadataEntry>’ [-Wshadow]
  127 |   Cacheway(int capacity, ReplacementPolicy policy = LRU, const std::string& owner = "unknown") : count(0), capacity(capacity), policy(policy), owner(owner)
      |                          ~~~~~~~~~~~~~~~~~~^~~~~~~~~~~~
prefetcher/triangel/triangel.h:118:21: note: shadowed declaration is here
  118 |   ReplacementPolicy policy;
      |                     ^~~~~~
prefetcher/triangel/triangel.h:127:16: warning: declaration of ‘capacity’ shadows a member of ‘Cacheway<MetadataEntry>’ [-Wshadow]
  127 |   Cacheway(int capacity, ReplacementPolicy policy = LRU, const std::string& owner = "unknown") : count(0), capacity(capacity), policy(policy), owner(owner)
      |            ~~~~^~~~~~~~
prefetcher/triangel/triangel.h:116:7: note: shadowed declaration is here
  116 |   int capacity;
      |       ^~~~~~~~
/mnt/data/lyq/PRISM/inc/prism_framework.h:422:56: warning: declaration of ‘debug_level’ shadows a member of ‘SRRIPSetAssociativeCache<resizeMetaTableEntry>’ [-Wshadow]
  422 |   SRRIPSetAssociativeCache(int size, int num_ways, int debug_level = 0) : Super(size, num_ways, debug_level), rrpv(this->num_sets, vector<uint64_t>(num_ways))
      |                                                    ~~~~^~~~~~~~~~~~~~~
/mnt/data/lyq/PRISM/inc/prism_framework.h:157:7: note: shadowed declaration is here
  157 |   int debug_level = 0;
      |       ^~~~~~~~~~~
/mnt/data/lyq/PRISM/inc/prism_framework.h:422:42: warning: declaration of ‘num_ways’ shadows a member of ‘SRRIPSetAssociativeCache<resizeMetaTableEntry>’ [-Wshadow]
  422 |   SRRIPSetAssociativeCache(int size, int num_ways, int debug_level = 0) : Super(size, num_ways, debug_level), rrpv(this->num_sets, vector<uint64_t>(num_ways))
      |                                      ~~~~^~~~~~~~
/mnt/data/lyq/PRISM/inc/prism_framework.h:152:7: note: shadowed declaration is here
  152 |   int num_ways;
      |       ^~~~~~~~
/mnt/data/lyq/PRISM/inc/prism_framework.h:422:32: warning: declaration of ‘size’ shadows a member of ‘SRRIPSetAssociativeCache<resizeMetaTableEntry>’ [-Wshadow]
  422 |   SRRIPSetAssociativeCache(int size, int num_ways, int debug_level = 0) : Super(size, num_ways, debug_level), rrpv(this->num_sets, vector<uint64_t>(num_ways))
      |                            ~~~~^~~~
/mnt/data/lyq/PRISM/inc/prism_framework.h:151:7: note: shadowed declaration is here
  151 |   int size;
      |       ^~~~
/mnt/data/lyq/PRISM/inc/prism_framework.h:422:56: warning: declaration of ‘debug_level’ shadows a member of ‘SRRIPSetAssociativeCache<resizeMetaTableEntry>’ [-Wshadow]
  422 |   SRRIPSetAssociativeCache(int size, int num_ways, int debug_level = 0) : Super(size, num_ways, debug_level), rrpv(this->num_sets, vector<uint64_t>(num_ways))
      |                                                    ~~~~^~~~~~~~~~~~~~~
/mnt/data/lyq/PRISM/inc/prism_framework.h:157:7: note: shadowed declaration is here
  157 |   int debug_level = 0;
      |       ^~~~~~~~~~~
/mnt/data/lyq/PRISM/inc/prism_framework.h:422:42: warning: declaration of ‘num_ways’ shadows a member of ‘SRRIPSetAssociativeCache<resizeMetaTableEntry>’ [-Wshadow]
  422 |   SRRIPSetAssociativeCache(int size, int num_ways, int debug_level = 0) : Super(size, num_ways, debug_level), rrpv(this->num_sets, vector<uint64_t>(num_ways))
      |                                      ~~~~^~~~~~~~
/mnt/data/lyq/PRISM/inc/prism_framework.h:152:7: note: shadowed declaration is here
  152 |   int num_ways;
      |       ^~~~~~~~
/mnt/data/lyq/PRISM/inc/prism_framework.h:422:32: warning: declaration of ‘size’ shadows a member of ‘SRRIPSetAssociativeCache<resizeMetaTableEntry>’ [-Wshadow]
  422 |   SRRIPSetAssociativeCache(int size, int num_ways, int debug_level = 0) : Super(size, num_ways, debug_level), rrpv(this->num_sets, vector<uint64_t>(num_ways))
      |                            ~~~~^~~~
/mnt/data/lyq/PRISM/inc/prism_framework.h:151:7: note: shadowed declaration is here
  151 |   int size;
      |       ^~~~
/mnt/data/lyq/PRISM/inc/prism_framework.h: In instantiation of ‘LRUSetAssociativeCache<T>::LRUSetAssociativeCache(int, int, int) [with T = std::deque<long unsigned int>]’:
prefetcher/resize/resize.h:100:137:   required from here
/mnt/data/lyq/PRISM/inc/prism_framework.h:254:54: warning: declaration of ‘debug_level’ shadows a member of ‘LRUSetAssociativeCache<std::deque<long unsigned int> >’ [-Wshadow]
  254 |   LRUSetAssociativeCache(int size, int num_ways, int debug_level = 0) : Super(size, num_ways, debug_level), lru(this->num_sets, vector<uint64_t>(num_ways)) {}
      |                                                  ~~~~^~~~~~~~~~~~~~~
/mnt/data/lyq/PRISM/inc/prism_framework.h:157:7: note: shadowed declaration is here
  157 |   int debug_level = 0;
      |       ^~~~~~~~~~~
/mnt/data/lyq/PRISM/inc/prism_framework.h:254:40: warning: declaration of ‘num_ways’ shadows a member of ‘LRUSetAssociativeCache<std::deque<long unsigned int> >’ [-Wshadow]
  254 |   LRUSetAssociativeCache(int size, int num_ways, int debug_level = 0) : Super(size, num_ways, debug_level), lru(this->num_sets, vector<uint64_t>(num_ways)) {}
      |                                    ~~~~^~~~~~~~
/mnt/data/lyq/PRISM/inc/prism_framework.h:152:7: note: shadowed declaration is here
  152 |   int num_ways;
      |       ^~~~~~~~
/mnt/data/lyq/PRISM/inc/prism_framework.h:254:30: warning: declaration of ‘size’ shadows a member of ‘LRUSetAssociativeCache<std::deque<long unsigned int> >’ [-Wshadow]
  254 |   LRUSetAssociativeCache(int size, int num_ways, int debug_level = 0) : Super(size, num_ways, debug_level), lru(this->num_sets, vector<uint64_t>(num_ways)) {}
      |                          ~~~~^~~~
/mnt/data/lyq/PRISM/inc/prism_framework.h:151:7: note: shadowed declaration is here
  151 |   int size;
      |       ^~~~
/mnt/data/lyq/PRISM/inc/prism_framework.h:254:54: warning: declaration of ‘debug_level’ shadows a member of ‘LRUSetAssociativeCache<std::deque<long unsigned int> >’ [-Wshadow]
  254 |   LRUSetAssociativeCache(int size, int num_ways, int debug_level = 0) : Super(size, num_ways, debug_level), lru(this->num_sets, vector<uint64_t>(num_ways)) {}
      |                                                  ~~~~^~~~~~~~~~~~~~~
/mnt/data/lyq/PRISM/inc/prism_framework.h:157:7: note: shadowed declaration is here
  157 |   int debug_level = 0;
      |       ^~~~~~~~~~~
/mnt/data/lyq/PRISM/inc/prism_framework.h:254:40: warning: declaration of ‘num_ways’ shadows a member of ‘LRUSetAssociativeCache<std::deque<long unsigned int> >’ [-Wshadow]
  254 |   LRUSetAssociativeCache(int size, int num_ways, int debug_level = 0) : Super(size, num_ways, debug_level), lru(this->num_sets, vector<uint64_t>(num_ways)) {}
      |                                    ~~~~^~~~~~~~
/mnt/data/lyq/PRISM/inc/prism_framework.h:152:7: note: shadowed declaration is here
  152 |   int num_ways;
      |       ^~~~~~~~
/mnt/data/lyq/PRISM/inc/prism_framework.h:254:30: warning: declaration of ‘size’ shadows a member of ‘LRUSetAssociativeCache<std::deque<long unsigned int> >’ [-Wshadow]
  254 |   LRUSetAssociativeCache(int size, int num_ways, int debug_level = 0) : Super(size, num_ways, debug_level), lru(this->num_sets, vector<uint64_t>(num_ways)) {}
      |                          ~~~~^~~~
/mnt/data/lyq/PRISM/inc/prism_framework.h:151:7: note: shadowed declaration is here
  151 |   int size;
      |       ^~~~
/mnt/data/lyq/PRISM/inc/prism_framework.h:254:54: warning: declaration of ‘debug_level’ shadows a member of ‘LRUSetAssociativeCache<std::deque<long unsigned int> >’ [-Wshadow]
  254 |   LRUSetAssociativeCache(int size, int num_ways, int debug_level = 0) : Super(size, num_ways, debug_level), lru(this->num_sets, vector<uint64_t>(num_ways)) {}
      |                                                  ~~~~^~~~~~~~~~~~~~~
/mnt/data/lyq/PRISM/inc/prism_framework.h:157:7: note: shadowed declaration is here
  157 |   int debug_level = 0;
      |       ^~~~~~~~~~~
/mnt/data/lyq/PRISM/inc/prism_framework.h:254:40: warning: declaration of ‘num_ways’ shadows a member of ‘LRUSetAssociativeCache<std::deque<long unsigned int> >’ [-Wshadow]
  254 |   LRUSetAssociativeCache(int size, int num_ways, int debug_level = 0) : Super(size, num_ways, debug_level), lru(this->num_sets, vector<uint64_t>(num_ways)) {}
      |                                    ~~~~^~~~~~~~
/mnt/data/lyq/PRISM/inc/prism_framework.h:152:7: note: shadowed declaration is here
  152 |   int num_ways;
      |       ^~~~~~~~
/mnt/data/lyq/PRISM/inc/prism_framework.h:254:30: warning: declaration of ‘size’ shadows a member of ‘LRUSetAssociativeCache<std::deque<long unsigned int> >’ [-Wshadow]
  254 |   LRUSetAssociativeCache(int size, int num_ways, int debug_level = 0) : Super(size, num_ways, debug_level), lru(this->num_sets, vector<uint64_t>(num_ways)) {}
      |                          ~~~~^~~~
/mnt/data/lyq/PRISM/inc/prism_framework.h:151:7: note: shadowed declaration is here
  151 |   int size;
      |       ^~~~
/mnt/data/lyq/PRISM/inc/prism_framework.h: In instantiation of ‘int LRUSetAssociativeCache<T>::select_victim(uint64_t) [with T = std::deque<long unsigned int>; uint64_t = long unsigned int]’:
/mnt/data/lyq/PRISM/inc/prism_framework.h:265:15:   required from here
/mnt/data/lyq/PRISM/inc/prism_framework.h:268:56: warning: conversion from ‘__gnu_cxx::__normal_iterator<long unsigned int*, std::vector<long unsigned int> >::difference_type’ {aka ‘long int’} to ‘int’ may change value [-Wconversion]
  268 |     return min_element(lru_set.begin(), lru_set.end()) - lru_set.begin();
      |            ~~~~~~~~~~~~~~~~~~~~~~~~~~~~~~~~~~~~~~~~~~~~^~~~~~~~~~~~~~~~~
/mnt/data/lyq/PRISM/inc/prism_framework.h: In instantiation of ‘int LRUSetAssociativeCache<T>::select_victim(uint64_t) [with T = baselineMetaTableEntry; uint64_t = long unsigned int]’:
/mnt/data/lyq/PRISM/inc/prism_framework.h:265:15:   required from here
/mnt/data/lyq/PRISM/inc/prism_framework.h:268:56: warning: conversion from ‘__gnu_cxx::__normal_iterator<long unsigned int*, std::vector<long unsigned int> >::difference_type’ {aka ‘long int’} to ‘int’ may change value [-Wconversion]
/mnt/data/lyq/PRISM/inc/prism_framework.h: In instantiation of ‘int LRUSetAssociativeCache<T>::select_victim(uint64_t) [with T = std::deque<long unsigned int>; uint64_t = long unsigned int]’:
/mnt/data/lyq/PRISM/inc/prism_framework.h:265:15:   required from here
/mnt/data/lyq/PRISM/inc/prism_framework.h:268:56: warning: conversion from ‘__gnu_cxx::__normal_iterator<long unsigned int*, std::vector<long unsigned int> >::difference_type’ {aka ‘long int’} to ‘int’ may change value [-Wconversion]
  268 |     return min_element(lru_set.begin(), lru_set.end()) - lru_set.begin();
      |            ~~~~~~~~~~~~~~~~~~~~~~~~~~~~~~~~~~~~~~~~~~~~^~~~~~~~~~~~~~~~~
/mnt/data/lyq/PRISM/inc/prism_framework.h: In instantiation of ‘int SRRIPSetAssociativeCache<T>::select_victim(uint64_t) [with T = resize_krMetaTableEntry; uint64_t = long unsigned int]’:
/mnt/data/lyq/PRISM/inc/prism_framework.h:427:7:   required from here
/mnt/data/lyq/PRISM/inc/prism_framework.h:431:28: warning: comparison of integer expressions of different signedness: ‘size_t’ {aka ‘long unsigned int’} and ‘int’ [-Wsign-compare]
  431 |       for (size_t i = 0; i < Super::num_ways; i++) {
      |                          ~~^~~~~~~~~~~~~~~~~
/mnt/data/lyq/PRISM/inc/prism_framework.h:433:18: warning: conversion from ‘size_t’ {aka ‘long unsigned int’} to ‘int’ may change value [-Wconversion]
  433 |           return i;
      |                  ^
/mnt/data/lyq/PRISM/inc/prism_framework.h:436:28: warning: comparison of integer expressions of different signedness: ‘size_t’ {aka ‘long unsigned int’} and ‘int’ [-Wsign-compare]
  436 |       for (size_t i = 0; i < Super::num_ways; i++) {
      |                          ~~^~~~~~~~~~~~~~~~~
In file included from prefetcher/resize_tr/resize_tr.h:20,
                 from prefetcher/resize_tr/resize_tr.cc:1:
prefetcher/resize_tr/../triangel/triangel.h: In instantiation of ‘Cacheway<T>::Cacheway(int, ReplacementPolicy, const string&) [with T = long unsigned int; std::string = std::__cxx11::basic_string<char>]’:
prefetcher/resize_tr/../triangel/triangel.h:684:53:   required from here
prefetcher/resize_tr/../triangel/triangel.h:127:77: warning: declaration of ‘owner’ shadows a member of ‘Cacheway<long unsigned int>’ [-Wshadow]
  127 |   Cacheway(int capacity, ReplacementPolicy policy = LRU, const std::string& owner = "unknown") : count(0), capacity(capacity), policy(policy), owner(owner)
      |                                                          ~~~~~~~~~~~~~~~~~~~^~~~~~~~~~~~~~~~~
prefetcher/resize_tr/../triangel/triangel.h:120:15: note: shadowed declaration is here
  120 |   std::string owner;
      |               ^~~~~
prefetcher/resize_tr/../triangel/triangel.h:127:44: warning: declaration of ‘policy’ shadows a member of ‘Cacheway<long unsigned int>’ [-Wshadow]
  127 |   Cacheway(int capacity, ReplacementPolicy policy = LRU, const std::string& owner = "unknown") : count(0), capacity(capacity), policy(policy), owner(owner)
      |                          ~~~~~~~~~~~~~~~~~~^~~~~~~~~~~~
prefetcher/resize_tr/../triangel/triangel.h:118:21: note: shadowed declaration is here
  118 |   ReplacementPolicy policy;
      |                     ^~~~~~
prefetcher/resize_tr/../triangel/triangel.h:127:16: warning: declaration of ‘capacity’ shadows a member of ‘Cacheway<long unsigned int>’ [-Wshadow]
  127 |   Cacheway(int capacity, ReplacementPolicy policy = LRU, const std::string& owner = "unknown") : count(0), capacity(capacity), policy(policy), owner(owner)
      |            ~~~~^~~~~~~~
prefetcher/resize_tr/../triangel/triangel.h:116:7: note: shadowed declaration is here
  116 |   int capacity;
      |       ^~~~~~~~
prefetcher/resize_tr/../triangel/triangel.h:127:77: warning: declaration of ‘owner’ shadows a member of ‘Cacheway<long unsigned int>’ [-Wshadow]
  127 |   Cacheway(int capacity, ReplacementPolicy policy = LRU, const std::string& owner = "unknown") : count(0), capacity(capacity), policy(policy), owner(owner)
      |                                                          ~~~~~~~~~~~~~~~~~~~^~~~~~~~~~~~~~~~~
prefetcher/resize_tr/../triangel/triangel.h:120:15: note: shadowed declaration is here
  120 |   std::string owner;
      |               ^~~~~
prefetcher/resize_tr/../triangel/triangel.h:127:44: warning: declaration of ‘policy’ shadows a member of ‘Cacheway<long unsigned int>’ [-Wshadow]
  127 |   Cacheway(int capacity, ReplacementPolicy policy = LRU, const std::string& owner = "unknown") : count(0), capacity(capacity), policy(policy), owner(owner)
      |                          ~~~~~~~~~~~~~~~~~~^~~~~~~~~~~~
prefetcher/resize_tr/../triangel/triangel.h:118:21: note: shadowed declaration is here
  118 |   ReplacementPolicy policy;
      |                     ^~~~~~
prefetcher/resize_tr/../triangel/triangel.h:127:16: warning: declaration of ‘capacity’ shadows a member of ‘Cacheway<long unsigned int>’ [-Wshadow]
  127 |   Cacheway(int capacity, ReplacementPolicy policy = LRU, const std::string& owner = "unknown") : count(0), capacity(capacity), policy(policy), owner(owner)
      |            ~~~~^~~~~~~~
prefetcher/resize_tr/../triangel/triangel.h:116:7: note: shadowed declaration is here
  116 |   int capacity;
      |       ^~~~~~~~
prefetcher/resize_tr/../triangel/triangel.h:127:77: warning: declaration of ‘owner’ shadows a member of ‘Cacheway<long unsigned int>’ [-Wshadow]
  127 |   Cacheway(int capacity, ReplacementPolicy policy = LRU, const std::string& owner = "unknown") : count(0), capacity(capacity), policy(policy), owner(owner)
      |                                                          ~~~~~~~~~~~~~~~~~~~^~~~~~~~~~~~~~~~~
prefetcher/resize_tr/../triangel/triangel.h:120:15: note: shadowed declaration is here
  120 |   std::string owner;
      |               ^~~~~
prefetcher/resize_tr/../triangel/triangel.h:127:44: warning: declaration of ‘policy’ shadows a member of ‘Cacheway<long unsigned int>’ [-Wshadow]
  127 |   Cacheway(int capacity, ReplacementPolicy policy = LRU, const std::string& owner = "unknown") : count(0), capacity(capacity), policy(policy), owner(owner)
      |                          ~~~~~~~~~~~~~~~~~~^~~~~~~~~~~~
prefetcher/resize_tr/../triangel/triangel.h:118:21: note: shadowed declaration is here
  118 |   ReplacementPolicy policy;
      |                     ^~~~~~
prefetcher/resize_tr/../triangel/triangel.h:127:16: warning: declaration of ‘capacity’ shadows a member of ‘Cacheway<long unsigned int>’ [-Wshadow]
  127 |   Cacheway(int capacity, ReplacementPolicy policy = LRU, const std::string& owner = "unknown") : count(0), capacity(capacity), policy(policy), owner(owner)
      |            ~~~~^~~~~~~~
prefetcher/resize_tr/../triangel/triangel.h:116:7: note: shadowed declaration is here
  116 |   int capacity;
      |       ^~~~~~~~
In file included from prefetcher/pctp/pctp.h:16,
                 from prefetcher/pctp/pctp.cc:1:
/mnt/data/lyq/PRISM/inc/prism_framework.h: In instantiation of ‘SetAssociativeCache<T>::SetAssociativeCache(int, int, int) [with T = pctpMetaTableEntry]’:
/mnt/data/lyq/PRISM/inc/prism_framework.h:254:155:   required from ‘LRUSetAssociativeCache<T>::LRUSetAssociativeCache(int, int, int) [with T = pctpMetaTableEntry]’
prefetcher/pctp/pctp.h:55:84:   required from here
/mnt/data/lyq/PRISM/inc/prism_framework.h:31:51: warning: declaration of ‘debug_level’ shadows a member of ‘SetAssociativeCache<pctpMetaTableEntry>’ [-Wshadow]
   31 |   SetAssociativeCache(int size, int num_ways, int debug_level = 0)
      |                                               ~~~~^~~~~~~~~~~~~~~
In file included from prefetcher/pctp/pctp.h:16,
                 from prefetcher/pctp/pctp.cc:1:
/mnt/data/lyq/PRISM/inc/prism_framework.h:157:7: note: shadowed declaration is here
  157 |   int debug_level = 0;
      |       ^~~~~~~~~~~
In file included from prefetcher/pctp/pctp.h:16,
                 from prefetcher/pctp/pctp.cc:1:
/mnt/data/lyq/PRISM/inc/prism_framework.h:31:37: warning: declaration of ‘num_ways’ shadows a member of ‘SetAssociativeCache<pctpMetaTableEntry>’ [-Wshadow]
   31 |   SetAssociativeCache(int size, int num_ways, int debug_level = 0)
      |                                 ~~~~^~~~~~~~
In file included from prefetcher/pctp/pctp.h:16,
                 from prefetcher/pctp/pctp.cc:1:
/mnt/data/lyq/PRISM/inc/prism_framework.h:152:7: note: shadowed declaration is here
  152 |   int num_ways;
      |       ^~~~~~~~
In file included from prefetcher/pctp/pctp.h:16,
                 from prefetcher/pctp/pctp.cc:1:
/mnt/data/lyq/PRISM/inc/prism_framework.h:31:27: warning: declaration of ‘size’ shadows a member of ‘SetAssociativeCache<pctpMetaTableEntry>’ [-Wshadow]
   31 |   SetAssociativeCache(int size, int num_ways, int debug_level = 0)
      |                       ~~~~^~~~
In file included from prefetcher/pctp/pctp.h:16,
                 from prefetcher/pctp/pctp.cc:1:
/mnt/data/lyq/PRISM/inc/prism_framework.h:151:7: note: shadowed declaration is here
  151 |   int size;
      |       ^~~~
In file included from prefetcher/pctp/pctp.h:16,
                 from prefetcher/pctp/pctp.cc:1:
/mnt/data/lyq/PRISM/inc/prism_framework.h:31:51: warning: declaration of ‘debug_level’ shadows a member of ‘SetAssociativeCache<pctpMetaTableEntry>’ [-Wshadow]
   31 |   SetAssociativeCache(int size, int num_ways, int debug_level = 0)
      |                                               ~~~~^~~~~~~~~~~~~~~
In file included from prefetcher/pctp/pctp.h:16,
                 from prefetcher/pctp/pctp.cc:1:
/mnt/data/lyq/PRISM/inc/prism_framework.h:157:7: note: shadowed declaration is here
  157 |   int debug_level = 0;
      |       ^~~~~~~~~~~
In file included from prefetcher/pctp/pctp.h:16,
                 from prefetcher/pctp/pctp.cc:1:
/mnt/data/lyq/PRISM/inc/prism_framework.h:31:37: warning: declaration of ‘num_ways’ shadows a member of ‘SetAssociativeCache<pctpMetaTableEntry>’ [-Wshadow]
   31 |   SetAssociativeCache(int size, int num_ways, int debug_level = 0)
      |                                 ~~~~^~~~~~~~
In file included from prefetcher/pctp/pctp.h:16,
                 from prefetcher/pctp/pctp.cc:1:
/mnt/data/lyq/PRISM/inc/prism_framework.h:152:7: note: shadowed declaration is here
  152 |   int num_ways;
      |       ^~~~~~~~
In file included from prefetcher/pctp/pctp.h:16,
                 from prefetcher/pctp/pctp.cc:1:
/mnt/data/lyq/PRISM/inc/prism_framework.h:31:27: warning: declaration of ‘size’ shadows a member of ‘SetAssociativeCache<pctpMetaTableEntry>’ [-Wshadow]
   31 |   SetAssociativeCache(int size, int num_ways, int debug_level = 0)
      |                       ~~~~^~~~
In file included from prefetcher/pctp/pctp.h:16,
                 from prefetcher/pctp/pctp.cc:1:
/mnt/data/lyq/PRISM/inc/prism_framework.h:151:7: note: shadowed declaration is here
  151 |   int size;
      |       ^~~~
In file included from prefetcher/pctp/pctp.h:16,
                 from prefetcher/pctp/pctp.cc:1:
/mnt/data/lyq/PRISM/inc/prism_framework.h:31:51: warning: declaration of ‘debug_level’ shadows a member of ‘SetAssociativeCache<pctpMetaTableEntry>’ [-Wshadow]
   31 |   SetAssociativeCache(int size, int num_ways, int debug_level = 0)
      |                                               ~~~~^~~~~~~~~~~~~~~
In file included from prefetcher/pctp/pctp.h:16,
                 from prefetcher/pctp/pctp.cc:1:
/mnt/data/lyq/PRISM/inc/prism_framework.h:157:7: note: shadowed declaration is here
  157 |   int debug_level = 0;
      |       ^~~~~~~~~~~
In file included from prefetcher/pctp/pctp.h:16,
                 from prefetcher/pctp/pctp.cc:1:
/mnt/data/lyq/PRISM/inc/prism_framework.h:31:37: warning: declaration of ‘num_ways’ shadows a member of ‘SetAssociativeCache<pctpMetaTableEntry>’ [-Wshadow]
   31 |   SetAssociativeCache(int size, int num_ways, int debug_level = 0)
      |                                 ~~~~^~~~~~~~
In file included from prefetcher/pctp/pctp.h:16,
                 from prefetcher/pctp/pctp.cc:1:
/mnt/data/lyq/PRISM/inc/prism_framework.h:152:7: note: shadowed declaration is here
  152 |   int num_ways;
      |       ^~~~~~~~
In file included from prefetcher/pctp/pctp.h:16,
                 from prefetcher/pctp/pctp.cc:1:
/mnt/data/lyq/PRISM/inc/prism_framework.h:31:27: warning: declaration of ‘size’ shadows a member of ‘SetAssociativeCache<pctpMetaTableEntry>’ [-Wshadow]
   31 |   SetAssociativeCache(int size, int num_ways, int debug_level = 0)
      |                       ~~~~^~~~
In file included from prefetcher/pctp/pctp.h:16,
                 from prefetcher/pctp/pctp.cc:1:
/mnt/data/lyq/PRISM/inc/prism_framework.h:151:7: note: shadowed declaration is here
  151 |   int size;
      |       ^~~~
In file included from prefetcher/pctp/pctp.h:16,
                 from prefetcher/pctp/pctp.cc:1:
/mnt/data/lyq/PRISM/inc/prism_framework.h: In instantiation of ‘SetAssociativeCache<T>::SetAssociativeCache(int, int, int) [with T = std::deque<long unsigned int>]’:
/mnt/data/lyq/PRISM/inc/prism_framework.h:254:155:   required from ‘LRUSetAssociativeCache<T>::LRUSetAssociativeCache(int, int, int) [with T = std::deque<long unsigned int>]’
prefetcher/pctp/pctp.h:99:137:   required from here
/mnt/data/lyq/PRISM/inc/prism_framework.h:31:51: warning: declaration of ‘debug_level’ shadows a member of ‘SetAssociativeCache<std::deque<long unsigned int> >’ [-Wshadow]
   31 |   SetAssociativeCache(int size, int num_ways, int debug_level = 0)
      |                                               ~~~~^~~~~~~~~~~~~~~
In file included from prefetcher/pctp/pctp.h:16,
                 from prefetcher/pctp/pctp.cc:1:
/mnt/data/lyq/PRISM/inc/prism_framework.h:157:7: note: shadowed declaration is here
  157 |   int debug_level = 0;
      |       ^~~~~~~~~~~
In file included from prefetcher/pctp/pctp.h:16,
                 from prefetcher/pctp/pctp.cc:1:
/mnt/data/lyq/PRISM/inc/prism_framework.h:31:37: warning: declaration of ‘num_ways’ shadows a member of ‘SetAssociativeCache<std::deque<long unsigned int> >’ [-Wshadow]
   31 |   SetAssociativeCache(int size, int num_ways, int debug_level = 0)
      |                                 ~~~~^~~~~~~~
In file included from prefetcher/pctp/pctp.h:16,
                 from prefetcher/pctp/pctp.cc:1:
/mnt/data/lyq/PRISM/inc/prism_framework.h:152:7: note: shadowed declaration is here
  152 |   int num_ways;
      |       ^~~~~~~~
In file included from prefetcher/pctp/pctp.h:16,
                 from prefetcher/pctp/pctp.cc:1:
/mnt/data/lyq/PRISM/inc/prism_framework.h:31:27: warning: declaration of ‘size’ shadows a member of ‘SetAssociativeCache<std::deque<long unsigned int> >’ [-Wshadow]
   31 |   SetAssociativeCache(int size, int num_ways, int debug_level = 0)
      |                       ~~~~^~~~
In file included from prefetcher/pctp/pctp.h:16,
                 from prefetcher/pctp/pctp.cc:1:
/mnt/data/lyq/PRISM/inc/prism_framework.h:151:7: note: shadowed declaration is here
  151 |   int size;
      |       ^~~~
In file included from prefetcher/pctp/pctp.h:16,
                 from prefetcher/pctp/pctp.cc:1:
/mnt/data/lyq/PRISM/inc/prism_framework.h:31:51: warning: declaration of ‘debug_level’ shadows a member of ‘SetAssociativeCache<std::deque<long unsigned int> >’ [-Wshadow]
   31 |   SetAssociativeCache(int size, int num_ways, int debug_level = 0)
      |                                               ~~~~^~~~~~~~~~~~~~~
In file included from prefetcher/pctp/pctp.h:16,
                 from prefetcher/pctp/pctp.cc:1:
/mnt/data/lyq/PRISM/inc/prism_framework.h:157:7: note: shadowed declaration is here
  157 |   int debug_level = 0;
      |       ^~~~~~~~~~~
In file included from prefetcher/pctp/pctp.h:16,
                 from prefetcher/pctp/pctp.cc:1:
/mnt/data/lyq/PRISM/inc/prism_framework.h:31:37: warning: declaration of ‘num_ways’ shadows a member of ‘SetAssociativeCache<std::deque<long unsigned int> >’ [-Wshadow]
   31 |   SetAssociativeCache(int size, int num_ways, int debug_level = 0)
      |                                 ~~~~^~~~~~~~
In file included from prefetcher/pctp/pctp.h:16,
                 from prefetcher/pctp/pctp.cc:1:
/mnt/data/lyq/PRISM/inc/prism_framework.h:152:7: note: shadowed declaration is here
  152 |   int num_ways;
      |       ^~~~~~~~
In file included from prefetcher/pctp/pctp.h:16,
                 from prefetcher/pctp/pctp.cc:1:
/mnt/data/lyq/PRISM/inc/prism_framework.h:31:27: warning: declaration of ‘size’ shadows a member of ‘SetAssociativeCache<std::deque<long unsigned int> >’ [-Wshadow]
   31 |   SetAssociativeCache(int size, int num_ways, int debug_level = 0)
      |                       ~~~~^~~~
In file included from prefetcher/pctp/pctp.h:16,
                 from prefetcher/pctp/pctp.cc:1:
/mnt/data/lyq/PRISM/inc/prism_framework.h:151:7: note: shadowed declaration is here
  151 |   int size;
      |       ^~~~
In file included from prefetcher/pctp/pctp.h:16,
                 from prefetcher/pctp/pctp.cc:1:
/mnt/data/lyq/PRISM/inc/prism_framework.h:31:51: warning: declaration of ‘debug_level’ shadows a member of ‘SetAssociativeCache<std::deque<long unsigned int> >’ [-Wshadow]
   31 |   SetAssociativeCache(int size, int num_ways, int debug_level = 0)
      |                                               ~~~~^~~~~~~~~~~~~~~
In file included from prefetcher/pctp/pctp.h:16,
                 from prefetcher/pctp/pctp.cc:1:
/mnt/data/lyq/PRISM/inc/prism_framework.h:157:7: note: shadowed declaration is here
  157 |   int debug_level = 0;
      |       ^~~~~~~~~~~
In file included from prefetcher/pctp/pctp.h:16,
                 from prefetcher/pctp/pctp.cc:1:
/mnt/data/lyq/PRISM/inc/prism_framework.h:31:37: warning: declaration of ‘num_ways’ shadows a member of ‘SetAssociativeCache<std::deque<long unsigned int> >’ [-Wshadow]
   31 |   SetAssociativeCache(int size, int num_ways, int debug_level = 0)
      |                                 ~~~~^~~~~~~~
In file included from prefetcher/pctp/pctp.h:16,
                 from prefetcher/pctp/pctp.cc:1:
/mnt/data/lyq/PRISM/inc/prism_framework.h:152:7: note: shadowed declaration is here
  152 |   int num_ways;
      |       ^~~~~~~~
In file included from prefetcher/pctp/pctp.h:16,
                 from prefetcher/pctp/pctp.cc:1:
/mnt/data/lyq/PRISM/inc/prism_framework.h:31:27: warning: declaration of ‘size’ shadows a member of ‘SetAssociativeCache<std::deque<long unsigned int> >’ [-Wshadow]
   31 |   SetAssociativeCache(int size, int num_ways, int debug_level = 0)
      |                       ~~~~^~~~
In file included from prefetcher/pctp/pctp.h:16,
                 from prefetcher/pctp/pctp.cc:1:
/mnt/data/lyq/PRISM/inc/prism_framework.h:151:7: note: shadowed declaration is here
  151 |   int size;
      |       ^~~~
In file included from prefetcher/resize_pr/resize_pr.h:16,
                 from prefetcher/resize_pr/resize_pr.cc:1:
/mnt/data/lyq/PRISM/inc/prism_framework.h: In instantiation of ‘SetAssociativeCache<T>::SetAssociativeCache(int, int, int) [with T = resize_prMetaTableEntry]’:
/mnt/data/lyq/PRISM/inc/prism_framework.h:422:158:   required from ‘SRRIPSetAssociativeCache<T>::SRRIPSetAssociativeCache(int, int, int) [with T = resize_prMetaTableEntry]’
prefetcher/resize_pr/resize_pr.h:50:89:   required from here
/mnt/data/lyq/PRISM/inc/prism_framework.h:31:51: warning: declaration of ‘debug_level’ shadows a member of ‘SetAssociativeCache<resize_prMetaTableEntry>’ [-Wshadow]
   31 |   SetAssociativeCache(int size, int num_ways, int debug_level = 0)
      |                                               ~~~~^~~~~~~~~~~~~~~
In file included from prefetcher/resize_pr/resize_pr.h:16,
                 from prefetcher/resize_pr/resize_pr.cc:1:
/mnt/data/lyq/PRISM/inc/prism_framework.h:157:7: note: shadowed declaration is here
  157 |   int debug_level = 0;
      |       ^~~~~~~~~~~
In file included from prefetcher/resize_pr/resize_pr.h:16,
                 from prefetcher/resize_pr/resize_pr.cc:1:
/mnt/data/lyq/PRISM/inc/prism_framework.h:31:37: warning: declaration of ‘num_ways’ shadows a member of ‘SetAssociativeCache<resize_prMetaTableEntry>’ [-Wshadow]
   31 |   SetAssociativeCache(int size, int num_ways, int debug_level = 0)
      |                                 ~~~~^~~~~~~~
In file included from prefetcher/resize_pr/resize_pr.h:16,
                 from prefetcher/resize_pr/resize_pr.cc:1:
/mnt/data/lyq/PRISM/inc/prism_framework.h:152:7: note: shadowed declaration is here
  152 |   int num_ways;
      |       ^~~~~~~~
In file included from prefetcher/resize_pr/resize_pr.h:16,
                 from prefetcher/resize_pr/resize_pr.cc:1:
/mnt/data/lyq/PRISM/inc/prism_framework.h:31:27: warning: declaration of ‘size’ shadows a member of ‘SetAssociativeCache<resize_prMetaTableEntry>’ [-Wshadow]
   31 |   SetAssociativeCache(int size, int num_ways, int debug_level = 0)
      |                       ~~~~^~~~
In file included from prefetcher/resize_pr/resize_pr.h:16,
                 from prefetcher/resize_pr/resize_pr.cc:1:
/mnt/data/lyq/PRISM/inc/prism_framework.h:151:7: note: shadowed declaration is here
  151 |   int size;
      |       ^~~~
In file included from prefetcher/resize_pr/resize_pr.h:16,
                 from prefetcher/resize_pr/resize_pr.cc:1:
/mnt/data/lyq/PRISM/inc/prism_framework.h:31:51: warning: declaration of ‘debug_level’ shadows a member of ‘SetAssociativeCache<resize_prMetaTableEntry>’ [-Wshadow]
   31 |   SetAssociativeCache(int size, int num_ways, int debug_level = 0)
      |                                               ~~~~^~~~~~~~~~~~~~~
In file included from prefetcher/resize_pr/resize_pr.h:16,
                 from prefetcher/resize_pr/resize_pr.cc:1:
/mnt/data/lyq/PRISM/inc/prism_framework.h:157:7: note: shadowed declaration is here
  157 |   int debug_level = 0;
      |       ^~~~~~~~~~~
In file included from prefetcher/resize_pr/resize_pr.h:16,
                 from prefetcher/resize_pr/resize_pr.cc:1:
/mnt/data/lyq/PRISM/inc/prism_framework.h:31:37: warning: declaration of ‘num_ways’ shadows a member of ‘SetAssociativeCache<resize_prMetaTableEntry>’ [-Wshadow]
   31 |   SetAssociativeCache(int size, int num_ways, int debug_level = 0)
      |                                 ~~~~^~~~~~~~
In file included from prefetcher/resize_pr/resize_pr.h:16,
                 from prefetcher/resize_pr/resize_pr.cc:1:
/mnt/data/lyq/PRISM/inc/prism_framework.h:152:7: note: shadowed declaration is here
  152 |   int num_ways;
      |       ^~~~~~~~
In file included from prefetcher/resize_pr/resize_pr.h:16,
                 from prefetcher/resize_pr/resize_pr.cc:1:
/mnt/data/lyq/PRISM/inc/prism_framework.h:31:27: warning: declaration of ‘size’ shadows a member of ‘SetAssociativeCache<resize_prMetaTableEntry>’ [-Wshadow]
   31 |   SetAssociativeCache(int size, int num_ways, int debug_level = 0)
      |                       ~~~~^~~~
In file included from prefetcher/resize_pr/resize_pr.h:16,
                 from prefetcher/resize_pr/resize_pr.cc:1:
/mnt/data/lyq/PRISM/inc/prism_framework.h:151:7: note: shadowed declaration is here
  151 |   int size;
      |       ^~~~
In file included from prefetcher/resize_pr/resize_pr.h:16,
                 from prefetcher/resize_pr/resize_pr.cc:1:
/mnt/data/lyq/PRISM/inc/prism_framework.h:31:51: warning: declaration of ‘debug_level’ shadows a member of ‘SetAssociativeCache<resize_prMetaTableEntry>’ [-Wshadow]
   31 |   SetAssociativeCache(int size, int num_ways, int debug_level = 0)
      |                                               ~~~~^~~~~~~~~~~~~~~
In file included from prefetcher/resize_pr/resize_pr.h:16,
                 from prefetcher/resize_pr/resize_pr.cc:1:
/mnt/data/lyq/PRISM/inc/prism_framework.h:157:7: note: shadowed declaration is here
  157 |   int debug_level = 0;
      |       ^~~~~~~~~~~
In file included from prefetcher/resize_pr/resize_pr.h:16,
                 from prefetcher/resize_pr/resize_pr.cc:1:
/mnt/data/lyq/PRISM/inc/prism_framework.h:31:37: warning: declaration of ‘num_ways’ shadows a member of ‘SetAssociativeCache<resize_prMetaTableEntry>’ [-Wshadow]
   31 |   SetAssociativeCache(int size, int num_ways, int debug_level = 0)
      |                                 ~~~~^~~~~~~~
In file included from prefetcher/resize_pr/resize_pr.h:16,
                 from prefetcher/resize_pr/resize_pr.cc:1:
/mnt/data/lyq/PRISM/inc/prism_framework.h:152:7: note: shadowed declaration is here
  152 |   int num_ways;
      |       ^~~~~~~~
In file included from prefetcher/resize_pr/resize_pr.h:16,
                 from prefetcher/resize_pr/resize_pr.cc:1:
/mnt/data/lyq/PRISM/inc/prism_framework.h:31:27: warning: declaration of ‘size’ shadows a member of ‘SetAssociativeCache<resize_prMetaTableEntry>’ [-Wshadow]
   31 |   SetAssociativeCache(int size, int num_ways, int debug_level = 0)
      |                       ~~~~^~~~
In file included from prefetcher/resize_pr/resize_pr.h:16,
                 from prefetcher/resize_pr/resize_pr.cc:1:
/mnt/data/lyq/PRISM/inc/prism_framework.h:151:7: note: shadowed declaration is here
  151 |   int size;
      |       ^~~~
In file included from prefetcher/resize_pr/resize_pr.h:16,
                 from prefetcher/resize_pr/resize_pr.cc:1:
/mnt/data/lyq/PRISM/inc/prism_framework.h: In instantiation of ‘SetAssociativeCache<T>::SetAssociativeCache(int, int, int) [with T = std::deque<long unsigned int>]’:
/mnt/data/lyq/PRISM/inc/prism_framework.h:254:155:   required from ‘LRUSetAssociativeCache<T>::LRUSetAssociativeCache(int, int, int) [with T = std::deque<long unsigned int>]’
prefetcher/resize_pr/resize_pr.h:95:137:   required from here
/mnt/data/lyq/PRISM/inc/prism_framework.h:31:51: warning: declaration of ‘debug_level’ shadows a member of ‘SetAssociativeCache<std::deque<long unsigned int> >’ [-Wshadow]
   31 |   SetAssociativeCache(int size, int num_ways, int debug_level = 0)
      |                                               ~~~~^~~~~~~~~~~~~~~
In file included from prefetcher/resize_pr/resize_pr.h:16,
                 from prefetcher/resize_pr/resize_pr.cc:1:
/mnt/data/lyq/PRISM/inc/prism_framework.h:157:7: note: shadowed declaration is here
  157 |   int debug_level = 0;
      |       ^~~~~~~~~~~
In file included from prefetcher/resize_pr/resize_pr.h:16,
                 from prefetcher/resize_pr/resize_pr.cc:1:
/mnt/data/lyq/PRISM/inc/prism_framework.h:31:37: warning: declaration of ‘num_ways’ shadows a member of ‘SetAssociativeCache<std::deque<long unsigned int> >’ [-Wshadow]
   31 |   SetAssociativeCache(int size, int num_ways, int debug_level = 0)
      |                                 ~~~~^~~~~~~~
In file included from prefetcher/resize_pr/resize_pr.h:16,
                 from prefetcher/resize_pr/resize_pr.cc:1:
/mnt/data/lyq/PRISM/inc/prism_framework.h:152:7: note: shadowed declaration is here
  152 |   int num_ways;
      |       ^~~~~~~~
In file included from prefetcher/resize_pr/resize_pr.h:16,
                 from prefetcher/resize_pr/resize_pr.cc:1:
/mnt/data/lyq/PRISM/inc/prism_framework.h:31:27: warning: declaration of ‘size’ shadows a member of ‘SetAssociativeCache<std::deque<long unsigned int> >’ [-Wshadow]
   31 |   SetAssociativeCache(int size, int num_ways, int debug_level = 0)
      |                       ~~~~^~~~
In file included from prefetcher/resize_pr/resize_pr.h:16,
                 from prefetcher/resize_pr/resize_pr.cc:1:
/mnt/data/lyq/PRISM/inc/prism_framework.h:151:7: note: shadowed declaration is here
  151 |   int size;
      |       ^~~~
In file included from prefetcher/resize_tr/resize_tr.h:20,
                 from prefetcher/resize_tr/resize_tr.cc:1:
prefetcher/resize_tr/../triangel/triangel.h: In instantiation of ‘RRIPCacheway<T>::RRIPCacheway(int, const string&) [with T = MetadataEntry; std::string = std::__cxx11::basic_string<char>]’:
prefetcher/resize_tr/../triangel/triangel.h:809:65:   required from here
prefetcher/resize_tr/../triangel/triangel.h:352:49: warning: declaration of ‘owner’ shadows a member of ‘RRIPCacheway<MetadataEntry>’ [-Wshadow]
  352 |   RRIPCacheway(int capacity, const std::string& owner = "unknown"):capacity(capacity), owner(owner), count(0) {}
      |                              ~~~~~~~~~~~~~~~~~~~^~~~~~~~~~~~~~~~~
prefetcher/resize_tr/../triangel/triangel.h:343:15: note: shadowed declaration is here
  343 |   std::string owner;
      |               ^~~~~
prefetcher/resize_tr/../triangel/triangel.h:352:20: warning: declaration of ‘capacity’ shadows a member of ‘RRIPCacheway<MetadataEntry>’ [-Wshadow]
  352 |   RRIPCacheway(int capacity, const std::string& owner = "unknown"):capacity(capacity), owner(owner), count(0) {}
      |                ~~~~^~~~~~~~
prefetcher/resize_tr/../triangel/triangel.h:344:7: note: shadowed declaration is here
  344 |   int capacity;
      |       ^~~~~~~~
prefetcher/resize_tr/../triangel/triangel.h:344:7: warning: ‘RRIPCacheway<MetadataEntry>::capacity’ will be initialized after [-Wreorder]
prefetcher/resize_tr/../triangel/triangel.h:343:15: warning:   ‘std::string RRIPCacheway<MetadataEntry>::owner’ [-Wreorder]
  343 |   std::string owner;
      |               ^~~~~
prefetcher/resize_tr/../triangel/triangel.h:352:3: warning:   when initialized here [-Wreorder]
  352 |   RRIPCacheway(int capacity, const std::string& owner = "unknown"):capacity(capacity), owner(owner), count(0) {}
      |   ^~~~~~~~~~~~
In file included from prefetcher/resize_pr/resize_pr.h:16,
                 from prefetcher/resize_pr/resize_pr.cc:1:
/mnt/data/lyq/PRISM/inc/prism_framework.h:31:51: warning: declaration of ‘debug_level’ shadows a member of ‘SetAssociativeCache<std::deque<long unsigned int> >’ [-Wshadow]
   31 |   SetAssociativeCache(int size, int num_ways, int debug_level = 0)
      |                                               ~~~~^~~~~~~~~~~~~~~
In file included from prefetcher/resize_pr/resize_pr.h:16,
                 from prefetcher/resize_pr/resize_pr.cc:1:
/mnt/data/lyq/PRISM/inc/prism_framework.h:157:7: note: shadowed declaration is here
  157 |   int debug_level = 0;
      |       ^~~~~~~~~~~
In file included from prefetcher/resize_pr/resize_pr.h:16,
                 from prefetcher/resize_pr/resize_pr.cc:1:
/mnt/data/lyq/PRISM/inc/prism_framework.h:31:37: warning: declaration of ‘num_ways’ shadows a member of ‘SetAssociativeCache<std::deque<long unsigned int> >’ [-Wshadow]
   31 |   SetAssociativeCache(int size, int num_ways, int debug_level = 0)
      |                                 ~~~~^~~~~~~~
In file included from prefetcher/resize_pr/resize_pr.h:16,
                 from prefetcher/resize_pr/resize_pr.cc:1:
/mnt/data/lyq/PRISM/inc/prism_framework.h:152:7: note: shadowed declaration is here
  152 |   int num_ways;
      |       ^~~~~~~~
In file included from prefetcher/resize_pr/resize_pr.h:16,
                 from prefetcher/resize_pr/resize_pr.cc:1:
/mnt/data/lyq/PRISM/inc/prism_framework.h:31:27: warning: declaration of ‘size’ shadows a member of ‘SetAssociativeCache<std::deque<long unsigned int> >’ [-Wshadow]
   31 |   SetAssociativeCache(int size, int num_ways, int debug_level = 0)
      |                       ~~~~^~~~
In file included from prefetcher/resize_pr/resize_pr.h:16,
                 from prefetcher/resize_pr/resize_pr.cc:1:
/mnt/data/lyq/PRISM/inc/prism_framework.h:151:7: note: shadowed declaration is here
  151 |   int size;
      |       ^~~~
In file included from prefetcher/resize_pr/resize_pr.h:16,
                 from prefetcher/resize_pr/resize_pr.cc:1:
/mnt/data/lyq/PRISM/inc/prism_framework.h:31:51: warning: declaration of ‘debug_level’ shadows a member of ‘SetAssociativeCache<std::deque<long unsigned int> >’ [-Wshadow]
   31 |   SetAssociativeCache(int size, int num_ways, int debug_level = 0)
      |                                               ~~~~^~~~~~~~~~~~~~~
In file included from prefetcher/resize_pr/resize_pr.h:16,
                 from prefetcher/resize_pr/resize_pr.cc:1:
/mnt/data/lyq/PRISM/inc/prism_framework.h:157:7: note: shadowed declaration is here
  157 |   int debug_level = 0;
      |       ^~~~~~~~~~~
In file included from prefetcher/resize_pr/resize_pr.h:16,
                 from prefetcher/resize_pr/resize_pr.cc:1:
/mnt/data/lyq/PRISM/inc/prism_framework.h:31:37: warning: declaration of ‘num_ways’ shadows a member of ‘SetAssociativeCache<std::deque<long unsigned int> >’ [-Wshadow]
   31 |   SetAssociativeCache(int size, int num_ways, int debug_level = 0)
      |                                 ~~~~^~~~~~~~
In file included from prefetcher/resize_pr/resize_pr.h:16,
                 from prefetcher/resize_pr/resize_pr.cc:1:
/mnt/data/lyq/PRISM/inc/prism_framework.h:152:7: note: shadowed declaration is here
  152 |   int num_ways;
      |       ^~~~~~~~
In file included from prefetcher/resize_pr/resize_pr.h:16,
                 from prefetcher/resize_pr/resize_pr.cc:1:
/mnt/data/lyq/PRISM/inc/prism_framework.h:31:27: warning: declaration of ‘size’ shadows a member of ‘SetAssociativeCache<std::deque<long unsigned int> >’ [-Wshadow]
   31 |   SetAssociativeCache(int size, int num_ways, int debug_level = 0)
      |                       ~~~~^~~~
In file included from prefetcher/resize_pr/resize_pr.h:16,
                 from prefetcher/resize_pr/resize_pr.cc:1:
/mnt/data/lyq/PRISM/inc/prism_framework.h:151:7: note: shadowed declaration is here
  151 |   int size;
      |       ^~~~
prefetcher/resize_tr/../triangel/triangel.h:352:49: warning: declaration of ‘owner’ shadows a member of ‘RRIPCacheway<MetadataEntry>’ [-Wshadow]
  352 |   RRIPCacheway(int capacity, const std::string& owner = "unknown"):capacity(capacity), owner(owner), count(0) {}
      |                              ~~~~~~~~~~~~~~~~~~~^~~~~~~~~~~~~~~~~
prefetcher/resize_tr/../triangel/triangel.h:343:15: note: shadowed declaration is here
  343 |   std::string owner;
      |               ^~~~~
prefetcher/resize_tr/../triangel/triangel.h:352:20: warning: declaration of ‘capacity’ shadows a member of ‘RRIPCacheway<MetadataEntry>’ [-Wshadow]
  352 |   RRIPCacheway(int capacity, const std::string& owner = "unknown"):capacity(capacity), owner(owner), count(0) {}
      |                ~~~~^~~~~~~~
prefetcher/resize_tr/../triangel/triangel.h:344:7: note: shadowed declaration is here
  344 |   int capacity;
      |       ^~~~~~~~
prefetcher/resize_tr/../triangel/triangel.h:352:49: warning: declaration of ‘owner’ shadows a member of ‘RRIPCacheway<MetadataEntry>’ [-Wshadow]
  352 |   RRIPCacheway(int capacity, const std::string& owner = "unknown"):capacity(capacity), owner(owner), count(0) {}
      |                              ~~~~~~~~~~~~~~~~~~~^~~~~~~~~~~~~~~~~
prefetcher/resize_tr/../triangel/triangel.h:343:15: note: shadowed declaration is here
  343 |   std::string owner;
      |               ^~~~~
prefetcher/resize_tr/../triangel/triangel.h:352:20: warning: declaration of ‘capacity’ shadows a member of ‘RRIPCacheway<MetadataEntry>’ [-Wshadow]
  352 |   RRIPCacheway(int capacity, const std::string& owner = "unknown"):capacity(capacity), owner(owner), count(0) {}
      |                ~~~~^~~~~~~~
prefetcher/resize_tr/../triangel/triangel.h:344:7: note: shadowed declaration is here
  344 |   int capacity;
      |       ^~~~~~~~
/mnt/data/lyq/PRISM/inc/prism_framework.h: In instantiation of ‘int LRUSetAssociativeCache<T>::select_victim(uint64_t) [with T = latetp::PCTableEntry; uint64_t = long unsigned int]’:
/mnt/data/lyq/PRISM/inc/prism_framework.h:265:15:   required from here
/mnt/data/lyq/PRISM/inc/prism_framework.h:268:56: warning: conversion from ‘__gnu_cxx::__normal_iterator<long unsigned int*, std::vector<long unsigned int> >::difference_type’ {aka ‘long int’} to ‘int’ may change value [-Wconversion]
  268 |     return min_element(lru_set.begin(), lru_set.end()) - lru_set.begin();
      |            ~~~~~~~~~~~~~~~~~~~~~~~~~~~~~~~~~~~~~~~~~~~~^~~~~~~~~~~~~~~~~
/mnt/data/lyq/PRISM/inc/prism_framework.h: In instantiation of ‘int LRUSetAssociativeCache<T>::select_victim(uint64_t) [with T = latetpMetaTableEntry; uint64_t = long unsigned int]’:
/mnt/data/lyq/PRISM/inc/prism_framework.h:265:15:   required from here
/mnt/data/lyq/PRISM/inc/prism_framework.h:268:56: warning: conversion from ‘__gnu_cxx::__normal_iterator<long unsigned int*, std::vector<long unsigned int> >::difference_type’ {aka ‘long int’} to ‘int’ may change value [-Wconversion]
prefetcher/resize_tr/../triangel/triangel.h: In instantiation of ‘AssociativeCache<T>::AssociativeCache(uint64_t, int, ReplacementPolicy, const string&) [with T = TrainingUnitEntry; uint64_t = long unsigned int; std::string = std::__cxx11::basic_string<char>]’:
prefetcher/resize_tr/../triangel/triangel.h:927:136:   required from here
prefetcher/resize_tr/../triangel/triangel.h:480:39: warning: declaration of ‘ways’ shadows a member of ‘AssociativeCache<TrainingUnitEntry>’ [-Wshadow]
  480 |   AssociativeCache(uint64_t sets, int ways, ReplacementPolicy policy, const std::string& owner = "unknown") : count(0), set_mask(sets - 1), ways(ways), read_n(0), write_n(0)
      |                                   ~~~~^~~~
prefetcher/resize_tr/../triangel/triangel.h:474:12: note: shadowed declaration is here
  474 |   uint64_t ways;
      |            ^~~~
/mnt/data/lyq/PRISM/inc/prism_framework.h: In instantiation of ‘int LRUSetAssociativeCache<T>::select_victim(uint64_t) [with T = inftableMetaTableEntry; uint64_t = long unsigned int]’:
/mnt/data/lyq/PRISM/inc/prism_framework.h:265:15:   required from here
/mnt/data/lyq/PRISM/inc/prism_framework.h:268:56: warning: conversion from ‘__gnu_cxx::__normal_iterator<long unsigned int*, std::vector<long unsigned int> >::difference_type’ {aka ‘long int’} to ‘int’ may change value [-Wconversion]
  268 |     return min_element(lru_set.begin(), lru_set.end()) - lru_set.begin();
      |            ~~~~~~~~~~~~~~~~~~~~~~~~~~~~~~~~~~~~~~~~~~~~^~~~~~~~~~~~~~~~~
In file included from prefetcher/resize/resize.h:16,
                 from prefetcher/resize/resize.cc:1:
/mnt/data/lyq/PRISM/inc/prism_framework.h: In instantiation of ‘SetAssociativeCache<T>::SetAssociativeCache(int, int, int) [with T = resizeMetaTableEntry]’:
/mnt/data/lyq/PRISM/inc/prism_framework.h:422:158:   required from ‘SRRIPSetAssociativeCache<T>::SRRIPSetAssociativeCache(int, int, int) [with T = resizeMetaTableEntry]’
prefetcher/resize/resize.h:55:86:   required from here
/mnt/data/lyq/PRISM/inc/prism_framework.h:31:51: warning: declaration of ‘debug_level’ shadows a member of ‘SetAssociativeCache<resizeMetaTableEntry>’ [-Wshadow]
   31 |   SetAssociativeCache(int size, int num_ways, int debug_level = 0)
      |                                               ~~~~^~~~~~~~~~~~~~~
In file included from prefetcher/resize/resize.h:16,
                 from prefetcher/resize/resize.cc:1:
/mnt/data/lyq/PRISM/inc/prism_framework.h:157:7: note: shadowed declaration is here
  157 |   int debug_level = 0;
      |       ^~~~~~~~~~~
In file included from prefetcher/resize/resize.h:16,
                 from prefetcher/resize/resize.cc:1:
/mnt/data/lyq/PRISM/inc/prism_framework.h:31:37: warning: declaration of ‘num_ways’ shadows a member of ‘SetAssociativeCache<resizeMetaTableEntry>’ [-Wshadow]
   31 |   SetAssociativeCache(int size, int num_ways, int debug_level = 0)
      |                                 ~~~~^~~~~~~~
In file included from prefetcher/resize/resize.h:16,
                 from prefetcher/resize/resize.cc:1:
/mnt/data/lyq/PRISM/inc/prism_framework.h:152:7: note: shadowed declaration is here
  152 |   int num_ways;
      |       ^~~~~~~~
In file included from prefetcher/resize/resize.h:16,
                 from prefetcher/resize/resize.cc:1:
/mnt/data/lyq/PRISM/inc/prism_framework.h:31:27: warning: declaration of ‘size’ shadows a member of ‘SetAssociativeCache<resizeMetaTableEntry>’ [-Wshadow]
   31 |   SetAssociativeCache(int size, int num_ways, int debug_level = 0)
      |                       ~~~~^~~~
In file included from prefetcher/resize/resize.h:16,
                 from prefetcher/resize/resize.cc:1:
/mnt/data/lyq/PRISM/inc/prism_framework.h:151:7: note: shadowed declaration is here
  151 |   int size;
      |       ^~~~
In file included from prefetcher/resize/resize.h:16,
                 from prefetcher/resize/resize.cc:1:
/mnt/data/lyq/PRISM/inc/prism_framework.h:31:51: warning: declaration of ‘debug_level’ shadows a member of ‘SetAssociativeCache<resizeMetaTableEntry>’ [-Wshadow]
   31 |   SetAssociativeCache(int size, int num_ways, int debug_level = 0)
      |                                               ~~~~^~~~~~~~~~~~~~~
In file included from prefetcher/resize/resize.h:16,
                 from prefetcher/resize/resize.cc:1:
/mnt/data/lyq/PRISM/inc/prism_framework.h:157:7: note: shadowed declaration is here
  157 |   int debug_level = 0;
      |       ^~~~~~~~~~~
In file included from prefetcher/resize/resize.h:16,
                 from prefetcher/resize/resize.cc:1:
/mnt/data/lyq/PRISM/inc/prism_framework.h:31:37: warning: declaration of ‘num_ways’ shadows a member of ‘SetAssociativeCache<resizeMetaTableEntry>’ [-Wshadow]
   31 |   SetAssociativeCache(int size, int num_ways, int debug_level = 0)
      |                                 ~~~~^~~~~~~~
In file included from prefetcher/resize/resize.h:16,
                 from prefetcher/resize/resize.cc:1:
/mnt/data/lyq/PRISM/inc/prism_framework.h:152:7: note: shadowed declaration is here
  152 |   int num_ways;
      |       ^~~~~~~~
In file included from prefetcher/resize/resize.h:16,
                 from prefetcher/resize/resize.cc:1:
/mnt/data/lyq/PRISM/inc/prism_framework.h:31:27: warning: declaration of ‘size’ shadows a member of ‘SetAssociativeCache<resizeMetaTableEntry>’ [-Wshadow]
   31 |   SetAssociativeCache(int size, int num_ways, int debug_level = 0)
      |                       ~~~~^~~~
In file included from prefetcher/resize/resize.h:16,
                 from prefetcher/resize/resize.cc:1:
/mnt/data/lyq/PRISM/inc/prism_framework.h:151:7: note: shadowed declaration is here
  151 |   int size;
      |       ^~~~
In file included from prefetcher/resize/resize.h:16,
                 from prefetcher/resize/resize.cc:1:
/mnt/data/lyq/PRISM/inc/prism_framework.h:31:51: warning: declaration of ‘debug_level’ shadows a member of ‘SetAssociativeCache<resizeMetaTableEntry>’ [-Wshadow]
   31 |   SetAssociativeCache(int size, int num_ways, int debug_level = 0)
      |                                               ~~~~^~~~~~~~~~~~~~~
In file included from prefetcher/resize/resize.h:16,
                 from prefetcher/resize/resize.cc:1:
/mnt/data/lyq/PRISM/inc/prism_framework.h:157:7: note: shadowed declaration is here
  157 |   int debug_level = 0;
      |       ^~~~~~~~~~~
In file included from prefetcher/resize/resize.h:16,
                 from prefetcher/resize/resize.cc:1:
/mnt/data/lyq/PRISM/inc/prism_framework.h:31:37: warning: declaration of ‘num_ways’ shadows a member of ‘SetAssociativeCache<resizeMetaTableEntry>’ [-Wshadow]
   31 |   SetAssociativeCache(int size, int num_ways, int debug_level = 0)
      |                                 ~~~~^~~~~~~~
In file included from prefetcher/resize/resize.h:16,
                 from prefetcher/resize/resize.cc:1:
/mnt/data/lyq/PRISM/inc/prism_framework.h:152:7: note: shadowed declaration is here
  152 |   int num_ways;
      |       ^~~~~~~~
In file included from prefetcher/resize/resize.h:16,
                 from prefetcher/resize/resize.cc:1:
/mnt/data/lyq/PRISM/inc/prism_framework.h:31:27: warning: declaration of ‘size’ shadows a member of ‘SetAssociativeCache<resizeMetaTableEntry>’ [-Wshadow]
   31 |   SetAssociativeCache(int size, int num_ways, int debug_level = 0)
      |                       ~~~~^~~~
In file included from prefetcher/resize/resize.h:16,
                 from prefetcher/resize/resize.cc:1:
/mnt/data/lyq/PRISM/inc/prism_framework.h:151:7: note: shadowed declaration is here
  151 |   int size;
      |       ^~~~
In file included from prefetcher/resize/resize.h:16,
                 from prefetcher/resize/resize.cc:1:
/mnt/data/lyq/PRISM/inc/prism_framework.h: In instantiation of ‘SetAssociativeCache<T>::SetAssociativeCache(int, int, int) [with T = std::deque<long unsigned int>]’:
/mnt/data/lyq/PRISM/inc/prism_framework.h:254:155:   required from ‘LRUSetAssociativeCache<T>::LRUSetAssociativeCache(int, int, int) [with T = std::deque<long unsigned int>]’
prefetcher/resize/resize.h:100:137:   required from here
/mnt/data/lyq/PRISM/inc/prism_framework.h:31:51: warning: declaration of ‘debug_level’ shadows a member of ‘SetAssociativeCache<std::deque<long unsigned int> >’ [-Wshadow]
   31 |   SetAssociativeCache(int size, int num_ways, int debug_level = 0)
      |                                               ~~~~^~~~~~~~~~~~~~~
In file included from prefetcher/resize/resize.h:16,
                 from prefetcher/resize/resize.cc:1:
/mnt/data/lyq/PRISM/inc/prism_framework.h:157:7: note: shadowed declaration is here
  157 |   int debug_level = 0;
      |       ^~~~~~~~~~~
In file included from prefetcher/resize/resize.h:16,
                 from prefetcher/resize/resize.cc:1:
/mnt/data/lyq/PRISM/inc/prism_framework.h:31:37: warning: declaration of ‘num_ways’ shadows a member of ‘SetAssociativeCache<std::deque<long unsigned int> >’ [-Wshadow]
   31 |   SetAssociativeCache(int size, int num_ways, int debug_level = 0)
      |                                 ~~~~^~~~~~~~
In file included from prefetcher/resize/resize.h:16,
                 from prefetcher/resize/resize.cc:1:
/mnt/data/lyq/PRISM/inc/prism_framework.h:152:7: note: shadowed declaration is here
  152 |   int num_ways;
      |       ^~~~~~~~
In file included from prefetcher/resize/resize.h:16,
                 from prefetcher/resize/resize.cc:1:
/mnt/data/lyq/PRISM/inc/prism_framework.h:31:27: warning: declaration of ‘size’ shadows a member of ‘SetAssociativeCache<std::deque<long unsigned int> >’ [-Wshadow]
   31 |   SetAssociativeCache(int size, int num_ways, int debug_level = 0)
      |                       ~~~~^~~~
In file included from prefetcher/resize/resize.h:16,
                 from prefetcher/resize/resize.cc:1:
/mnt/data/lyq/PRISM/inc/prism_framework.h:151:7: note: shadowed declaration is here
  151 |   int size;
      |       ^~~~
In file included from prefetcher/resize/resize.h:16,
                 from prefetcher/resize/resize.cc:1:
/mnt/data/lyq/PRISM/inc/prism_framework.h:31:51: warning: declaration of ‘debug_level’ shadows a member of ‘SetAssociativeCache<std::deque<long unsigned int> >’ [-Wshadow]
   31 |   SetAssociativeCache(int size, int num_ways, int debug_level = 0)
      |                                               ~~~~^~~~~~~~~~~~~~~
In file included from prefetcher/resize/resize.h:16,
                 from prefetcher/resize/resize.cc:1:
/mnt/data/lyq/PRISM/inc/prism_framework.h:157:7: note: shadowed declaration is here
  157 |   int debug_level = 0;
      |       ^~~~~~~~~~~
In file included from prefetcher/resize/resize.h:16,
                 from prefetcher/resize/resize.cc:1:
/mnt/data/lyq/PRISM/inc/prism_framework.h:31:37: warning: declaration of ‘num_ways’ shadows a member of ‘SetAssociativeCache<std::deque<long unsigned int> >’ [-Wshadow]
   31 |   SetAssociativeCache(int size, int num_ways, int debug_level = 0)
      |                                 ~~~~^~~~~~~~
In file included from prefetcher/resize/resize.h:16,
                 from prefetcher/resize/resize.cc:1:
/mnt/data/lyq/PRISM/inc/prism_framework.h:152:7: note: shadowed declaration is here
  152 |   int num_ways;
      |       ^~~~~~~~
In file included from prefetcher/resize/resize.h:16,
                 from prefetcher/resize/resize.cc:1:
/mnt/data/lyq/PRISM/inc/prism_framework.h:31:27: warning: declaration of ‘size’ shadows a member of ‘SetAssociativeCache<std::deque<long unsigned int> >’ [-Wshadow]
   31 |   SetAssociativeCache(int size, int num_ways, int debug_level = 0)
      |                       ~~~~^~~~
In file included from prefetcher/resize/resize.h:16,
                 from prefetcher/resize/resize.cc:1:
/mnt/data/lyq/PRISM/inc/prism_framework.h:151:7: note: shadowed declaration is here
  151 |   int size;
      |       ^~~~
In file included from prefetcher/resize/resize.h:16,
                 from prefetcher/resize/resize.cc:1:
/mnt/data/lyq/PRISM/inc/prism_framework.h:31:51: warning: declaration of ‘debug_level’ shadows a member of ‘SetAssociativeCache<std::deque<long unsigned int> >’ [-Wshadow]
   31 |   SetAssociativeCache(int size, int num_ways, int debug_level = 0)
      |                                               ~~~~^~~~~~~~~~~~~~~
In file included from prefetcher/resize/resize.h:16,
                 from prefetcher/resize/resize.cc:1:
/mnt/data/lyq/PRISM/inc/prism_framework.h:157:7: note: shadowed declaration is here
  157 |   int debug_level = 0;
      |       ^~~~~~~~~~~
In file included from prefetcher/resize/resize.h:16,
                 from prefetcher/resize/resize.cc:1:
/mnt/data/lyq/PRISM/inc/prism_framework.h:31:37: warning: declaration of ‘num_ways’ shadows a member of ‘SetAssociativeCache<std::deque<long unsigned int> >’ [-Wshadow]
   31 |   SetAssociativeCache(int size, int num_ways, int debug_level = 0)
      |                                 ~~~~^~~~~~~~
In file included from prefetcher/resize/resize.h:16,
                 from prefetcher/resize/resize.cc:1:
/mnt/data/lyq/PRISM/inc/prism_framework.h:152:7: note: shadowed declaration is here
  152 |   int num_ways;
      |       ^~~~~~~~
In file included from prefetcher/resize/resize.h:16,
                 from prefetcher/resize/resize.cc:1:
/mnt/data/lyq/PRISM/inc/prism_framework.h:31:27: warning: declaration of ‘size’ shadows a member of ‘SetAssociativeCache<std::deque<long unsigned int> >’ [-Wshadow]
   31 |   SetAssociativeCache(int size, int num_ways, int debug_level = 0)
      |                       ~~~~^~~~
In file included from prefetcher/resize/resize.h:16,
                 from prefetcher/resize/resize.cc:1:
/mnt/data/lyq/PRISM/inc/prism_framework.h:151:7: note: shadowed declaration is here
  151 |   int size;
      |       ^~~~
prefetcher/resize_tr/../triangel/triangel.h:480:39: warning: declaration of ‘ways’ shadows a member of ‘AssociativeCache<TrainingUnitEntry>’ [-Wshadow]
  480 |   AssociativeCache(uint64_t sets, int ways, ReplacementPolicy policy, const std::string& owner = "unknown") : count(0), set_mask(sets - 1), ways(ways), read_n(0), write_n(0)
      |                                   ~~~~^~~~
prefetcher/resize_tr/../triangel/triangel.h:474:12: note: shadowed declaration is here
  474 |   uint64_t ways;
      |            ^~~~
prefetcher/resize_tr/../triangel/triangel.h:480:39: warning: declaration of ‘ways’ shadows a member of ‘AssociativeCache<TrainingUnitEntry>’ [-Wshadow]
  480 |   AssociativeCache(uint64_t sets, int ways, ReplacementPolicy policy, const std::string& owner = "unknown") : count(0), set_mask(sets - 1), ways(ways), read_n(0), write_n(0)
      |                                   ~~~~^~~~
prefetcher/resize_tr/../triangel/triangel.h:474:12: note: shadowed declaration is here
  474 |   uint64_t ways;
      |            ^~~~
prefetcher/resize_tr/../triangel/triangel.h: In instantiation of ‘AssociativeCache<T>::AssociativeCache(uint64_t, int, ReplacementPolicy, const string&) [with T = HistorySamplerEntry; uint64_t = long unsigned int; std::string = std::__cxx11::basic_string<char>]’:
prefetcher/resize_tr/../triangel/triangel.h:928:140:   required from here
prefetcher/resize_tr/../triangel/triangel.h:480:39: warning: declaration of ‘ways’ shadows a member of ‘AssociativeCache<HistorySamplerEntry>’ [-Wshadow]
  480 |   AssociativeCache(uint64_t sets, int ways, ReplacementPolicy policy, const std::string& owner = "unknown") : count(0), set_mask(sets - 1), ways(ways), read_n(0), write_n(0)
      |                                   ~~~~^~~~
prefetcher/resize_tr/../triangel/triangel.h:474:12: note: shadowed declaration is here
  474 |   uint64_t ways;
      |            ^~~~
prefetcher/croage/croage.h: In instantiation of ‘CroageRepl<T>::CroageRepl(CroageRepl<T>&&) [with T = long unsigned int]’:
/usr/include/c++/11/ext/new_allocator.h:162:4:   required from ‘void __gnu_cxx::new_allocator<_Tp>::construct(_Up*, _Args&& ...) [with _Up = CroageRepl<long unsigned int>; _Args = {CroageRepl<long unsigned int>}; _Tp = CroageRepl<long unsigned int>]’
/usr/include/c++/11/bits/alloc_traits.h:516:17:   required from ‘static void std::allocator_traits<std::allocator<_CharT> >::construct(std::allocator_traits<std::allocator<_CharT> >::allocator_type&, _Up*, _Args&& ...) [with _Up = CroageRepl<long unsigned int>; _Args = {CroageRepl<long unsigned int>}; _Tp = CroageRepl<long unsigned int>; std::allocator_traits<std::allocator<_CharT> >::allocator_type = std::allocator<CroageRepl<long unsigned int> >]’
/usr/include/c++/11/bits/stl_uninitialized.h:994:26:   required from ‘void std::__relocate_object_a(_Tp*, _Up*, _Allocator&) [with _Tp = CroageRepl<long unsigned int>; _Up = CroageRepl<long unsigned int>; _Allocator = std::allocator<CroageRepl<long unsigned int> >]’
/usr/include/c++/11/bits/stl_uninitialized.h:1032:26:   required from ‘_ForwardIterator std::__relocate_a_1(_InputIterator, _InputIterator, _ForwardIterator, _Allocator&) [with _InputIterator = CroageRepl<long unsigned int>*; _ForwardIterator = CroageRepl<long unsigned int>*; _Allocator = std::allocator<CroageRepl<long unsigned int> >]’
/usr/include/c++/11/bits/stl_uninitialized.h:1046:28:   required from ‘_ForwardIterator std::__relocate_a(_InputIterator, _InputIterator, _ForwardIterator, _Allocator&) [with _InputIterator = CroageRepl<long unsigned int>*; _ForwardIterator = CroageRepl<long unsigned int>*; _Allocator = std::allocator<CroageRepl<long unsigned int> >]’
/usr/include/c++/11/bits/stl_vector.h:456:26:   required from ‘static std::vector<_Tp, _Alloc>::pointer std::vector<_Tp, _Alloc>::_S_do_relocate(std::vector<_Tp, _Alloc>::pointer, std::vector<_Tp, _Alloc>::pointer, std::vector<_Tp, _Alloc>::pointer, std::vector<_Tp, _Alloc>::_Tp_alloc_type&, std::true_type) [with _Tp = CroageRepl<long unsigned int>; _Alloc = std::allocator<CroageRepl<long unsigned int> >; std::vector<_Tp, _Alloc>::pointer = CroageRepl<long unsigned int>*; std::vector<_Tp, _Alloc>::_Tp_alloc_type = std::vector<CroageRepl<long unsigned int> >::_Tp_alloc_type; std::true_type = std::integral_constant<bool, true>]’
/usr/include/c++/11/bits/stl_vector.h:469:23:   required from ‘static std::vector<_Tp, _Alloc>::pointer std::vector<_Tp, _Alloc>::_S_relocate(std::vector<_Tp, _Alloc>::pointer, std::vector<_Tp, _Alloc>::pointer, std::vector<_Tp, _Alloc>::pointer, std::vector<_Tp, _Alloc>::_Tp_alloc_type&) [with _Tp = CroageRepl<long unsigned int>; _Alloc = std::allocator<CroageRepl<long unsigned int> >; std::vector<_Tp, _Alloc>::pointer = CroageRepl<long unsigned int>*; std::vector<_Tp, _Alloc>::_Tp_alloc_type = std::vector<CroageRepl<long unsigned int> >::_Tp_alloc_type]’
/usr/include/c++/11/bits/vector.tcc:79:19:   required from ‘void std::vector<_Tp, _Alloc>::reserve(std::vector<_Tp, _Alloc>::size_type) [with _Tp = CroageRepl<long unsigned int>; _Alloc = std::allocator<CroageRepl<long unsigned int> >; std::vector<_Tp, _Alloc>::size_type = long unsigned int]’
prefetcher/croage/croage.h:811:17:   required from here
prefetcher/croage/croage.h:429:7: warning: ‘CroageRepl<long unsigned int>::capacity’ will be initialized after [-Wreorder]
prefetcher/croage/croage.h:427:41: warning:   ‘std::unordered_map<long unsigned int, CroageRepl<long unsigned int>::DLinkedNode*, std::hash<long unsigned int>, std::equal_to<long unsigned int>, std::allocator<std::pair<const long unsigned int, CroageRepl<long unsigned int>::DLinkedNode*> > > CroageRepl<long unsigned int>::cache’ [-Wreorder]
  427 |   unordered_map<uint64_t, DLinkedNode*> cache;
      |                                         ^~~~~
prefetcher/croage/croage.h:476:3: warning:   when initialized here [-Wreorder]
  476 |   CroageRepl(CroageRepl&& other) noexcept : count(other.count), capacity(other.capacity), cache(std::move(other.cache)), head(other.head), tail(other.tail)
      |   ^~~~~~~~~~
prefetcher/resize_tr/../triangel/triangel.h:480:39: warning: declaration of ‘ways’ shadows a member of ‘AssociativeCache<HistorySamplerEntry>’ [-Wshadow]
  480 |   AssociativeCache(uint64_t sets, int ways, ReplacementPolicy policy, const std::string& owner = "unknown") : count(0), set_mask(sets - 1), ways(ways), read_n(0), write_n(0)
      |                                   ~~~~^~~~
prefetcher/resize_tr/../triangel/triangel.h:474:12: note: shadowed declaration is here
  474 |   uint64_t ways;
      |            ^~~~
prefetcher/resize_tr/../triangel/triangel.h:480:39: warning: declaration of ‘ways’ shadows a member of ‘AssociativeCache<HistorySamplerEntry>’ [-Wshadow]
  480 |   AssociativeCache(uint64_t sets, int ways, ReplacementPolicy policy, const std::string& owner = "unknown") : count(0), set_mask(sets - 1), ways(ways), read_n(0), write_n(0)
      |                                   ~~~~^~~~
prefetcher/resize_tr/../triangel/triangel.h:474:12: note: shadowed declaration is here
  474 |   uint64_t ways;
      |            ^~~~
prefetcher/resize_tr/../triangel/triangel.h: In instantiation of ‘AssociativeCache<T>::AssociativeCache(uint64_t, int, ReplacementPolicy, const string&) [with T = SecondChanceSamplerEntry; uint64_t = long unsigned int; std::string = std::__cxx11::basic_string<char>]’:
prefetcher/resize_tr/../triangel/triangel.h:929:151:   required from here
prefetcher/resize_tr/../triangel/triangel.h:480:39: warning: declaration of ‘ways’ shadows a member of ‘AssociativeCache<SecondChanceSamplerEntry>’ [-Wshadow]
  480 |   AssociativeCache(uint64_t sets, int ways, ReplacementPolicy policy, const std::string& owner = "unknown") : count(0), set_mask(sets - 1), ways(ways), read_n(0), write_n(0)
      |                                   ~~~~^~~~
prefetcher/resize_tr/../triangel/triangel.h:474:12: note: shadowed declaration is here
  474 |   uint64_t ways;
      |            ^~~~
In file included from /mnt/data/lyq/PRISM/prefetcher/prism/prism.h:18,
                 from .csconfig/core_inst.cc.inc:12,
                 from src/generated_environment.cc:28:
/mnt/data/lyq/PRISM/inc/prism_framework.h: In constructor ‘SetAssociativeCache<T>::SetAssociativeCache(int, int, int)’:
/mnt/data/lyq/PRISM/inc/prism_framework.h:31:51: warning: declaration of ‘debug_level’ shadows a member of ‘SetAssociativeCache<T>’ [-Wshadow]
   31 |   SetAssociativeCache(int size, int num_ways, int debug_level = 0)
      |                                               ~~~~^~~~~~~~~~~~~~~
In file included from /mnt/data/lyq/PRISM/prefetcher/prism/prism.h:18,
                 from .csconfig/core_inst.cc.inc:12,
                 from src/generated_environment.cc:28:
/mnt/data/lyq/PRISM/inc/prism_framework.h:157:7: note: shadowed declaration is here
  157 |   int debug_level = 0;
      |       ^~~~~~~~~~~
In file included from /mnt/data/lyq/PRISM/prefetcher/prism/prism.h:18,
                 from .csconfig/core_inst.cc.inc:12,
                 from src/generated_environment.cc:28:
/mnt/data/lyq/PRISM/inc/prism_framework.h:31:37: warning: declaration of ‘num_ways’ shadows a member of ‘SetAssociativeCache<T>’ [-Wshadow]
   31 |   SetAssociativeCache(int size, int num_ways, int debug_level = 0)
      |                                 ~~~~^~~~~~~~
In file included from /mnt/data/lyq/PRISM/prefetcher/prism/prism.h:18,
                 from .csconfig/core_inst.cc.inc:12,
                 from src/generated_environment.cc:28:
/mnt/data/lyq/PRISM/inc/prism_framework.h:152:7: note: shadowed declaration is here
  152 |   int num_ways;
      |       ^~~~~~~~
In file included from /mnt/data/lyq/PRISM/prefetcher/prism/prism.h:18,
                 from .csconfig/core_inst.cc.inc:12,
                 from src/generated_environment.cc:28:
/mnt/data/lyq/PRISM/inc/prism_framework.h:31:27: warning: declaration of ‘size’ shadows a member of ‘SetAssociativeCache<T>’ [-Wshadow]
   31 |   SetAssociativeCache(int size, int num_ways, int debug_level = 0)
      |                       ~~~~^~~~
In file included from /mnt/data/lyq/PRISM/prefetcher/prism/prism.h:18,
                 from .csconfig/core_inst.cc.inc:12,
                 from src/generated_environment.cc:28:
/mnt/data/lyq/PRISM/inc/prism_framework.h:151:7: note: shadowed declaration is here
  151 |   int size;
      |       ^~~~
/mnt/data/lyq/PRISM/inc/prism_framework.h: In instantiation of ‘int LRUSetAssociativeCache<T>::select_victim(uint64_t) [with T = long unsigned int; uint64_t = long unsigned int]’:
/mnt/data/lyq/PRISM/inc/prism_framework.h:265:15:   required from here
/mnt/data/lyq/PRISM/inc/prism_framework.h:268:56: warning: conversion from ‘__gnu_cxx::__normal_iterator<long unsigned int*, std::vector<long unsigned int> >::difference_type’ {aka ‘long int’} to ‘int’ may change value [-Wconversion]
  268 |     return min_element(lru_set.begin(), lru_set.end()) - lru_set.begin();
      |            ~~~~~~~~~~~~~~~~~~~~~~~~~~~~~~~~~~~~~~~~~~~~^~~~~~~~~~~~~~~~~
/mnt/data/lyq/PRISM/inc/prism_framework.h: In instantiation of ‘int LRUSetAssociativeCache<T>::select_victim(uint64_t) [with T = ProphetMRBTableEntry; uint64_t = long unsigned int]’:
/mnt/data/lyq/PRISM/inc/prism_framework.h:265:15:   required from here
/mnt/data/lyq/PRISM/inc/prism_framework.h:268:56: warning: conversion from ‘__gnu_cxx::__normal_iterator<long unsigned int*, std::vector<long unsigned int> >::difference_type’ {aka ‘long int’} to ‘int’ may change value [-Wconversion]
/mnt/data/lyq/PRISM/inc/prism_framework.h: In instantiation of ‘int LRUSetAssociativeCache<T>::select_victim(uint64_t) [with T = ProphetMetaTableEntry; uint64_t = long unsigned int]’:
/mnt/data/lyq/PRISM/inc/prism_framework.h:265:15:   required from here
/mnt/data/lyq/PRISM/inc/prism_framework.h:268:56: warning: conversion from ‘__gnu_cxx::__normal_iterator<long unsigned int*, std::vector<long unsigned int> >::difference_type’ {aka ‘long int’} to ‘int’ may change value [-Wconversion]
In file included from src/cache.cc:17:
/mnt/data/lyq/PRISM/inc/cache.h: In constructor ‘CACHE::CACHE(CACHE&&)’:
/mnt/data/lyq/PRISM/inc/cache.h:171:12: warning: ‘CACHE::available_ways’ will be initialized after [-Wreorder]
  171 |   uint32_t available_ways;  // 可用路数
      |            ^~~~~~~~~~~~~~
/mnt/data/lyq/PRISM/inc/cache.h:169:30: warning:   ‘uint32_t CACHE::MSHR_SIZE’ [-Wreorder]
  169 |   uint32_t NUM_SET, NUM_WAY, MSHR_SIZE;
      |                              ^~~~~~~~~
src/cache.cc:36:1: warning:   when initialized here [-Wreorder]
   36 | CACHE::CACHE(CACHE&& other)
      | ^~~~~
prefetcher/resize_tr/../triangel/triangel.h:480:39: warning: declaration of ‘ways’ shadows a member of ‘AssociativeCache<SecondChanceSamplerEntry>’ [-Wshadow]
  480 |   AssociativeCache(uint64_t sets, int ways, ReplacementPolicy policy, const std::string& owner = "unknown") : count(0), set_mask(sets - 1), ways(ways), read_n(0), write_n(0)
      |                                   ~~~~^~~~
prefetcher/resize_tr/../triangel/triangel.h:474:12: note: shadowed declaration is here
  474 |   uint64_t ways;
      |            ^~~~
prefetcher/resize_tr/../triangel/triangel.h:480:39: warning: declaration of ‘ways’ shadows a member of ‘AssociativeCache<SecondChanceSamplerEntry>’ [-Wshadow]
  480 |   AssociativeCache(uint64_t sets, int ways, ReplacementPolicy policy, const std::string& owner = "unknown") : count(0), set_mask(sets - 1), ways(ways), read_n(0), write_n(0)
      |                                   ~~~~^~~~
prefetcher/resize_tr/../triangel/triangel.h:474:12: note: shadowed declaration is here
  474 |   uint64_t ways;
      |            ^~~~
prefetcher/resize_tr/../triangel/triangel.h: In instantiation of ‘AssociativeCache<T>::AssociativeCache(uint64_t, int, ReplacementPolicy, const string&) [with T = MetadataEntry; uint64_t = long unsigned int; std::string = std::__cxx11::basic_string<char>]’:
prefetcher/resize_tr/../triangel/triangel.h:930:129:   required from here
prefetcher/resize_tr/../triangel/triangel.h:480:39: warning: declaration of ‘ways’ shadows a member of ‘AssociativeCache<MetadataEntry>’ [-Wshadow]
  480 |   AssociativeCache(uint64_t sets, int ways, ReplacementPolicy policy, const std::string& owner = "unknown") : count(0), set_mask(sets - 1), ways(ways), read_n(0), write_n(0)
      |                                   ~~~~^~~~
prefetcher/resize_tr/../triangel/triangel.h:474:12: note: shadowed declaration is here
  474 |   uint64_t ways;
      |            ^~~~
/mnt/data/lyq/PRISM/inc/prism_framework.h: In member function ‘void SetAssociativeCache<T>::set_debug_level(int)’:
/mnt/data/lyq/PRISM/inc/prism_framework.h:123:28: warning: declaration of ‘debug_level’ shadows a member of ‘SetAssociativeCache<T>’ [-Wshadow]
  123 |   void set_debug_level(int debug_level) { this->debug_level = debug_level; }
      |                        ~~~~^~~~~~~~~~~
/mnt/data/lyq/PRISM/inc/prism_framework.h:157:7: note: shadowed declaration is here
  157 |   int debug_level = 0;
      |       ^~~~~~~~~~~
prefetcher/resize_tr/../triangel/triangel.h:480:39: warning: declaration of ‘ways’ shadows a member of ‘AssociativeCache<MetadataEntry>’ [-Wshadow]
  480 |   AssociativeCache(uint64_t sets, int ways, ReplacementPolicy policy, const std::string& owner = "unknown") : count(0), set_mask(sets - 1), ways(ways), read_n(0), write_n(0)
      |                                   ~~~~^~~~
prefetcher/resize_tr/../triangel/triangel.h:474:12: note: shadowed declaration is here
  474 |   uint64_t ways;
      |            ^~~~
prefetcher/resize_tr/../triangel/triangel.h:480:39: warning: declaration of ‘ways’ shadows a member of ‘AssociativeCache<MetadataEntry>’ [-Wshadow]
  480 |   AssociativeCache(uint64_t sets, int ways, ReplacementPolicy policy, const std::string& owner = "unknown") : count(0), set_mask(sets - 1), ways(ways), read_n(0), write_n(0)
      |                                   ~~~~^~~~
prefetcher/resize_tr/../triangel/triangel.h:474:12: note: shadowed declaration is here
  474 |   uint64_t ways;
      |            ^~~~
In file included from prefetcher/resize_tr/resize_tr.h:16,
                 from prefetcher/resize_tr/resize_tr.cc:1:
/mnt/data/lyq/PRISM/inc/prism_framework.h: In instantiation of ‘SRRIPSetAssociativeCache<T>::SRRIPSetAssociativeCache(int, int, int) [with T = resize_trMetaTableEntry]’:
prefetcher/resize_tr/resize_tr.h:56:89:   required from here
/mnt/data/lyq/PRISM/inc/prism_framework.h:422:56: warning: declaration of ‘debug_level’ shadows a member of ‘SRRIPSetAssociativeCache<resize_trMetaTableEntry>’ [-Wshadow]
  422 |   SRRIPSetAssociativeCache(int size, int num_ways, int debug_level = 0) : Super(size, num_ways, debug_level), rrpv(this->num_sets, vector<uint64_t>(num_ways))
      |                                                    ~~~~^~~~~~~~~~~~~~~
/mnt/data/lyq/PRISM/inc/prism_framework.h:157:7: note: shadowed declaration is here
  157 |   int debug_level = 0;
      |       ^~~~~~~~~~~
/mnt/data/lyq/PRISM/inc/prism_framework.h:422:42: warning: declaration of ‘num_ways’ shadows a member of ‘SRRIPSetAssociativeCache<resize_trMetaTableEntry>’ [-Wshadow]
  422 |   SRRIPSetAssociativeCache(int size, int num_ways, int debug_level = 0) : Super(size, num_ways, debug_level), rrpv(this->num_sets, vector<uint64_t>(num_ways))
      |                                      ~~~~^~~~~~~~
/mnt/data/lyq/PRISM/inc/prism_framework.h:152:7: note: shadowed declaration is here
  152 |   int num_ways;
      |       ^~~~~~~~
/mnt/data/lyq/PRISM/inc/prism_framework.h:422:32: warning: declaration of ‘size’ shadows a member of ‘SRRIPSetAssociativeCache<resize_trMetaTableEntry>’ [-Wshadow]
  422 |   SRRIPSetAssociativeCache(int size, int num_ways, int debug_level = 0) : Super(size, num_ways, debug_level), rrpv(this->num_sets, vector<uint64_t>(num_ways))
      |                            ~~~~^~~~
/mnt/data/lyq/PRISM/inc/prism_framework.h:151:7: note: shadowed declaration is here
  151 |   int size;
      |       ^~~~
/mnt/data/lyq/PRISM/inc/prism_framework.h:422:56: warning: declaration of ‘debug_level’ shadows a member of ‘SRRIPSetAssociativeCache<resize_trMetaTableEntry>’ [-Wshadow]
  422 |   SRRIPSetAssociativeCache(int size, int num_ways, int debug_level = 0) : Super(size, num_ways, debug_level), rrpv(this->num_sets, vector<uint64_t>(num_ways))
      |                                                    ~~~~^~~~~~~~~~~~~~~
/mnt/data/lyq/PRISM/inc/prism_framework.h:157:7: note: shadowed declaration is here
  157 |   int debug_level = 0;
      |       ^~~~~~~~~~~
/mnt/data/lyq/PRISM/inc/prism_framework.h:422:42: warning: declaration of ‘num_ways’ shadows a member of ‘SRRIPSetAssociativeCache<resize_trMetaTableEntry>’ [-Wshadow]
  422 |   SRRIPSetAssociativeCache(int size, int num_ways, int debug_level = 0) : Super(size, num_ways, debug_level), rrpv(this->num_sets, vector<uint64_t>(num_ways))
      |                                      ~~~~^~~~~~~~
/mnt/data/lyq/PRISM/inc/prism_framework.h:152:7: note: shadowed declaration is here
  152 |   int num_ways;
      |       ^~~~~~~~
/mnt/data/lyq/PRISM/inc/prism_framework.h:422:32: warning: declaration of ‘size’ shadows a member of ‘SRRIPSetAssociativeCache<resize_trMetaTableEntry>’ [-Wshadow]
  422 |   SRRIPSetAssociativeCache(int size, int num_ways, int debug_level = 0) : Super(size, num_ways, debug_level), rrpv(this->num_sets, vector<uint64_t>(num_ways))
      |                            ~~~~^~~~
/mnt/data/lyq/PRISM/inc/prism_framework.h:151:7: note: shadowed declaration is here
  151 |   int size;
      |       ^~~~
/mnt/data/lyq/PRISM/inc/prism_framework.h:422:56: warning: declaration of ‘debug_level’ shadows a member of ‘SRRIPSetAssociativeCache<resize_trMetaTableEntry>’ [-Wshadow]
  422 |   SRRIPSetAssociativeCache(int size, int num_ways, int debug_level = 0) : Super(size, num_ways, debug_level), rrpv(this->num_sets, vector<uint64_t>(num_ways))
      |                                                    ~~~~^~~~~~~~~~~~~~~
/mnt/data/lyq/PRISM/inc/prism_framework.h:157:7: note: shadowed declaration is here
  157 |   int debug_level = 0;
      |       ^~~~~~~~~~~
/mnt/data/lyq/PRISM/inc/prism_framework.h:422:42: warning: declaration of ‘num_ways’ shadows a member of ‘SRRIPSetAssociativeCache<resize_trMetaTableEntry>’ [-Wshadow]
  422 |   SRRIPSetAssociativeCache(int size, int num_ways, int debug_level = 0) : Super(size, num_ways, debug_level), rrpv(this->num_sets, vector<uint64_t>(num_ways))
      |                                      ~~~~^~~~~~~~
/mnt/data/lyq/PRISM/inc/prism_framework.h:152:7: note: shadowed declaration is here
  152 |   int num_ways;
      |       ^~~~~~~~
/mnt/data/lyq/PRISM/inc/prism_framework.h:422:32: warning: declaration of ‘size’ shadows a member of ‘SRRIPSetAssociativeCache<resize_trMetaTableEntry>’ [-Wshadow]
  422 |   SRRIPSetAssociativeCache(int size, int num_ways, int debug_level = 0) : Super(size, num_ways, debug_level), rrpv(this->num_sets, vector<uint64_t>(num_ways))
      |                            ~~~~^~~~
/mnt/data/lyq/PRISM/inc/prism_framework.h:151:7: note: shadowed declaration is here
  151 |   int size;
      |       ^~~~
In file included from .csconfig/core_inst.cc.inc:12,
                 from src/generated_environment.cc:28:
/mnt/data/lyq/PRISM/prefetcher/prism/prism.h: In constructor ‘prismPCAddressTable::prismPCAddressTable(int, int)’:
/mnt/data/lyq/PRISM/prefetcher/prism/prism.h:89:37: warning: declaration of ‘num_ways’ shadows a member of ‘prismPCAddressTable’ [-Wshadow]
   89 |   prismPCAddressTable(int size, int num_ways) : alloc_sets(0), max_sets(MAX_WAY_PAT * N_LLC_SET), Super(size, num_ways) {}
      |                                 ~~~~^~~~~~~~
In file included from /mnt/data/lyq/PRISM/prefetcher/prism/prism.h:18,
                 from .csconfig/core_inst.cc.inc:12,
                 from src/generated_environment.cc:28:
/mnt/data/lyq/PRISM/inc/prism_framework.h:152:7: note: shadowed declaration is here
  152 |   int num_ways;
      |       ^~~~~~~~
In file included from .csconfig/core_inst.cc.inc:12,
                 from src/generated_environment.cc:28:
/mnt/data/lyq/PRISM/prefetcher/prism/prism.h:89:27: warning: declaration of ‘size’ shadows a member of ‘prismPCAddressTable’ [-Wshadow]
   89 |   prismPCAddressTable(int size, int num_ways) : alloc_sets(0), max_sets(MAX_WAY_PAT * N_LLC_SET), Super(size, num_ways) {}
      |                       ~~~~^~~~
In file included from /mnt/data/lyq/PRISM/prefetcher/prism/prism.h:18,
                 from .csconfig/core_inst.cc.inc:12,
                 from src/generated_environment.cc:28:
/mnt/data/lyq/PRISM/inc/prism_framework.h:151:7: note: shadowed declaration is here
  151 |   int size;
      |       ^~~~
In file included from .csconfig/core_inst.cc.inc:12,
                 from src/generated_environment.cc:28:
/mnt/data/lyq/PRISM/prefetcher/prism/prism.h:87:7: warning: ‘prismPCAddressTable::max_sets’ will be initialized after [-Wreorder]
   87 |   int max_sets;
      |       ^~~~~~~~
/mnt/data/lyq/PRISM/prefetcher/prism/prism.h:89:119: warning:   base ‘SRRIPSetAssociativeCache<MetaTableEntry>’ [-Wreorder]
   89 |   prismPCAddressTable(int size, int num_ways) : alloc_sets(0), max_sets(MAX_WAY_PAT * N_LLC_SET), Super(size, num_ways) {}
      |                                                                                                                       ^
/mnt/data/lyq/PRISM/prefetcher/prism/prism.h:89:3: warning:   when initialized here [-Wreorder]
   89 |   prismPCAddressTable(int size, int num_ways) : alloc_sets(0), max_sets(MAX_WAY_PAT * N_LLC_SET), Super(size, num_ways) {}
      |   ^~~~~~~~~~~~~~~~~~~
/mnt/data/lyq/PRISM/inc/prism_framework.h: In instantiation of ‘LRUSetAssociativeCache<T>::LRUSetAssociativeCache(int, int, int) [with T = std::deque<long unsigned int>]’:
prefetcher/resize_tr/resize_tr.h:106:137:   required from here
/mnt/data/lyq/PRISM/inc/prism_framework.h:254:54: warning: declaration of ‘debug_level’ shadows a member of ‘LRUSetAssociativeCache<std::deque<long unsigned int> >’ [-Wshadow]
  254 |   LRUSetAssociativeCache(int size, int num_ways, int debug_level = 0) : Super(size, num_ways, debug_level), lru(this->num_sets, vector<uint64_t>(num_ways)) {}
      |                                                  ~~~~^~~~~~~~~~~~~~~
/mnt/data/lyq/PRISM/inc/prism_framework.h:157:7: note: shadowed declaration is here
  157 |   int debug_level = 0;
      |       ^~~~~~~~~~~
/mnt/data/lyq/PRISM/inc/prism_framework.h:254:40: warning: declaration of ‘num_ways’ shadows a member of ‘LRUSetAssociativeCache<std::deque<long unsigned int> >’ [-Wshadow]
  254 |   LRUSetAssociativeCache(int size, int num_ways, int debug_level = 0) : Super(size, num_ways, debug_level), lru(this->num_sets, vector<uint64_t>(num_ways)) {}
      |                                    ~~~~^~~~~~~~
/mnt/data/lyq/PRISM/inc/prism_framework.h:152:7: note: shadowed declaration is here
  152 |   int num_ways;
      |       ^~~~~~~~
/mnt/data/lyq/PRISM/inc/prism_framework.h:254:30: warning: declaration of ‘size’ shadows a member of ‘LRUSetAssociativeCache<std::deque<long unsigned int> >’ [-Wshadow]
  254 |   LRUSetAssociativeCache(int size, int num_ways, int debug_level = 0) : Super(size, num_ways, debug_level), lru(this->num_sets, vector<uint64_t>(num_ways)) {}
      |                          ~~~~^~~~
/mnt/data/lyq/PRISM/prefetcher/prism/prism.h: In constructor ‘prismPCAddressTable::prismPCAddressTable(int, int)’:
/mnt/data/lyq/PRISM/prefetcher/prism/prism.h:89:37: warning: declaration of ‘num_ways’ shadows a member of ‘prismPCAddressTable’ [-Wshadow]
   89 |   prismPCAddressTable(int size, int num_ways) : alloc_sets(0), max_sets(MAX_WAY_PAT * N_LLC_SET), Super(size, num_ways) {}
      |                                 ~~~~^~~~~~~~
/mnt/data/lyq/PRISM/inc/prism_framework.h:151:7: note: shadowed declaration is here
  151 |   int size;
      |       ^~~~
In file included from /mnt/data/lyq/PRISM/prefetcher/prism/prism.h:18,
                 from .csconfig/core_inst.cc.inc:12,
                 from src/generated_environment.cc:28:
/mnt/data/lyq/PRISM/inc/prism_framework.h:152:7: note: shadowed declaration is here
  152 |   int num_ways;
      |       ^~~~~~~~
In file included from .csconfig/core_inst.cc.inc:12,
                 from src/generated_environment.cc:28:
/mnt/data/lyq/PRISM/prefetcher/prism/prism.h:89:27: warning: declaration of ‘size’ shadows a member of ‘prismPCAddressTable’ [-Wshadow]
   89 |   prismPCAddressTable(int size, int num_ways) : alloc_sets(0), max_sets(MAX_WAY_PAT * N_LLC_SET), Super(size, num_ways) {}
      |                       ~~~~^~~~
In file included from /mnt/data/lyq/PRISM/prefetcher/prism/prism.h:18,
                 from .csconfig/core_inst.cc.inc:12,
                 from src/generated_environment.cc:28:
/mnt/data/lyq/PRISM/inc/prism_framework.h:151:7: note: shadowed declaration is here
  151 |   int size;
      |       ^~~~
In file included from .csconfig/core_inst.cc.inc:12,
                 from src/generated_environment.cc:28:
/mnt/data/lyq/PRISM/prefetcher/prism/prism.h: In constructor ‘prismPCAddressTable::prismPCAddressTable(int, int)’:
/mnt/data/lyq/PRISM/prefetcher/prism/prism.h:89:37: warning: declaration of ‘num_ways’ shadows a member of ‘prismPCAddressTable’ [-Wshadow]
   89 |   prismPCAddressTable(int size, int num_ways) : alloc_sets(0), max_sets(MAX_WAY_PAT * N_LLC_SET), Super(size, num_ways) {}
      |                                 ~~~~^~~~~~~~
In file included from /mnt/data/lyq/PRISM/prefetcher/prism/prism.h:18,
                 from .csconfig/core_inst.cc.inc:12,
                 from src/generated_environment.cc:28:
/mnt/data/lyq/PRISM/inc/prism_framework.h:152:7: note: shadowed declaration is here
  152 |   int num_ways;
      |       ^~~~~~~~
In file included from .csconfig/core_inst.cc.inc:12,
                 from src/generated_environment.cc:28:
/mnt/data/lyq/PRISM/prefetcher/prism/prism.h:89:27: warning: declaration of ‘size’ shadows a member of ‘prismPCAddressTable’ [-Wshadow]
   89 |   prismPCAddressTable(int size, int num_ways) : alloc_sets(0), max_sets(MAX_WAY_PAT * N_LLC_SET), Super(size, num_ways) {}
      |                       ~~~~^~~~
In file included from /mnt/data/lyq/PRISM/prefetcher/prism/prism.h:18,
                 from .csconfig/core_inst.cc.inc:12,
                 from src/generated_environment.cc:28:
/mnt/data/lyq/PRISM/inc/prism_framework.h:151:7: note: shadowed declaration is here
  151 |   int size;
      |       ^~~~
/mnt/data/lyq/PRISM/inc/prism_framework.h:254:54: warning: declaration of ‘debug_level’ shadows a member of ‘LRUSetAssociativeCache<std::deque<long unsigned int> >’ [-Wshadow]
  254 |   LRUSetAssociativeCache(int size, int num_ways, int debug_level = 0) : Super(size, num_ways, debug_level), lru(this->num_sets, vector<uint64_t>(num_ways)) {}
      |                                                  ~~~~^~~~~~~~~~~~~~~
/mnt/data/lyq/PRISM/inc/prism_framework.h:157:7: note: shadowed declaration is here
  157 |   int debug_level = 0;
      |       ^~~~~~~~~~~
/mnt/data/lyq/PRISM/inc/prism_framework.h:254:40: warning: declaration of ‘num_ways’ shadows a member of ‘LRUSetAssociativeCache<std::deque<long unsigned int> >’ [-Wshadow]
  254 |   LRUSetAssociativeCache(int size, int num_ways, int debug_level = 0) : Super(size, num_ways, debug_level), lru(this->num_sets, vector<uint64_t>(num_ways)) {}
      |                                    ~~~~^~~~~~~~
/mnt/data/lyq/PRISM/inc/prism_framework.h:152:7: note: shadowed declaration is here
  152 |   int num_ways;
      |       ^~~~~~~~
/mnt/data/lyq/PRISM/inc/prism_framework.h:254:30: warning: declaration of ‘size’ shadows a member of ‘LRUSetAssociativeCache<std::deque<long unsigned int> >’ [-Wshadow]
  254 |   LRUSetAssociativeCache(int size, int num_ways, int debug_level = 0) : Super(size, num_ways, debug_level), lru(this->num_sets, vector<uint64_t>(num_ways)) {}
      |                          ~~~~^~~~
/mnt/data/lyq/PRISM/inc/prism_framework.h:151:7: note: shadowed declaration is here
  151 |   int size;
      |       ^~~~
/mnt/data/lyq/PRISM/inc/prism_framework.h:254:54: warning: declaration of ‘debug_level’ shadows a member of ‘LRUSetAssociativeCache<std::deque<long unsigned int> >’ [-Wshadow]
  254 |   LRUSetAssociativeCache(int size, int num_ways, int debug_level = 0) : Super(size, num_ways, debug_level), lru(this->num_sets, vector<uint64_t>(num_ways)) {}
      |                                                  ~~~~^~~~~~~~~~~~~~~
/mnt/data/lyq/PRISM/inc/prism_framework.h:157:7: note: shadowed declaration is here
  157 |   int debug_level = 0;
      |       ^~~~~~~~~~~
/mnt/data/lyq/PRISM/inc/prism_framework.h:254:40: warning: declaration of ‘num_ways’ shadows a member of ‘LRUSetAssociativeCache<std::deque<long unsigned int> >’ [-Wshadow]
  254 |   LRUSetAssociativeCache(int size, int num_ways, int debug_level = 0) : Super(size, num_ways, debug_level), lru(this->num_sets, vector<uint64_t>(num_ways)) {}
      |                                    ~~~~^~~~~~~~
/mnt/data/lyq/PRISM/inc/prism_framework.h:152:7: note: shadowed declaration is here
  152 |   int num_ways;
      |       ^~~~~~~~
/mnt/data/lyq/PRISM/inc/prism_framework.h:254:30: warning: declaration of ‘size’ shadows a member of ‘LRUSetAssociativeCache<std::deque<long unsigned int> >’ [-Wshadow]
  254 |   LRUSetAssociativeCache(int size, int num_ways, int debug_level = 0) : Super(size, num_ways, debug_level), lru(this->num_sets, vector<uint64_t>(num_ways)) {}
      |                          ~~~~^~~~
/mnt/data/lyq/PRISM/inc/prism_framework.h:151:7: note: shadowed declaration is here
  151 |   int size;
      |       ^~~~
In file included from .csconfig/core_inst.cc.inc:12,
                 from src/generated_environment.cc:28:
/mnt/data/lyq/PRISM/prefetcher/prism/prism.h: In constructor ‘prismMetaTable::prismMetaTable(int, int)’:
/mnt/data/lyq/PRISM/prefetcher/prism/prism.h:124:32: warning: declaration of ‘num_ways’ shadows a member of ‘prismMetaTable’ [-Wshadow]
  124 |   prismMetaTable(int size, int num_ways) : alloc_sets(INIT_WAY_MARKOV * N_LLC_SET), max_sets(MAX_WAY_MARKOV * N_LLC_SET), Super(size, num_ways) {}
      |                            ~~~~^~~~~~~~
In file included from /mnt/data/lyq/PRISM/prefetcher/prism/prism.h:18,
                 from .csconfig/core_inst.cc.inc:12,
                 from src/generated_environment.cc:28:
/mnt/data/lyq/PRISM/inc/prism_framework.h:152:7: note: shadowed declaration is here
  152 |   int num_ways;
      |       ^~~~~~~~
In file included from .csconfig/core_inst.cc.inc:12,
                 from src/generated_environment.cc:28:
/mnt/data/lyq/PRISM/prefetcher/prism/prism.h:124:22: warning: declaration of ‘size’ shadows a member of ‘prismMetaTable’ [-Wshadow]
  124 |   prismMetaTable(int size, int num_ways) : alloc_sets(INIT_WAY_MARKOV * N_LLC_SET), max_sets(MAX_WAY_MARKOV * N_LLC_SET), Super(size, num_ways) {}
      |                  ~~~~^~~~
In file included from /mnt/data/lyq/PRISM/prefetcher/prism/prism.h:18,
                 from .csconfig/core_inst.cc.inc:12,
                 from src/generated_environment.cc:28:
/mnt/data/lyq/PRISM/inc/prism_framework.h:151:7: note: shadowed declaration is here
  151 |   int size;
      |       ^~~~
In file included from .csconfig/core_inst.cc.inc:12,
                 from src/generated_environment.cc:28:
/mnt/data/lyq/PRISM/prefetcher/prism/prism.h:122:7: warning: ‘prismMetaTable::max_sets’ will be initialized after [-Wreorder]
  122 |   int max_sets;
      |       ^~~~~~~~
In file included from .csconfig/core_inst.cc.inc:12,
                 from src/generated_environment.cc:28:
/mnt/data/lyq/PRISM/prefetcher/prism/prism.h:124:143: warning:   base ‘SHIPSetAssociativeCache<MetaTableEntry>’ [-Wreorder]
  124 |   prismMetaTable(int size, int num_ways) : alloc_sets(INIT_WAY_MARKOV * N_LLC_SET), max_sets(MAX_WAY_MARKOV * N_LLC_SET), Super(size, num_ways) {}
      |                                                                                                                                               ^
In file included from .csconfig/core_inst.cc.inc:12,
                 from src/generated_environment.cc:28:
/mnt/data/lyq/PRISM/prefetcher/prism/prism.h:124:3: warning:   when initialized here [-Wreorder]
  124 |   prismMetaTable(int size, int num_ways) : alloc_sets(INIT_WAY_MARKOV * N_LLC_SET), max_sets(MAX_WAY_MARKOV * N_LLC_SET), Super(size, num_ways) {}
      |   ^~~~~~~~~~~~~~
/mnt/data/lyq/PRISM/prefetcher/prism/prism.h: In constructor ‘prismMetaTable::prismMetaTable(int, int)’:
/mnt/data/lyq/PRISM/prefetcher/prism/prism.h:124:32: warning: declaration of ‘num_ways’ shadows a member of ‘prismMetaTable’ [-Wshadow]
  124 |   prismMetaTable(int size, int num_ways) : alloc_sets(INIT_WAY_MARKOV * N_LLC_SET), max_sets(MAX_WAY_MARKOV * N_LLC_SET), Super(size, num_ways) {}
      |                            ~~~~^~~~~~~~
In file included from /mnt/data/lyq/PRISM/prefetcher/prism/prism.h:18,
                 from .csconfig/core_inst.cc.inc:12,
                 from src/generated_environment.cc:28:
/mnt/data/lyq/PRISM/inc/prism_framework.h:152:7: note: shadowed declaration is here
  152 |   int num_ways;
      |       ^~~~~~~~
In file included from .csconfig/core_inst.cc.inc:12,
                 from src/generated_environment.cc:28:
/mnt/data/lyq/PRISM/prefetcher/prism/prism.h:124:22: warning: declaration of ‘size’ shadows a member of ‘prismMetaTable’ [-Wshadow]
  124 |   prismMetaTable(int size, int num_ways) : alloc_sets(INIT_WAY_MARKOV * N_LLC_SET), max_sets(MAX_WAY_MARKOV * N_LLC_SET), Super(size, num_ways) {}
      |                  ~~~~^~~~
In file included from /mnt/data/lyq/PRISM/prefetcher/prism/prism.h:18,
                 from .csconfig/core_inst.cc.inc:12,
                 from src/generated_environment.cc:28:
/mnt/data/lyq/PRISM/inc/prism_framework.h:151:7: note: shadowed declaration is here
  151 |   int size;
      |       ^~~~
In file included from .csconfig/core_inst.cc.inc:12,
                 from src/generated_environment.cc:28:
/mnt/data/lyq/PRISM/prefetcher/prism/prism.h: In constructor ‘prismMetaTable::prismMetaTable(int, int)’:
/mnt/data/lyq/PRISM/prefetcher/prism/prism.h:124:32: warning: declaration of ‘num_ways’ shadows a member of ‘prismMetaTable’ [-Wshadow]
  124 |   prismMetaTable(int size, int num_ways) : alloc_sets(INIT_WAY_MARKOV * N_LLC_SET), max_sets(MAX_WAY_MARKOV * N_LLC_SET), Super(size, num_ways) {}
      |                            ~~~~^~~~~~~~
In file included from /mnt/data/lyq/PRISM/prefetcher/prism/prism.h:18,
                 from .csconfig/core_inst.cc.inc:12,
                 from src/generated_environment.cc:28:
/mnt/data/lyq/PRISM/inc/prism_framework.h:152:7: note: shadowed declaration is here
  152 |   int num_ways;
      |       ^~~~~~~~
In file included from .csconfig/core_inst.cc.inc:12,
                 from src/generated_environment.cc:28:
/mnt/data/lyq/PRISM/prefetcher/prism/prism.h:124:22: warning: declaration of ‘size’ shadows a member of ‘prismMetaTable’ [-Wshadow]
  124 |   prismMetaTable(int size, int num_ways) : alloc_sets(INIT_WAY_MARKOV * N_LLC_SET), max_sets(MAX_WAY_MARKOV * N_LLC_SET), Super(size, num_ways) {}
      |                  ~~~~^~~~
In file included from /mnt/data/lyq/PRISM/prefetcher/prism/prism.h:18,
                 from .csconfig/core_inst.cc.inc:12,
                 from src/generated_environment.cc:28:
/mnt/data/lyq/PRISM/inc/prism_framework.h:151:7: note: shadowed declaration is here
  151 |   int size;
      |       ^~~~
In file included from .csconfig/core_inst.cc.inc:12,
                 from src/generated_environment.cc:28:
/mnt/data/lyq/PRISM/prefetcher/prism/prism.h: In constructor ‘PF_Filter::PF_Filter(int, int, int)’:
/mnt/data/lyq/PRISM/prefetcher/prism/prism.h:166:41: warning: declaration of ‘debug_level’ shadows a member of ‘PF_Filter’ [-Wshadow]
  166 |   PF_Filter(int size, int num_ways, int debug_level = 0)
      |                                     ~~~~^~~~~~~~~~~~~~~
In file included from /mnt/data/lyq/PRISM/prefetcher/prism/prism.h:18,
                 from .csconfig/core_inst.cc.inc:12,
                 from src/generated_environment.cc:28:
/mnt/data/lyq/PRISM/inc/prism_framework.h:157:7: note: shadowed declaration is here
  157 |   int debug_level = 0;
      |       ^~~~~~~~~~~
In file included from .csconfig/core_inst.cc.inc:12,
                 from src/generated_environment.cc:28:
/mnt/data/lyq/PRISM/prefetcher/prism/prism.h:166:27: warning: declaration of ‘num_ways’ shadows a member of ‘PF_Filter’ [-Wshadow]
  166 |   PF_Filter(int size, int num_ways, int debug_level = 0)
      |                       ~~~~^~~~~~~~
In file included from /mnt/data/lyq/PRISM/prefetcher/prism/prism.h:18,
                 from .csconfig/core_inst.cc.inc:12,
                 from src/generated_environment.cc:28:
/mnt/data/lyq/PRISM/inc/prism_framework.h:152:7: note: shadowed declaration is here
  152 |   int num_ways;
      |       ^~~~~~~~
In file included from .csconfig/core_inst.cc.inc:12,
                 from src/generated_environment.cc:28:
/mnt/data/lyq/PRISM/prefetcher/prism/prism.h:166:17: warning: declaration of ‘size’ shadows a member of ‘PF_Filter’ [-Wshadow]
  166 |   PF_Filter(int size, int num_ways, int debug_level = 0)
      |             ~~~~^~~~
In file included from /mnt/data/lyq/PRISM/prefetcher/prism/prism.h:18,
                 from .csconfig/core_inst.cc.inc:12,
                 from src/generated_environment.cc:28:
/mnt/data/lyq/PRISM/inc/prism_framework.h:151:7: note: shadowed declaration is here
  151 |   int size;
      |       ^~~~
In file included from .csconfig/core_inst.cc.inc:12,
                 from src/generated_environment.cc:28:
/mnt/data/lyq/PRISM/prefetcher/prism/prism.h: In constructor ‘PF_Filter::PF_Filter(int, int, int)’:
/mnt/data/lyq/PRISM/prefetcher/prism/prism.h:166:41: warning: declaration of ‘debug_level’ shadows a member of ‘PF_Filter’ [-Wshadow]
  166 |   PF_Filter(int size, int num_ways, int debug_level = 0)
      |                                     ~~~~^~~~~~~~~~~~~~~
In file included from /mnt/data/lyq/PRISM/prefetcher/prism/prism.h:18,
                 from .csconfig/core_inst.cc.inc:12,
                 from src/generated_environment.cc:28:
/mnt/data/lyq/PRISM/inc/prism_framework.h:157:7: note: shadowed declaration is here
  157 |   int debug_level = 0;
      |       ^~~~~~~~~~~
In file included from .csconfig/core_inst.cc.inc:12,
                 from src/generated_environment.cc:28:
/mnt/data/lyq/PRISM/prefetcher/prism/prism.h:166:27: warning: declaration of ‘num_ways’ shadows a member of ‘PF_Filter’ [-Wshadow]
  166 |   PF_Filter(int size, int num_ways, int debug_level = 0)
      |                       ~~~~^~~~~~~~
In file included from /mnt/data/lyq/PRISM/prefetcher/prism/prism.h:18,
                 from .csconfig/core_inst.cc.inc:12,
                 from src/generated_environment.cc:28:
/mnt/data/lyq/PRISM/inc/prism_framework.h:152:7: note: shadowed declaration is here
  152 |   int num_ways;
      |       ^~~~~~~~
In file included from .csconfig/core_inst.cc.inc:12,
                 from src/generated_environment.cc:28:
/mnt/data/lyq/PRISM/prefetcher/prism/prism.h:166:17: warning: declaration of ‘size’ shadows a member of ‘PF_Filter’ [-Wshadow]
  166 |   PF_Filter(int size, int num_ways, int debug_level = 0)
      |             ~~~~^~~~
In file included from /mnt/data/lyq/PRISM/prefetcher/prism/prism.h:18,
                 from .csconfig/core_inst.cc.inc:12,
                 from src/generated_environment.cc:28:
/mnt/data/lyq/PRISM/inc/prism_framework.h:151:7: note: shadowed declaration is here
  151 |   int size;
      |       ^~~~
In file included from .csconfig/core_inst.cc.inc:12,
                 from src/generated_environment.cc:28:
/mnt/data/lyq/PRISM/prefetcher/prism/prism.h: In constructor ‘PF_Filter::PF_Filter(int, int, int)’:
/mnt/data/lyq/PRISM/prefetcher/prism/prism.h:166:41: warning: declaration of ‘debug_level’ shadows a member of ‘PF_Filter’ [-Wshadow]
  166 |   PF_Filter(int size, int num_ways, int debug_level = 0)
      |                                     ~~~~^~~~~~~~~~~~~~~
In file included from /mnt/data/lyq/PRISM/prefetcher/prism/prism.h:18,
                 from .csconfig/core_inst.cc.inc:12,
                 from src/generated_environment.cc:28:
/mnt/data/lyq/PRISM/inc/prism_framework.h:157:7: note: shadowed declaration is here
  157 |   int debug_level = 0;
      |       ^~~~~~~~~~~
In file included from .csconfig/core_inst.cc.inc:12,
                 from src/generated_environment.cc:28:
/mnt/data/lyq/PRISM/prefetcher/prism/prism.h:166:27: warning: declaration of ‘num_ways’ shadows a member of ‘PF_Filter’ [-Wshadow]
  166 |   PF_Filter(int size, int num_ways, int debug_level = 0)
      |                       ~~~~^~~~~~~~
In file included from /mnt/data/lyq/PRISM/prefetcher/prism/prism.h:18,
                 from .csconfig/core_inst.cc.inc:12,
                 from src/generated_environment.cc:28:
/mnt/data/lyq/PRISM/inc/prism_framework.h:152:7: note: shadowed declaration is here
  152 |   int num_ways;
      |       ^~~~~~~~
In file included from .csconfig/core_inst.cc.inc:12,
                 from src/generated_environment.cc:28:
/mnt/data/lyq/PRISM/prefetcher/prism/prism.h:166:17: warning: declaration of ‘size’ shadows a member of ‘PF_Filter’ [-Wshadow]
  166 |   PF_Filter(int size, int num_ways, int debug_level = 0)
      |             ~~~~^~~~
In file included from /mnt/data/lyq/PRISM/prefetcher/prism/prism.h:18,
                 from .csconfig/core_inst.cc.inc:12,
                 from src/generated_environment.cc:28:
/mnt/data/lyq/PRISM/inc/prism_framework.h:151:7: note: shadowed declaration is here
  151 |   int size;
      |       ^~~~
In file included from .csconfig/core_inst.cc.inc:12,
                 from src/generated_environment.cc:28:
/mnt/data/lyq/PRISM/prefetcher/prism/prism.h: In member function ‘void PF_Filter::erase(uint64_t)’:
/mnt/data/lyq/PRISM/prefetcher/prism/prism.h:190:10: warning: unused variable ‘victim’ [-Wunused-variable]
  190 |     auto victim = Super::erase(key);
      |          ^~~~~~
/mnt/data/lyq/PRISM/prefetcher/prism/prism.h: In member function ‘void prism::PCTableEntry::update_counter(uint64_t)’:
/mnt/data/lyq/PRISM/prefetcher/prism/prism.h:264:26: warning: conversion from ‘uint64_t’ {aka ‘long unsigned int’} to ‘double’ may change value [-Wconversion]
  264 |         accuracy = 1.0 * usefulPrefetchCount / issuedPrefetchCount;
      |                          ^~~~~~~~~~~~~~~~~~~
/mnt/data/lyq/PRISM/prefetcher/prism/prism.h:264:48: warning: conversion from ‘uint64_t’ {aka ‘long unsigned int’} to ‘double’ may change value [-Wconversion]
  264 |         accuracy = 1.0 * usefulPrefetchCount / issuedPrefetchCount;
      |                                                ^~~~~~~~~~~~~~~~~~~
/mnt/data/lyq/PRISM/prefetcher/prism/prism.h:264:46: warning: conversion from ‘double’ to ‘float’ may change value [-Wfloat-conversion]
  264 |         accuracy = 1.0 * usefulPrefetchCount / issuedPrefetchCount;
      |                    ~~~~~~~~~~~~~~~~~~~~~~~~~~^~~~~~~~~~~~~~~~~~~~~
/mnt/data/lyq/PRISM/prefetcher/prism/prism.h:257:34: warning: unused parameter ‘pc’ [-Wunused-parameter]
  257 |     void update_counter(uint64_t pc)
      |                         ~~~~~~~~~^~
/mnt/data/lyq/PRISM/prefetcher/prism/prism.h: In member function ‘void prism::update_pc_metatable_size()’:
/mnt/data/lyq/PRISM/prefetcher/prism/prism.h:315:9: warning: conversion from ‘uint64_t’ {aka ‘long unsigned int’} to ‘double’ may change value [-Wconversion]
  315 |     if (fail_entry_init >= 0.3 * RESIZE_SAMPLE_WINDOW) {
      |         ^~~~~~~~~~~~~~~
/mnt/data/lyq/PRISM/prefetcher/prism/prism.h:318:16: warning: conversion from ‘uint64_t’ {aka ‘long unsigned int’} to ‘double’ may change value [-Wconversion]
  318 |     } else if (fail_entry_init >= 0.15 * RESIZE_SAMPLE_WINDOW) {
      |                ^~~~~~~~~~~~~~~
/mnt/data/lyq/PRISM/inc/prism_framework.h: In instantiation of ‘int LRUSetAssociativeCache<T>::select_victim(uint64_t) [with T = prism::PCTableEntry; uint64_t = long unsigned int]’:
/mnt/data/lyq/PRISM/inc/prism_framework.h:265:15:   required from here
/mnt/data/lyq/PRISM/inc/prism_framework.h:268:56: warning: conversion from ‘__gnu_cxx::__normal_iterator<long unsigned int*, std::vector<long unsigned int> >::difference_type’ {aka ‘long int’} to ‘int’ may change value [-Wconversion]
  268 |     return min_element(lru_set.begin(), lru_set.end()) - lru_set.begin();
      |            ~~~~~~~~~~~~~~~~~~~~~~~~~~~~~~~~~~~~~~~~~~~~^~~~~~~~~~~~~~~~~
/mnt/data/lyq/PRISM/inc/prism_framework.h: In instantiation of ‘int SHIPSetAssociativeCache<T>::select_victim(uint64_t) [with T = MetaTableEntry; uint64_t = long unsigned int]’:
/mnt/data/lyq/PRISM/inc/prism_framework.h:322:7:   required from here
/mnt/data/lyq/PRISM/inc/prism_framework.h:326:28: warning: comparison of integer expressions of different signedness: ‘size_t’ {aka ‘long unsigned int’} and ‘int’ [-Wsign-compare]
  326 |       for (size_t i = 0; i < Super::num_ways; i++) {
      |                          ~~^~~~~~~~~~~~~~~~~
/mnt/data/lyq/PRISM/inc/prism_framework.h:328:18: warning: conversion from ‘size_t’ {aka ‘long unsigned int’} to ‘int’ may change value [-Wconversion]
  328 |           return i;
      |                  ^
/mnt/data/lyq/PRISM/inc/prism_framework.h:331:28: warning: comparison of integer expressions of different signedness: ‘size_t’ {aka ‘long unsigned int’} and ‘int’ [-Wsign-compare]
  331 |       for (size_t i = 0; i < Super::num_ways; i++) {
      |                          ~~^~~~~~~~~~~~~~~~~
/mnt/data/lyq/PRISM/inc/prism_framework.h: In instantiation of ‘int SRRIPSetAssociativeCache<T>::select_victim(uint64_t) [with T = MetaTableEntry; uint64_t = long unsigned int]’:
/mnt/data/lyq/PRISM/inc/prism_framework.h:427:7:   required from here
/mnt/data/lyq/PRISM/inc/prism_framework.h:431:28: warning: comparison of integer expressions of different signedness: ‘size_t’ {aka ‘long unsigned int’} and ‘int’ [-Wsign-compare]
  431 |       for (size_t i = 0; i < Super::num_ways; i++) {
      |                          ~~^~~~~~~~~~~~~~~~~
/mnt/data/lyq/PRISM/inc/prism_framework.h:433:18: warning: conversion from ‘size_t’ {aka ‘long unsigned int’} to ‘int’ may change value [-Wconversion]
  433 |           return i;
      |                  ^
/mnt/data/lyq/PRISM/inc/prism_framework.h:436:28: warning: comparison of integer expressions of different signedness: ‘size_t’ {aka ‘long unsigned int’} and ‘int’ [-Wsign-compare]
  436 |       for (size_t i = 0; i < Super::num_ways; i++) {
      |                          ~~^~~~~~~~~~~~~~~~~
/mnt/data/lyq/PRISM/prefetcher/prism/prism.h: In member function ‘void prism::update_main_metatable_size()’:
/mnt/data/lyq/PRISM/prefetcher/prism/prism.h:373:34: warning: conversion from ‘long int’ to ‘double’ may change value [-Wconversion]
  373 |       temp_llc_hit_rate = (1.0 * llc_hits / (llc_hits + llc_misses));
      |                                  ^~~~~~~~
/mnt/data/lyq/PRISM/prefetcher/prism/prism.h:373:55: warning: conversion from ‘long int’ to ‘double’ may change value [-Wconversion]
  373 |       temp_llc_hit_rate = (1.0 * llc_hits / (llc_hits + llc_misses));
      |                                             ~~~~~~~~~~^~~~~~~~~~~~~
/mnt/data/lyq/PRISM/prefetcher/prism/prism.h:373:43: warning: conversion from ‘double’ to ‘float’ may change value [-Wfloat-conversion]
  373 |       temp_llc_hit_rate = (1.0 * llc_hits / (llc_hits + llc_misses));
      |                           ~~~~~~~~~~~~~~~~^~~~~~~~~~~~~~~~~~~~~~~~~~
/mnt/data/lyq/PRISM/prefetcher/prism/prism.h:375:42: warning: conversion from ‘uint64_t’ {aka ‘long unsigned int’} to ‘double’ may change value [-Wconversion]
  375 |       temp_useful_prefetch_rate = (1.0 * resize_useful_prefetch / resize_issued_prefetch);
      |                                          ^~~~~~~~~~~~~~~~~~~~~~
/mnt/data/lyq/PRISM/prefetcher/prism/prism.h:375:67: warning: conversion from ‘uint64_t’ {aka ‘long unsigned int’} to ‘double’ may change value [-Wconversion]
  375 |       temp_useful_prefetch_rate = (1.0 * resize_useful_prefetch / resize_issued_prefetch);
      |                                                                   ^~~~~~~~~~~~~~~~~~~~~~
/mnt/data/lyq/PRISM/prefetcher/prism/prism.h:375:65: warning: conversion from ‘double’ to ‘float’ may change value [-Wfloat-conversion]
  375 |       temp_useful_prefetch_rate = (1.0 * resize_useful_prefetch / resize_issued_prefetch);
      |                                   ~~~~~~~~~~~~~~~~~~~~~~~~~~~~~~^~~~~~~~~~~~~~~~~~~~~~~~~
/mnt/data/lyq/PRISM/prefetcher/prism/prism.h:378:54: warning: conversion from ‘double’ to ‘float’ may change value [-Wfloat-conversion]
  378 |       temp_resize_score = K_AGGR * temp_llc_hit_rate - temp_useful_prefetch_rate;
      |                                                      ^
/mnt/data/lyq/PRISM/prefetcher/prism/prism.h:388:54: warning: conversion from ‘double’ to ‘float’ may change value [-Wfloat-conversion]
  388 |       temp_resize_score = K_CONS * temp_llc_hit_rate - temp_useful_prefetch_rate;
      |                                                      ^
In file included from prefetcher/resize_tr/resize_tr.h:20,
                 from prefetcher/resize_tr/resize_tr.cc:1:
prefetcher/resize_tr/../triangel/triangel.h: In instantiation of ‘Cacheway<T>::Cacheway(int, ReplacementPolicy, const string&) [with T = TrainingUnitEntry; std::string = std::__cxx11::basic_string<char>]’:
prefetcher/resize_tr/../triangel/triangel.h:484:23:   required from ‘AssociativeCache<T>::AssociativeCache(uint64_t, int, ReplacementPolicy, const string&) [with T = TrainingUnitEntry; uint64_t = long unsigned int; std::string = std::__cxx11::basic_string<char>]’
prefetcher/resize_tr/../triangel/triangel.h:927:136:   required from here
prefetcher/resize_tr/../triangel/triangel.h:127:77: warning: declaration of ‘owner’ shadows a member of ‘Cacheway<TrainingUnitEntry>’ [-Wshadow]
  127 |   Cacheway(int capacity, ReplacementPolicy policy = LRU, const std::string& owner = "unknown") : count(0), capacity(capacity), policy(policy), owner(owner)
      |                                                          ~~~~~~~~~~~~~~~~~~~^~~~~~~~~~~~~~~~~
prefetcher/resize_tr/../triangel/triangel.h:120:15: note: shadowed declaration is here
  120 |   std::string owner;
      |               ^~~~~
prefetcher/resize_tr/../triangel/triangel.h:127:44: warning: declaration of ‘policy’ shadows a member of ‘Cacheway<TrainingUnitEntry>’ [-Wshadow]
  127 |   Cacheway(int capacity, ReplacementPolicy policy = LRU, const std::string& owner = "unknown") : count(0), capacity(capacity), policy(policy), owner(owner)
      |                          ~~~~~~~~~~~~~~~~~~^~~~~~~~~~~~
prefetcher/resize_tr/../triangel/triangel.h:118:21: note: shadowed declaration is here
  118 |   ReplacementPolicy policy;
      |                     ^~~~~~
prefetcher/resize_tr/../triangel/triangel.h:127:16: warning: declaration of ‘capacity’ shadows a member of ‘Cacheway<TrainingUnitEntry>’ [-Wshadow]
  127 |   Cacheway(int capacity, ReplacementPolicy policy = LRU, const std::string& owner = "unknown") : count(0), capacity(capacity), policy(policy), owner(owner)
      |            ~~~~^~~~~~~~
prefetcher/resize_tr/../triangel/triangel.h:116:7: note: shadowed declaration is here
  116 |   int capacity;
      |       ^~~~~~~~
prefetcher/resize_tr/../triangel/triangel.h:127:77: warning: declaration of ‘owner’ shadows a member of ‘Cacheway<TrainingUnitEntry>’ [-Wshadow]
  127 |   Cacheway(int capacity, ReplacementPolicy policy = LRU, const std::string& owner = "unknown") : count(0), capacity(capacity), policy(policy), owner(owner)
      |                                                          ~~~~~~~~~~~~~~~~~~~^~~~~~~~~~~~~~~~~
prefetcher/resize_tr/../triangel/triangel.h:120:15: note: shadowed declaration is here
  120 |   std::string owner;
      |               ^~~~~
prefetcher/resize_tr/../triangel/triangel.h:127:44: warning: declaration of ‘policy’ shadows a member of ‘Cacheway<TrainingUnitEntry>’ [-Wshadow]
  127 |   Cacheway(int capacity, ReplacementPolicy policy = LRU, const std::string& owner = "unknown") : count(0), capacity(capacity), policy(policy), owner(owner)
      |                          ~~~~~~~~~~~~~~~~~~^~~~~~~~~~~~
prefetcher/resize_tr/../triangel/triangel.h:118:21: note: shadowed declaration is here
  118 |   ReplacementPolicy policy;
      |                     ^~~~~~
prefetcher/resize_tr/../triangel/triangel.h:127:16: warning: declaration of ‘capacity’ shadows a member of ‘Cacheway<TrainingUnitEntry>’ [-Wshadow]
  127 |   Cacheway(int capacity, ReplacementPolicy policy = LRU, const std::string& owner = "unknown") : count(0), capacity(capacity), policy(policy), owner(owner)
      |            ~~~~^~~~~~~~
prefetcher/resize_tr/../triangel/triangel.h:116:7: note: shadowed declaration is here
  116 |   int capacity;
      |       ^~~~~~~~
prefetcher/resize_tr/../triangel/triangel.h:127:77: warning: declaration of ‘owner’ shadows a member of ‘Cacheway<TrainingUnitEntry>’ [-Wshadow]
  127 |   Cacheway(int capacity, ReplacementPolicy policy = LRU, const std::string& owner = "unknown") : count(0), capacity(capacity), policy(policy), owner(owner)
      |                                                          ~~~~~~~~~~~~~~~~~~~^~~~~~~~~~~~~~~~~
prefetcher/resize_tr/../triangel/triangel.h:120:15: note: shadowed declaration is here
  120 |   std::string owner;
      |               ^~~~~
prefetcher/resize_tr/../triangel/triangel.h:127:44: warning: declaration of ‘policy’ shadows a member of ‘Cacheway<TrainingUnitEntry>’ [-Wshadow]
  127 |   Cacheway(int capacity, ReplacementPolicy policy = LRU, const std::string& owner = "unknown") : count(0), capacity(capacity), policy(policy), owner(owner)
      |                          ~~~~~~~~~~~~~~~~~~^~~~~~~~~~~~
prefetcher/resize_tr/../triangel/triangel.h:118:21: note: shadowed declaration is here
  118 |   ReplacementPolicy policy;
      |                     ^~~~~~
prefetcher/resize_tr/../triangel/triangel.h:127:16: warning: declaration of ‘capacity’ shadows a member of ‘Cacheway<TrainingUnitEntry>’ [-Wshadow]
  127 |   Cacheway(int capacity, ReplacementPolicy policy = LRU, const std::string& owner = "unknown") : count(0), capacity(capacity), policy(policy), owner(owner)
      |            ~~~~^~~~~~~~
prefetcher/resize_tr/../triangel/triangel.h:116:7: note: shadowed declaration is here
  116 |   int capacity;
      |       ^~~~~~~~
prefetcher/resize_tr/../triangel/triangel.h: In instantiation of ‘Cacheway<T>::Cacheway(int, ReplacementPolicy, const string&) [with T = HistorySamplerEntry; std::string = std::__cxx11::basic_string<char>]’:
prefetcher/resize_tr/../triangel/triangel.h:484:23:   required from ‘AssociativeCache<T>::AssociativeCache(uint64_t, int, ReplacementPolicy, const string&) [with T = HistorySamplerEntry; uint64_t = long unsigned int; std::string = std::__cxx11::basic_string<char>]’
prefetcher/resize_tr/../triangel/triangel.h:928:140:   required from here
prefetcher/resize_tr/../triangel/triangel.h:127:77: warning: declaration of ‘owner’ shadows a member of ‘Cacheway<HistorySamplerEntry>’ [-Wshadow]
  127 |   Cacheway(int capacity, ReplacementPolicy policy = LRU, const std::string& owner = "unknown") : count(0), capacity(capacity), policy(policy), owner(owner)
      |                                                          ~~~~~~~~~~~~~~~~~~~^~~~~~~~~~~~~~~~~
prefetcher/resize_tr/../triangel/triangel.h:120:15: note: shadowed declaration is here
  120 |   std::string owner;
      |               ^~~~~
prefetcher/resize_tr/../triangel/triangel.h:127:44: warning: declaration of ‘policy’ shadows a member of ‘Cacheway<HistorySamplerEntry>’ [-Wshadow]
  127 |   Cacheway(int capacity, ReplacementPolicy policy = LRU, const std::string& owner = "unknown") : count(0), capacity(capacity), policy(policy), owner(owner)
      |                          ~~~~~~~~~~~~~~~~~~^~~~~~~~~~~~
prefetcher/resize_tr/../triangel/triangel.h:118:21: note: shadowed declaration is here
  118 |   ReplacementPolicy policy;
      |                     ^~~~~~
prefetcher/resize_tr/../triangel/triangel.h:127:16: warning: declaration of ‘capacity’ shadows a member of ‘Cacheway<HistorySamplerEntry>’ [-Wshadow]
  127 |   Cacheway(int capacity, ReplacementPolicy policy = LRU, const std::string& owner = "unknown") : count(0), capacity(capacity), policy(policy), owner(owner)
      |            ~~~~^~~~~~~~
prefetcher/resize_tr/../triangel/triangel.h:116:7: note: shadowed declaration is here
  116 |   int capacity;
      |       ^~~~~~~~
prefetcher/resize_tr/../triangel/triangel.h:127:77: warning: declaration of ‘owner’ shadows a member of ‘Cacheway<HistorySamplerEntry>’ [-Wshadow]
  127 |   Cacheway(int capacity, ReplacementPolicy policy = LRU, const std::string& owner = "unknown") : count(0), capacity(capacity), policy(policy), owner(owner)
      |                                                          ~~~~~~~~~~~~~~~~~~~^~~~~~~~~~~~~~~~~
prefetcher/resize_tr/../triangel/triangel.h:120:15: note: shadowed declaration is here
  120 |   std::string owner;
      |               ^~~~~
prefetcher/resize_tr/../triangel/triangel.h:127:44: warning: declaration of ‘policy’ shadows a member of ‘Cacheway<HistorySamplerEntry>’ [-Wshadow]
  127 |   Cacheway(int capacity, ReplacementPolicy policy = LRU, const std::string& owner = "unknown") : count(0), capacity(capacity), policy(policy), owner(owner)
      |                          ~~~~~~~~~~~~~~~~~~^~~~~~~~~~~~
prefetcher/resize_tr/../triangel/triangel.h:118:21: note: shadowed declaration is here
  118 |   ReplacementPolicy policy;
      |                     ^~~~~~
prefetcher/resize_tr/../triangel/triangel.h:127:16: warning: declaration of ‘capacity’ shadows a member of ‘Cacheway<HistorySamplerEntry>’ [-Wshadow]
  127 |   Cacheway(int capacity, ReplacementPolicy policy = LRU, const std::string& owner = "unknown") : count(0), capacity(capacity), policy(policy), owner(owner)
      |            ~~~~^~~~~~~~
prefetcher/resize_tr/../triangel/triangel.h:116:7: note: shadowed declaration is here
  116 |   int capacity;
      |       ^~~~~~~~
prefetcher/resize_tr/../triangel/triangel.h:127:77: warning: declaration of ‘owner’ shadows a member of ‘Cacheway<HistorySamplerEntry>’ [-Wshadow]
  127 |   Cacheway(int capacity, ReplacementPolicy policy = LRU, const std::string& owner = "unknown") : count(0), capacity(capacity), policy(policy), owner(owner)
      |                                                          ~~~~~~~~~~~~~~~~~~~^~~~~~~~~~~~~~~~~
prefetcher/resize_tr/../triangel/triangel.h:120:15: note: shadowed declaration is here
  120 |   std::string owner;
      |               ^~~~~
prefetcher/resize_tr/../triangel/triangel.h:127:44: warning: declaration of ‘policy’ shadows a member of ‘Cacheway<HistorySamplerEntry>’ [-Wshadow]
  127 |   Cacheway(int capacity, ReplacementPolicy policy = LRU, const std::string& owner = "unknown") : count(0), capacity(capacity), policy(policy), owner(owner)
      |                          ~~~~~~~~~~~~~~~~~~^~~~~~~~~~~~
prefetcher/resize_tr/../triangel/triangel.h:118:21: note: shadowed declaration is here
  118 |   ReplacementPolicy policy;
      |                     ^~~~~~
prefetcher/resize_tr/../triangel/triangel.h:127:16: warning: declaration of ‘capacity’ shadows a member of ‘Cacheway<HistorySamplerEntry>’ [-Wshadow]
  127 |   Cacheway(int capacity, ReplacementPolicy policy = LRU, const std::string& owner = "unknown") : count(0), capacity(capacity), policy(policy), owner(owner)
      |            ~~~~^~~~~~~~
prefetcher/resize_tr/../triangel/triangel.h:116:7: note: shadowed declaration is here
  116 |   int capacity;
      |       ^~~~~~~~
src/cache.cc: In member function ‘bool CACHE::handle_miss(const CACHE::tag_lookup_type&)’:
src/cache.cc:395:8: warning: variable ‘is_late’ set but not used [-Wunused-but-set-variable]
  395 |   bool is_late = false;
      |        ^~~~~~~
/mnt/data/lyq/PRISM/inc/prism_framework.h: In instantiation of ‘int LRUSetAssociativeCache<T>::select_victim(uint64_t) [with T = std::deque<long unsigned int>; uint64_t = long unsigned int]’:
/mnt/data/lyq/PRISM/inc/prism_framework.h:265:15:   required from here
/mnt/data/lyq/PRISM/inc/prism_framework.h:268:56: warning: conversion from ‘__gnu_cxx::__normal_iterator<long unsigned int*, std::vector<long unsigned int> >::difference_type’ {aka ‘long int’} to ‘int’ may change value [-Wconversion]
  268 |     return min_element(lru_set.begin(), lru_set.end()) - lru_set.begin();
      |            ~~~~~~~~~~~~~~~~~~~~~~~~~~~~~~~~~~~~~~~~~~~~^~~~~~~~~~~~~~~~~
/mnt/data/lyq/PRISM/inc/prism_framework.h: In instantiation of ‘int LRUSetAssociativeCache<T>::select_victim(uint64_t) [with T = pctpMetaTableEntry; uint64_t = long unsigned int]’:
/mnt/data/lyq/PRISM/inc/prism_framework.h:265:15:   required from here
/mnt/data/lyq/PRISM/inc/prism_framework.h:268:56: warning: conversion from ‘__gnu_cxx::__normal_iterator<long unsigned int*, std::vector<long unsigned int> >::difference_type’ {aka ‘long int’} to ‘int’ may change value [-Wconversion]
prefetcher/resize_tr/../triangel/triangel.h: In instantiation of ‘Cacheway<T>::Cacheway(int, ReplacementPolicy, const string&) [with T = SecondChanceSamplerEntry; std::string = std::__cxx11::basic_string<char>]’:
prefetcher/resize_tr/../triangel/triangel.h:484:23:   required from ‘AssociativeCache<T>::AssociativeCache(uint64_t, int, ReplacementPolicy, const string&) [with T = SecondChanceSamplerEntry; uint64_t = long unsigned int; std::string = std::__cxx11::basic_string<char>]’
prefetcher/resize_tr/../triangel/triangel.h:929:151:   required from here
prefetcher/resize_tr/../triangel/triangel.h:127:77: warning: declaration of ‘owner’ shadows a member of ‘Cacheway<SecondChanceSamplerEntry>’ [-Wshadow]
  127 |   Cacheway(int capacity, ReplacementPolicy policy = LRU, const std::string& owner = "unknown") : count(0), capacity(capacity), policy(policy), owner(owner)
      |                                                          ~~~~~~~~~~~~~~~~~~~^~~~~~~~~~~~~~~~~
prefetcher/resize_tr/../triangel/triangel.h:120:15: note: shadowed declaration is here
  120 |   std::string owner;
      |               ^~~~~
prefetcher/resize_tr/../triangel/triangel.h:127:44: warning: declaration of ‘policy’ shadows a member of ‘Cacheway<SecondChanceSamplerEntry>’ [-Wshadow]
  127 |   Cacheway(int capacity, ReplacementPolicy policy = LRU, const std::string& owner = "unknown") : count(0), capacity(capacity), policy(policy), owner(owner)
      |                          ~~~~~~~~~~~~~~~~~~^~~~~~~~~~~~
prefetcher/resize_tr/../triangel/triangel.h:118:21: note: shadowed declaration is here
  118 |   ReplacementPolicy policy;
      |                     ^~~~~~
prefetcher/resize_tr/../triangel/triangel.h:127:16: warning: declaration of ‘capacity’ shadows a member of ‘Cacheway<SecondChanceSamplerEntry>’ [-Wshadow]
  127 |   Cacheway(int capacity, ReplacementPolicy policy = LRU, const std::string& owner = "unknown") : count(0), capacity(capacity), policy(policy), owner(owner)
      |            ~~~~^~~~~~~~
prefetcher/resize_tr/../triangel/triangel.h:116:7: note: shadowed declaration is here
  116 |   int capacity;
      |       ^~~~~~~~
prefetcher/resize_tr/../triangel/triangel.h:127:77: warning: declaration of ‘owner’ shadows a member of ‘Cacheway<SecondChanceSamplerEntry>’ [-Wshadow]
  127 |   Cacheway(int capacity, ReplacementPolicy policy = LRU, const std::string& owner = "unknown") : count(0), capacity(capacity), policy(policy), owner(owner)
      |                                                          ~~~~~~~~~~~~~~~~~~~^~~~~~~~~~~~~~~~~
prefetcher/resize_tr/../triangel/triangel.h:120:15: note: shadowed declaration is here
  120 |   std::string owner;
      |               ^~~~~
prefetcher/resize_tr/../triangel/triangel.h:127:44: warning: declaration of ‘policy’ shadows a member of ‘Cacheway<SecondChanceSamplerEntry>’ [-Wshadow]
  127 |   Cacheway(int capacity, ReplacementPolicy policy = LRU, const std::string& owner = "unknown") : count(0), capacity(capacity), policy(policy), owner(owner)
      |                          ~~~~~~~~~~~~~~~~~~^~~~~~~~~~~~
prefetcher/resize_tr/../triangel/triangel.h:118:21: note: shadowed declaration is here
  118 |   ReplacementPolicy policy;
      |                     ^~~~~~
prefetcher/resize_tr/../triangel/triangel.h:127:16: warning: declaration of ‘capacity’ shadows a member of ‘Cacheway<SecondChanceSamplerEntry>’ [-Wshadow]
  127 |   Cacheway(int capacity, ReplacementPolicy policy = LRU, const std::string& owner = "unknown") : count(0), capacity(capacity), policy(policy), owner(owner)
      |            ~~~~^~~~~~~~
prefetcher/resize_tr/../triangel/triangel.h:116:7: note: shadowed declaration is here
  116 |   int capacity;
      |       ^~~~~~~~
prefetcher/resize_tr/../triangel/triangel.h:127:77: warning: declaration of ‘owner’ shadows a member of ‘Cacheway<SecondChanceSamplerEntry>’ [-Wshadow]
  127 |   Cacheway(int capacity, ReplacementPolicy policy = LRU, const std::string& owner = "unknown") : count(0), capacity(capacity), policy(policy), owner(owner)
      |                                                          ~~~~~~~~~~~~~~~~~~~^~~~~~~~~~~~~~~~~
prefetcher/resize_tr/../triangel/triangel.h:120:15: note: shadowed declaration is here
  120 |   std::string owner;
      |               ^~~~~
prefetcher/resize_tr/../triangel/triangel.h:127:44: warning: declaration of ‘policy’ shadows a member of ‘Cacheway<SecondChanceSamplerEntry>’ [-Wshadow]
  127 |   Cacheway(int capacity, ReplacementPolicy policy = LRU, const std::string& owner = "unknown") : count(0), capacity(capacity), policy(policy), owner(owner)
      |                          ~~~~~~~~~~~~~~~~~~^~~~~~~~~~~~
prefetcher/resize_tr/../triangel/triangel.h:118:21: note: shadowed declaration is here
  118 |   ReplacementPolicy policy;
      |                     ^~~~~~
prefetcher/resize_tr/../triangel/triangel.h:127:16: warning: declaration of ‘capacity’ shadows a member of ‘Cacheway<SecondChanceSamplerEntry>’ [-Wshadow]
  127 |   Cacheway(int capacity, ReplacementPolicy policy = LRU, const std::string& owner = "unknown") : count(0), capacity(capacity), policy(policy), owner(owner)
      |            ~~~~^~~~~~~~
prefetcher/resize_tr/../triangel/triangel.h:116:7: note: shadowed declaration is here
  116 |   int capacity;
      |       ^~~~~~~~
prefetcher/resize_tr/../triangel/triangel.h: In instantiation of ‘Cacheway<T>::Cacheway(int, ReplacementPolicy, const string&) [with T = MetadataEntry; std::string = std::__cxx11::basic_string<char>]’:
prefetcher/resize_tr/../triangel/triangel.h:484:23:   required from ‘AssociativeCache<T>::AssociativeCache(uint64_t, int, ReplacementPolicy, const string&) [with T = MetadataEntry; uint64_t = long unsigned int; std::string = std::__cxx11::basic_string<char>]’
prefetcher/resize_tr/../triangel/triangel.h:930:129:   required from here
prefetcher/resize_tr/../triangel/triangel.h:127:77: warning: declaration of ‘owner’ shadows a member of ‘Cacheway<MetadataEntry>’ [-Wshadow]
  127 |   Cacheway(int capacity, ReplacementPolicy policy = LRU, const std::string& owner = "unknown") : count(0), capacity(capacity), policy(policy), owner(owner)
      |                                                          ~~~~~~~~~~~~~~~~~~~^~~~~~~~~~~~~~~~~
prefetcher/resize_tr/../triangel/triangel.h:120:15: note: shadowed declaration is here
  120 |   std::string owner;
      |               ^~~~~
prefetcher/resize_tr/../triangel/triangel.h:127:44: warning: declaration of ‘policy’ shadows a member of ‘Cacheway<MetadataEntry>’ [-Wshadow]
  127 |   Cacheway(int capacity, ReplacementPolicy policy = LRU, const std::string& owner = "unknown") : count(0), capacity(capacity), policy(policy), owner(owner)
      |                          ~~~~~~~~~~~~~~~~~~^~~~~~~~~~~~
prefetcher/resize_tr/../triangel/triangel.h:118:21: note: shadowed declaration is here
  118 |   ReplacementPolicy policy;
      |                     ^~~~~~
prefetcher/resize_tr/../triangel/triangel.h:127:16: warning: declaration of ‘capacity’ shadows a member of ‘Cacheway<MetadataEntry>’ [-Wshadow]
  127 |   Cacheway(int capacity, ReplacementPolicy policy = LRU, const std::string& owner = "unknown") : count(0), capacity(capacity), policy(policy), owner(owner)
      |            ~~~~^~~~~~~~
prefetcher/resize_tr/../triangel/triangel.h:116:7: note: shadowed declaration is here
  116 |   int capacity;
      |       ^~~~~~~~
prefetcher/resize_tr/../triangel/triangel.h:127:77: warning: declaration of ‘owner’ shadows a member of ‘Cacheway<MetadataEntry>’ [-Wshadow]
  127 |   Cacheway(int capacity, ReplacementPolicy policy = LRU, const std::string& owner = "unknown") : count(0), capacity(capacity), policy(policy), owner(owner)
      |                                                          ~~~~~~~~~~~~~~~~~~~^~~~~~~~~~~~~~~~~
prefetcher/resize_tr/../triangel/triangel.h:120:15: note: shadowed declaration is here
  120 |   std::string owner;
      |               ^~~~~
prefetcher/resize_tr/../triangel/triangel.h:127:44: warning: declaration of ‘policy’ shadows a member of ‘Cacheway<MetadataEntry>’ [-Wshadow]
  127 |   Cacheway(int capacity, ReplacementPolicy policy = LRU, const std::string& owner = "unknown") : count(0), capacity(capacity), policy(policy), owner(owner)
      |                          ~~~~~~~~~~~~~~~~~~^~~~~~~~~~~~
prefetcher/resize_tr/../triangel/triangel.h:118:21: note: shadowed declaration is here
  118 |   ReplacementPolicy policy;
      |                     ^~~~~~
prefetcher/resize_tr/../triangel/triangel.h:127:16: warning: declaration of ‘capacity’ shadows a member of ‘Cacheway<MetadataEntry>’ [-Wshadow]
  127 |   Cacheway(int capacity, ReplacementPolicy policy = LRU, const std::string& owner = "unknown") : count(0), capacity(capacity), policy(policy), owner(owner)
      |            ~~~~^~~~~~~~
prefetcher/resize_tr/../triangel/triangel.h:116:7: note: shadowed declaration is here
  116 |   int capacity;
      |       ^~~~~~~~
prefetcher/resize_tr/../triangel/triangel.h:127:77: warning: declaration of ‘owner’ shadows a member of ‘Cacheway<MetadataEntry>’ [-Wshadow]
  127 |   Cacheway(int capacity, ReplacementPolicy policy = LRU, const std::string& owner = "unknown") : count(0), capacity(capacity), policy(policy), owner(owner)
      |                                                          ~~~~~~~~~~~~~~~~~~~^~~~~~~~~~~~~~~~~
prefetcher/resize_tr/../triangel/triangel.h:120:15: note: shadowed declaration is here
  120 |   std::string owner;
      |               ^~~~~
prefetcher/resize_tr/../triangel/triangel.h:127:44: warning: declaration of ‘policy’ shadows a member of ‘Cacheway<MetadataEntry>’ [-Wshadow]
  127 |   Cacheway(int capacity, ReplacementPolicy policy = LRU, const std::string& owner = "unknown") : count(0), capacity(capacity), policy(policy), owner(owner)
      |                          ~~~~~~~~~~~~~~~~~~^~~~~~~~~~~~
prefetcher/resize_tr/../triangel/triangel.h:118:21: note: shadowed declaration is here
  118 |   ReplacementPolicy policy;
      |                     ^~~~~~
prefetcher/resize_tr/../triangel/triangel.h:127:16: warning: declaration of ‘capacity’ shadows a member of ‘Cacheway<MetadataEntry>’ [-Wshadow]
  127 |   Cacheway(int capacity, ReplacementPolicy policy = LRU, const std::string& owner = "unknown") : count(0), capacity(capacity), policy(policy), owner(owner)
      |            ~~~~^~~~~~~~
prefetcher/resize_tr/../triangel/triangel.h:116:7: note: shadowed declaration is here
  116 |   int capacity;
      |       ^~~~~~~~
In file included from prefetcher/resize_tr/resize_tr.h:16,
                 from prefetcher/resize_tr/resize_tr.cc:1:
/mnt/data/lyq/PRISM/inc/prism_framework.h: In instantiation of ‘SetAssociativeCache<T>::SetAssociativeCache(int, int, int) [with T = resize_trMetaTableEntry]’:
/mnt/data/lyq/PRISM/inc/prism_framework.h:422:158:   required from ‘SRRIPSetAssociativeCache<T>::SRRIPSetAssociativeCache(int, int, int) [with T = resize_trMetaTableEntry]’
prefetcher/resize_tr/resize_tr.h:56:89:   required from here
/mnt/data/lyq/PRISM/inc/prism_framework.h:31:51: warning: declaration of ‘debug_level’ shadows a member of ‘SetAssociativeCache<resize_trMetaTableEntry>’ [-Wshadow]
   31 |   SetAssociativeCache(int size, int num_ways, int debug_level = 0)
      |                                               ~~~~^~~~~~~~~~~~~~~
In file included from prefetcher/resize_tr/resize_tr.h:16,
                 from prefetcher/resize_tr/resize_tr.cc:1:
/mnt/data/lyq/PRISM/inc/prism_framework.h:157:7: note: shadowed declaration is here
  157 |   int debug_level = 0;
      |       ^~~~~~~~~~~
In file included from prefetcher/resize_tr/resize_tr.h:16,
                 from prefetcher/resize_tr/resize_tr.cc:1:
/mnt/data/lyq/PRISM/inc/prism_framework.h:31:37: warning: declaration of ‘num_ways’ shadows a member of ‘SetAssociativeCache<resize_trMetaTableEntry>’ [-Wshadow]
   31 |   SetAssociativeCache(int size, int num_ways, int debug_level = 0)
      |                                 ~~~~^~~~~~~~
In file included from prefetcher/resize_tr/resize_tr.h:16,
                 from prefetcher/resize_tr/resize_tr.cc:1:
/mnt/data/lyq/PRISM/inc/prism_framework.h:152:7: note: shadowed declaration is here
  152 |   int num_ways;
      |       ^~~~~~~~
make: *** [Makefile:257: .csconfig/modules/prefetcher/prism/prism.o] Error 1
In file included from prefetcher/resize_tr/resize_tr.h:16,
                 from prefetcher/resize_tr/resize_tr.cc:1:
/mnt/data/lyq/PRISM/inc/prism_framework.h:31:27: warning: declaration of ‘size’ shadows a member of ‘SetAssociativeCache<resize_trMetaTableEntry>’ [-Wshadow]
   31 |   SetAssociativeCache(int size, int num_ways, int debug_level = 0)
      |                       ~~~~^~~~
In file included from prefetcher/resize_tr/resize_tr.h:16,
                 from prefetcher/resize_tr/resize_tr.cc:1:
/mnt/data/lyq/PRISM/inc/prism_framework.h:151:7: note: shadowed declaration is here
  151 |   int size;
      |       ^~~~
make: *** Waiting for unfinished jobs....
In file included from prefetcher/resize_tr/resize_tr.h:16,
                 from prefetcher/resize_tr/resize_tr.cc:1:
/mnt/data/lyq/PRISM/inc/prism_framework.h:31:51: warning: declaration of ‘debug_level’ shadows a member of ‘SetAssociativeCache<resize_trMetaTableEntry>’ [-Wshadow]
   31 |   SetAssociativeCache(int size, int num_ways, int debug_level = 0)
      |                                               ~~~~^~~~~~~~~~~~~~~
In file included from prefetcher/resize_tr/resize_tr.h:16,
                 from prefetcher/resize_tr/resize_tr.cc:1:
/mnt/data/lyq/PRISM/inc/prism_framework.h:157:7: note: shadowed declaration is here
  157 |   int debug_level = 0;
      |       ^~~~~~~~~~~
In file included from prefetcher/resize_tr/resize_tr.h:16,
                 from prefetcher/resize_tr/resize_tr.cc:1:
/mnt/data/lyq/PRISM/inc/prism_framework.h:31:37: warning: declaration of ‘num_ways’ shadows a member of ‘SetAssociativeCache<resize_trMetaTableEntry>’ [-Wshadow]
   31 |   SetAssociativeCache(int size, int num_ways, int debug_level = 0)
      |                                 ~~~~^~~~~~~~
In file included from prefetcher/resize_tr/resize_tr.h:16,
                 from prefetcher/resize_tr/resize_tr.cc:1:
/mnt/data/lyq/PRISM/inc/prism_framework.h:152:7: note: shadowed declaration is here
  152 |   int num_ways;
      |       ^~~~~~~~
In file included from prefetcher/resize_tr/resize_tr.h:16,
                 from prefetcher/resize_tr/resize_tr.cc:1:
/mnt/data/lyq/PRISM/inc/prism_framework.h:31:27: warning: declaration of ‘size’ shadows a member of ‘SetAssociativeCache<resize_trMetaTableEntry>’ [-Wshadow]
   31 |   SetAssociativeCache(int size, int num_ways, int debug_level = 0)
      |                       ~~~~^~~~
In file included from prefetcher/resize_tr/resize_tr.h:16,
                 from prefetcher/resize_tr/resize_tr.cc:1:
/mnt/data/lyq/PRISM/inc/prism_framework.h:151:7: note: shadowed declaration is here
  151 |   int size;
      |       ^~~~
In file included from prefetcher/resize_tr/resize_tr.h:16,
                 from prefetcher/resize_tr/resize_tr.cc:1:
/mnt/data/lyq/PRISM/inc/prism_framework.h:31:51: warning: declaration of ‘debug_level’ shadows a member of ‘SetAssociativeCache<resize_trMetaTableEntry>’ [-Wshadow]
   31 |   SetAssociativeCache(int size, int num_ways, int debug_level = 0)
      |                                               ~~~~^~~~~~~~~~~~~~~
In file included from prefetcher/resize_tr/resize_tr.h:16,
                 from prefetcher/resize_tr/resize_tr.cc:1:
/mnt/data/lyq/PRISM/inc/prism_framework.h:157:7: note: shadowed declaration is here
  157 |   int debug_level = 0;
      |       ^~~~~~~~~~~
In file included from prefetcher/resize_tr/resize_tr.h:16,
                 from prefetcher/resize_tr/resize_tr.cc:1:
/mnt/data/lyq/PRISM/inc/prism_framework.h:31:37: warning: declaration of ‘num_ways’ shadows a member of ‘SetAssociativeCache<resize_trMetaTableEntry>’ [-Wshadow]
   31 |   SetAssociativeCache(int size, int num_ways, int debug_level = 0)
      |                                 ~~~~^~~~~~~~
In file included from prefetcher/resize_tr/resize_tr.h:16,
                 from prefetcher/resize_tr/resize_tr.cc:1:
/mnt/data/lyq/PRISM/inc/prism_framework.h:152:7: note: shadowed declaration is here
  152 |   int num_ways;
      |       ^~~~~~~~
In file included from prefetcher/resize_tr/resize_tr.h:16,
                 from prefetcher/resize_tr/resize_tr.cc:1:
/mnt/data/lyq/PRISM/inc/prism_framework.h:31:27: warning: declaration of ‘size’ shadows a member of ‘SetAssociativeCache<resize_trMetaTableEntry>’ [-Wshadow]
   31 |   SetAssociativeCache(int size, int num_ways, int debug_level = 0)
      |                       ~~~~^~~~
In file included from prefetcher/resize_tr/resize_tr.h:16,
                 from prefetcher/resize_tr/resize_tr.cc:1:
/mnt/data/lyq/PRISM/inc/prism_framework.h:151:7: note: shadowed declaration is here
  151 |   int size;
      |       ^~~~
/mnt/data/lyq/PRISM/inc/prism_framework.h: In instantiation of ‘int LRUSetAssociativeCache<T>::select_victim(uint64_t) [with T = std::deque<long unsigned int>; uint64_t = long unsigned int]’:
/mnt/data/lyq/PRISM/inc/prism_framework.h:265:15:   required from here
/mnt/data/lyq/PRISM/inc/prism_framework.h:268:56: warning: conversion from ‘__gnu_cxx::__normal_iterator<long unsigned int*, std::vector<long unsigned int> >::difference_type’ {aka ‘long int’} to ‘int’ may change value [-Wconversion]
  268 |     return min_element(lru_set.begin(), lru_set.end()) - lru_set.begin();
      |            ~~~~~~~~~~~~~~~~~~~~~~~~~~~~~~~~~~~~~~~~~~~~^~~~~~~~~~~~~~~~~
/mnt/data/lyq/PRISM/inc/prism_framework.h: In instantiation of ‘int SRRIPSetAssociativeCache<T>::select_victim(uint64_t) [with T = resizeMetaTableEntry; uint64_t = long unsigned int]’:
/mnt/data/lyq/PRISM/inc/prism_framework.h:427:7:   required from here
/mnt/data/lyq/PRISM/inc/prism_framework.h:431:28: warning: comparison of integer expressions of different signedness: ‘size_t’ {aka ‘long unsigned int’} and ‘int’ [-Wsign-compare]
  431 |       for (size_t i = 0; i < Super::num_ways; i++) {
      |                          ~~^~~~~~~~~~~~~~~~~
/mnt/data/lyq/PRISM/inc/prism_framework.h:433:18: warning: conversion from ‘size_t’ {aka ‘long unsigned int’} to ‘int’ may change value [-Wconversion]
  433 |           return i;
      |                  ^
/mnt/data/lyq/PRISM/inc/prism_framework.h:436:28: warning: comparison of integer expressions of different signedness: ‘size_t’ {aka ‘long unsigned int’} and ‘int’ [-Wsign-compare]
  436 |       for (size_t i = 0; i < Super::num_ways; i++) {
      |                          ~~^~~~~~~~~~~~~~~~~
In file included from prefetcher/resize_tr/resize_tr.h:16,
                 from prefetcher/resize_tr/resize_tr.cc:1:
/mnt/data/lyq/PRISM/inc/prism_framework.h: In instantiation of ‘SetAssociativeCache<T>::SetAssociativeCache(int, int, int) [with T = std::deque<long unsigned int>]’:
/mnt/data/lyq/PRISM/inc/prism_framework.h:254:155:   required from ‘LRUSetAssociativeCache<T>::LRUSetAssociativeCache(int, int, int) [with T = std::deque<long unsigned int>]’
prefetcher/resize_tr/resize_tr.h:106:137:   required from here
/mnt/data/lyq/PRISM/inc/prism_framework.h:31:51: warning: declaration of ‘debug_level’ shadows a member of ‘SetAssociativeCache<std::deque<long unsigned int> >’ [-Wshadow]
   31 |   SetAssociativeCache(int size, int num_ways, int debug_level = 0)
      |                                               ~~~~^~~~~~~~~~~~~~~
In file included from prefetcher/resize_tr/resize_tr.h:16,
                 from prefetcher/resize_tr/resize_tr.cc:1:
/mnt/data/lyq/PRISM/inc/prism_framework.h:157:7: note: shadowed declaration is here
  157 |   int debug_level = 0;
      |       ^~~~~~~~~~~
In file included from prefetcher/resize_tr/resize_tr.h:16,
                 from prefetcher/resize_tr/resize_tr.cc:1:
/mnt/data/lyq/PRISM/inc/prism_framework.h:31:37: warning: declaration of ‘num_ways’ shadows a member of ‘SetAssociativeCache<std::deque<long unsigned int> >’ [-Wshadow]
   31 |   SetAssociativeCache(int size, int num_ways, int debug_level = 0)
      |                                 ~~~~^~~~~~~~
In file included from prefetcher/resize_tr/resize_tr.h:16,
                 from prefetcher/resize_tr/resize_tr.cc:1:
/mnt/data/lyq/PRISM/inc/prism_framework.h:152:7: note: shadowed declaration is here
  152 |   int num_ways;
      |       ^~~~~~~~
In file included from prefetcher/resize_tr/resize_tr.h:16,
                 from prefetcher/resize_tr/resize_tr.cc:1:
/mnt/data/lyq/PRISM/inc/prism_framework.h:31:27: warning: declaration of ‘size’ shadows a member of ‘SetAssociativeCache<std::deque<long unsigned int> >’ [-Wshadow]
   31 |   SetAssociativeCache(int size, int num_ways, int debug_level = 0)
      |                       ~~~~^~~~
In file included from prefetcher/resize_tr/resize_tr.h:16,
                 from prefetcher/resize_tr/resize_tr.cc:1:
/mnt/data/lyq/PRISM/inc/prism_framework.h:151:7: note: shadowed declaration is here
  151 |   int size;
      |       ^~~~
/mnt/data/lyq/PRISM/inc/prism_framework.h: In instantiation of ‘int LRUSetAssociativeCache<T>::select_victim(uint64_t) [with T = std::deque<long unsigned int>; uint64_t = long unsigned int]’:
/mnt/data/lyq/PRISM/inc/prism_framework.h:265:15:   required from here
/mnt/data/lyq/PRISM/inc/prism_framework.h:268:56: warning: conversion from ‘__gnu_cxx::__normal_iterator<long unsigned int*, std::vector<long unsigned int> >::difference_type’ {aka ‘long int’} to ‘int’ may change value [-Wconversion]
  268 |     return min_element(lru_set.begin(), lru_set.end()) - lru_set.begin();
      |            ~~~~~~~~~~~~~~~~~~~~~~~~~~~~~~~~~~~~~~~~~~~~^~~~~~~~~~~~~~~~~
/mnt/data/lyq/PRISM/inc/prism_framework.h: In instantiation of ‘int SRRIPSetAssociativeCache<T>::select_victim(uint64_t) [with T = resize_prMetaTableEntry; uint64_t = long unsigned int]’:
/mnt/data/lyq/PRISM/inc/prism_framework.h:427:7:   required from here
/mnt/data/lyq/PRISM/inc/prism_framework.h:431:28: warning: comparison of integer expressions of different signedness: ‘size_t’ {aka ‘long unsigned int’} and ‘int’ [-Wsign-compare]
  431 |       for (size_t i = 0; i < Super::num_ways; i++) {
      |                          ~~^~~~~~~~~~~~~~~~~
/mnt/data/lyq/PRISM/inc/prism_framework.h:433:18: warning: conversion from ‘size_t’ {aka ‘long unsigned int’} to ‘int’ may change value [-Wconversion]
  433 |           return i;
      |                  ^
/mnt/data/lyq/PRISM/inc/prism_framework.h:436:28: warning: comparison of integer expressions of different signedness: ‘size_t’ {aka ‘long unsigned int’} and ‘int’ [-Wsign-compare]
  436 |       for (size_t i = 0; i < Super::num_ways; i++) {
      |                          ~~^~~~~~~~~~~~~~~~~
In file included from prefetcher/resize_tr/resize_tr.h:16,
                 from prefetcher/resize_tr/resize_tr.cc:1:
/mnt/data/lyq/PRISM/inc/prism_framework.h:31:51: warning: declaration of ‘debug_level’ shadows a member of ‘SetAssociativeCache<std::deque<long unsigned int> >’ [-Wshadow]
   31 |   SetAssociativeCache(int size, int num_ways, int debug_level = 0)
      |                                               ~~~~^~~~~~~~~~~~~~~
In file included from prefetcher/resize_tr/resize_tr.h:16,
                 from prefetcher/resize_tr/resize_tr.cc:1:
/mnt/data/lyq/PRISM/inc/prism_framework.h:157:7: note: shadowed declaration is here
  157 |   int debug_level = 0;
      |       ^~~~~~~~~~~
In file included from prefetcher/resize_tr/resize_tr.h:16,
                 from prefetcher/resize_tr/resize_tr.cc:1:
/mnt/data/lyq/PRISM/inc/prism_framework.h:31:37: warning: declaration of ‘num_ways’ shadows a member of ‘SetAssociativeCache<std::deque<long unsigned int> >’ [-Wshadow]
   31 |   SetAssociativeCache(int size, int num_ways, int debug_level = 0)
      |                                 ~~~~^~~~~~~~
In file included from prefetcher/resize_tr/resize_tr.h:16,
                 from prefetcher/resize_tr/resize_tr.cc:1:
/mnt/data/lyq/PRISM/inc/prism_framework.h:152:7: note: shadowed declaration is here
  152 |   int num_ways;
      |       ^~~~~~~~
In file included from prefetcher/resize_tr/resize_tr.h:16,
                 from prefetcher/resize_tr/resize_tr.cc:1:
/mnt/data/lyq/PRISM/inc/prism_framework.h:31:27: warning: declaration of ‘size’ shadows a member of ‘SetAssociativeCache<std::deque<long unsigned int> >’ [-Wshadow]
   31 |   SetAssociativeCache(int size, int num_ways, int debug_level = 0)
      |                       ~~~~^~~~
In file included from prefetcher/resize_tr/resize_tr.h:16,
                 from prefetcher/resize_tr/resize_tr.cc:1:
/mnt/data/lyq/PRISM/inc/prism_framework.h:151:7: note: shadowed declaration is here
  151 |   int size;
      |       ^~~~
In file included from prefetcher/resize_tr/resize_tr.h:16,
                 from prefetcher/resize_tr/resize_tr.cc:1:
/mnt/data/lyq/PRISM/inc/prism_framework.h:31:51: warning: declaration of ‘debug_level’ shadows a member of ‘SetAssociativeCache<std::deque<long unsigned int> >’ [-Wshadow]
   31 |   SetAssociativeCache(int size, int num_ways, int debug_level = 0)
      |                                               ~~~~^~~~~~~~~~~~~~~
In file included from prefetcher/resize_tr/resize_tr.h:16,
                 from prefetcher/resize_tr/resize_tr.cc:1:
/mnt/data/lyq/PRISM/inc/prism_framework.h:157:7: note: shadowed declaration is here
  157 |   int debug_level = 0;
      |       ^~~~~~~~~~~
In file included from prefetcher/resize_tr/resize_tr.h:16,
                 from prefetcher/resize_tr/resize_tr.cc:1:
/mnt/data/lyq/PRISM/inc/prism_framework.h:31:37: warning: declaration of ‘num_ways’ shadows a member of ‘SetAssociativeCache<std::deque<long unsigned int> >’ [-Wshadow]
   31 |   SetAssociativeCache(int size, int num_ways, int debug_level = 0)
      |                                 ~~~~^~~~~~~~
In file included from prefetcher/resize_tr/resize_tr.h:16,
                 from prefetcher/resize_tr/resize_tr.cc:1:
/mnt/data/lyq/PRISM/inc/prism_framework.h:152:7: note: shadowed declaration is here
  152 |   int num_ways;
      |       ^~~~~~~~
In file included from prefetcher/resize_tr/resize_tr.h:16,
                 from prefetcher/resize_tr/resize_tr.cc:1:
/mnt/data/lyq/PRISM/inc/prism_framework.h:31:27: warning: declaration of ‘size’ shadows a member of ‘SetAssociativeCache<std::deque<long unsigned int> >’ [-Wshadow]
   31 |   SetAssociativeCache(int size, int num_ways, int debug_level = 0)
      |                       ~~~~^~~~
In file included from prefetcher/resize_tr/resize_tr.h:16,
                 from prefetcher/resize_tr/resize_tr.cc:1:
/mnt/data/lyq/PRISM/inc/prism_framework.h:151:7: note: shadowed declaration is here
  151 |   int size;
      |       ^~~~
src/cache.cc: In member function ‘virtual long int CACHE::operate()’:
src/cache.cc:608:40: warning: ‘uint64_t champsim::operable::current_cycle() const’ is deprecated [-Wdeprecated-declarations]
  608 |     if (p.first <= champsim::operable::current_cycle()) {
      |                                        ^~~~~~~~~~~~~
In file included from /mnt/data/lyq/PRISM/inc/cache.h:51,
                 from src/cache.cc:17:
/mnt/data/lyq/PRISM/inc/operable.h:44:27: note: declared here
   44 |   [[deprecated]] uint64_t current_cycle() const;
      |                           ^~~~~~~~~~~~~
src/cache.cc:608:53: warning: ‘uint64_t champsim::operable::current_cycle() const’ is deprecated [-Wdeprecated-declarations]
  608 |     if (p.first <= champsim::operable::current_cycle()) {
      |                    ~~~~~~~~~~~~~~~~~~~~~~~~~~~~~~~~~^~
In file included from /mnt/data/lyq/PRISM/inc/cache.h:51,
                 from src/cache.cc:17:
/mnt/data/lyq/PRISM/inc/operable.h:44:27: note: declared here
   44 |   [[deprecated]] uint64_t current_cycle() const;
      |                           ^~~~~~~~~~~~~
src/cache.cc: In member function ‘bool CACHE::prefetch_line(champsim::address, bool, uint32_t, int*)’:
src/cache.cc:703:59: warning: ‘uint64_t champsim::operable::current_cycle() const’ is deprecated [-Wdeprecated-declarations]
  703 |     delay_prefetch_queue.emplace_back(champsim::operable::current_cycle() + PF_DELAY, tag_lookup_type(pf_packet, true, !fill_this_level));
      |                                                           ^~~~~~~~~~~~~
In file included from /mnt/data/lyq/PRISM/inc/cache.h:51,
                 from src/cache.cc:17:
/mnt/data/lyq/PRISM/inc/operable.h:44:27: note: declared here
   44 |   [[deprecated]] uint64_t current_cycle() const;
      |                           ^~~~~~~~~~~~~
src/cache.cc:703:72: warning: ‘uint64_t champsim::operable::current_cycle() const’ is deprecated [-Wdeprecated-declarations]
  703 |     delay_prefetch_queue.emplace_back(champsim::operable::current_cycle() + PF_DELAY, tag_lookup_type(pf_packet, true, !fill_this_level));
      |                                       ~~~~~~~~~~~~~~~~~~~~~~~~~~~~~~~~~^~
In file included from /mnt/data/lyq/PRISM/inc/cache.h:51,
                 from src/cache.cc:17:
/mnt/data/lyq/PRISM/inc/operable.h:44:27: note: declared here
   44 |   [[deprecated]] uint64_t current_cycle() const;
      |                           ^~~~~~~~~~~~~
src/cache.cc:721:30: warning: conversion from ‘std::_Deque_iterator<CACHE::tag_lookup_type, CACHE::tag_lookup_type&, CACHE::tag_lookup_type*>::difference_type’ {aka ‘long int’} to ‘int’ may change value [-Wconversion]
  721 |         *pq_index = pf_entry - std::begin(internal_PQ);
      |                     ~~~~~~~~~^~~~~~~~~~~~~~~~~~~~~~~~~
src/cache.cc:736:38: warning: conversion from ‘std::deque<CACHE::tag_lookup_type>::size_type’ {aka ‘long unsigned int’} to ‘int’ may change value [-Wconversion]
  736 |       *pq_index = internal_PQ.size() - 1;
      |                   ~~~~~~~~~~~~~~~~~~~^~~
prefetcher/vberti/vberti.cc: In member function ‘uint8_t vberti::shadow_cache_latency(uint64_t)’:
prefetcher/vberti/vberti.cc:186:30: warning: conversion from ‘uint64_t’ {aka ‘long unsigned int’} to ‘uint8_t’ {aka ‘unsigned char’} may change value [-Wconversion]
  186 |         return scache[i][ii].lat;
      |                ~~~~~~~~~~~~~~^~~
prefetcher/vberti/vberti.cc: In member function ‘uint16_t vberti::history_table_get_aux(uint32_t, uint64_t, uint64_t, uint64_t*, uint64_t*, uint64_t)’:
prefetcher/vberti/vberti.cc:243:11: warning: unused variable ‘found’ [-Wunused-variable]
  243 |       int found = 0;
      |           ^~~~~
prefetcher/vberti/vberti.cc: In member function ‘void vberti::vberti_table_add(uint64_t, int64_t)’:
prefetcher/vberti/vberti.cc:350:24: warning: conversion from ‘uint64_t’ {aka ‘long unsigned int’} to ‘uint8_t’ {aka ‘unsigned char’} may change value [-Wconversion]
  350 |       dx_conf = aux[i].conf;
      |                 ~~~~~~~^~~~
prefetcher/vberti/vberti.cc:363:26: warning: conversion from ‘uint64_t’ {aka ‘long unsigned int’} to ‘uint8_t’ {aka ‘unsigned char’} may change value [-Wconversion]
  363 |         dx_conf = aux[i].conf;
      |                   ~~~~~~~^~~~
prefetcher/vberti/vberti.cc:335:11: warning: unused variable ‘max’ [-Wunused-variable]
  335 |   uint8_t max = 0;
      |           ^~~
In file included from /mnt/data/lyq/PRISM/prefetcher/prism/prism.h:18,
                 from .csconfig/core_inst.cc.inc:12,
                 from src/generated_environment.cc:28:
/mnt/data/lyq/PRISM/inc/prism_framework.h: In instantiation of ‘SRRIPSetAssociativeCache<T>::SRRIPSetAssociativeCache(int, int, int) [with T = MetaTableEntry]’:
/mnt/data/lyq/PRISM/prefetcher/prism/prism.h:89:119:   required from here
/mnt/data/lyq/PRISM/inc/prism_framework.h:422:56: warning: declaration of ‘debug_level’ shadows a member of ‘SRRIPSetAssociativeCache<MetaTableEntry>’ [-Wshadow]
  422 |   SRRIPSetAssociativeCache(int size, int num_ways, int debug_level = 0) : Super(size, num_ways, debug_level), rrpv(this->num_sets, vector<uint64_t>(num_ways))
      |                                                    ~~~~^~~~~~~~~~~~~~~
/mnt/data/lyq/PRISM/inc/prism_framework.h:157:7: note: shadowed declaration is here
  157 |   int debug_level = 0;
      |       ^~~~~~~~~~~
/mnt/data/lyq/PRISM/inc/prism_framework.h:422:42: warning: declaration of ‘num_ways’ shadows a member of ‘SRRIPSetAssociativeCache<MetaTableEntry>’ [-Wshadow]
  422 |   SRRIPSetAssociativeCache(int size, int num_ways, int debug_level = 0) : Super(size, num_ways, debug_level), rrpv(this->num_sets, vector<uint64_t>(num_ways))
      |                                      ~~~~^~~~~~~~
/mnt/data/lyq/PRISM/inc/prism_framework.h:152:7: note: shadowed declaration is here
  152 |   int num_ways;
      |       ^~~~~~~~
/mnt/data/lyq/PRISM/inc/prism_framework.h:422:32: warning: declaration of ‘size’ shadows a member of ‘SRRIPSetAssociativeCache<MetaTableEntry>’ [-Wshadow]
  422 |   SRRIPSetAssociativeCache(int size, int num_ways, int debug_level = 0) : Super(size, num_ways, debug_level), rrpv(this->num_sets, vector<uint64_t>(num_ways))
      |                            ~~~~^~~~
/mnt/data/lyq/PRISM/inc/prism_framework.h:151:7: note: shadowed declaration is here
  151 |   int size;
      |       ^~~~
/mnt/data/lyq/PRISM/inc/prism_framework.h:422:56: warning: declaration of ‘debug_level’ shadows a member of ‘SRRIPSetAssociativeCache<MetaTableEntry>’ [-Wshadow]
  422 |   SRRIPSetAssociativeCache(int size, int num_ways, int debug_level = 0) : Super(size, num_ways, debug_level), rrpv(this->num_sets, vector<uint64_t>(num_ways))
      |                                                    ~~~~^~~~~~~~~~~~~~~
/mnt/data/lyq/PRISM/inc/prism_framework.h:157:7: note: shadowed declaration is here
  157 |   int debug_level = 0;
      |       ^~~~~~~~~~~
/mnt/data/lyq/PRISM/inc/prism_framework.h:422:42: warning: declaration of ‘num_ways’ shadows a member of ‘SRRIPSetAssociativeCache<MetaTableEntry>’ [-Wshadow]
  422 |   SRRIPSetAssociativeCache(int size, int num_ways, int debug_level = 0) : Super(size, num_ways, debug_level), rrpv(this->num_sets, vector<uint64_t>(num_ways))
      |                                      ~~~~^~~~~~~~
/mnt/data/lyq/PRISM/inc/prism_framework.h:152:7: note: shadowed declaration is here
  152 |   int num_ways;
      |       ^~~~~~~~
/mnt/data/lyq/PRISM/inc/prism_framework.h:422:32: warning: declaration of ‘size’ shadows a member of ‘SRRIPSetAssociativeCache<MetaTableEntry>’ [-Wshadow]
  422 |   SRRIPSetAssociativeCache(int size, int num_ways, int debug_level = 0) : Super(size, num_ways, debug_level), rrpv(this->num_sets, vector<uint64_t>(num_ways))
      |                            ~~~~^~~~
/mnt/data/lyq/PRISM/inc/prism_framework.h:151:7: note: shadowed declaration is here
  151 |   int size;
      |       ^~~~
/mnt/data/lyq/PRISM/inc/prism_framework.h:422:56: warning: declaration of ‘debug_level’ shadows a member of ‘SRRIPSetAssociativeCache<MetaTableEntry>’ [-Wshadow]
  422 |   SRRIPSetAssociativeCache(int size, int num_ways, int debug_level = 0) : Super(size, num_ways, debug_level), rrpv(this->num_sets, vector<uint64_t>(num_ways))
      |                                                    ~~~~^~~~~~~~~~~~~~~
/mnt/data/lyq/PRISM/inc/prism_framework.h:157:7: note: shadowed declaration is here
  157 |   int debug_level = 0;
      |       ^~~~~~~~~~~
/mnt/data/lyq/PRISM/inc/prism_framework.h:422:42: warning: declaration of ‘num_ways’ shadows a member of ‘SRRIPSetAssociativeCache<MetaTableEntry>’ [-Wshadow]
  422 |   SRRIPSetAssociativeCache(int size, int num_ways, int debug_level = 0) : Super(size, num_ways, debug_level), rrpv(this->num_sets, vector<uint64_t>(num_ways))
      |                                      ~~~~^~~~~~~~
/mnt/data/lyq/PRISM/inc/prism_framework.h:152:7: note: shadowed declaration is here
  152 |   int num_ways;
      |       ^~~~~~~~
/mnt/data/lyq/PRISM/inc/prism_framework.h:422:32: warning: declaration of ‘size’ shadows a member of ‘SRRIPSetAssociativeCache<MetaTableEntry>’ [-Wshadow]
  422 |   SRRIPSetAssociativeCache(int size, int num_ways, int debug_level = 0) : Super(size, num_ways, debug_level), rrpv(this->num_sets, vector<uint64_t>(num_ways))
      |                            ~~~~^~~~
/mnt/data/lyq/PRISM/inc/prism_framework.h:151:7: note: shadowed declaration is here
  151 |   int size;
      |       ^~~~
prefetcher/vberti/vberti.cc: In member function ‘uint8_t vberti::vberti_table_get(uint64_t, stride_t*)’:
prefetcher/vberti/vberti.cc:400:23: warning: conversion from ‘uint64_t’ {aka ‘long unsigned int’} to ‘float’ may change value [-Wconversion]
  400 |         res[dx].per = aux_conf;
      |                       ^~~~~~~~
prefetcher/vberti/vberti.cc:383:12: warning: unused variable ‘max_conf’ [-Wunused-variable]
  383 |   uint64_t max_conf = 0;
      |            ^~~~~~~~
prefetcher/vberti/vberti.cc: In member function ‘void vberti::find_and_update(uint64_t, uint64_t, uint64_t, uint64_t)’:
prefetcher/vberti/vberti.cc:428:35: warning: conversion from ‘uint64_t’ {aka ‘long unsigned int’} to ‘uint32_t’ {aka ‘unsigned int’} may change value [-Wconversion]
  428 |   num_on_time = history_table_get(latency, tag, line_addr, ip, addr, cycle);
      |                                   ^~~~~~~
/mnt/data/lyq/PRISM/inc/prism_framework.h: In instantiation of ‘SHIPSetAssociativeCache<T>::SHIPSetAssociativeCache(int, int, int) [with T = MetaTableEntry]’:
/mnt/data/lyq/PRISM/prefetcher/prism/prism.h:124:143:   required from here
/mnt/data/lyq/PRISM/inc/prism_framework.h:287:55: warning: declaration of ‘debug_level’ shadows a member of ‘SHIPSetAssociativeCache<MetaTableEntry>’ [-Wshadow]
  287 |   SHIPSetAssociativeCache(int size, int num_ways, int debug_level = 0)
      |                                                   ~~~~^~~~~~~~~~~~~~~
/mnt/data/lyq/PRISM/inc/prism_framework.h:157:7: note: shadowed declaration is here
  157 |   int debug_level = 0;
      |       ^~~~~~~~~~~
/mnt/data/lyq/PRISM/inc/prism_framework.h:287:41: warning: declaration of ‘num_ways’ shadows a member of ‘SHIPSetAssociativeCache<MetaTableEntry>’ [-Wshadow]
  287 |   SHIPSetAssociativeCache(int size, int num_ways, int debug_level = 0)
      |                                     ~~~~^~~~~~~~
/mnt/data/lyq/PRISM/inc/prism_framework.h:152:7: note: shadowed declaration is here
  152 |   int num_ways;
      |       ^~~~~~~~
/mnt/data/lyq/PRISM/inc/prism_framework.h:287:31: warning: declaration of ‘size’ shadows a member of ‘SHIPSetAssociativeCache<MetaTableEntry>’ [-Wshadow]
  287 |   SHIPSetAssociativeCache(int size, int num_ways, int debug_level = 0)
      |                           ~~~~^~~~
/mnt/data/lyq/PRISM/inc/prism_framework.h:151:7: note: shadowed declaration is here
  151 |   int size;
      |       ^~~~
prefetcher/vberti/vberti.cc: In member function ‘uint32_t vberti::prefetcher_cache_operate(champsim::address, champsim::address, uint8_t, bool, access_type, uint32_t)’:
prefetcher/vberti/vberti.cc:499:14: warning: unused variable ‘p_b_addr’ [-Wunused-variable]
  499 |     uint64_t p_b_addr = (p_addr >> LOG2_BLOCK_SIZE);
      |              ^~~~~~~~
prefetcher/vberti/vberti.cc: In member function ‘uint32_t vberti::prefetcher_cache_fill(champsim::address, long int, long int, uint8_t, champsim::address, uint32_t)’:
prefetcher/vberti/vberti.cc:535:20: warning: conversion from ‘long int’ to ‘uint32_t’ {aka ‘unsigned int’} may change value [-Wconversion]
  535 |   shadow_cache_add(set, way, line_addr, prefetch, latency);
      |                    ^~~
prefetcher/vberti/vberti.cc:535:25: warning: conversion from ‘long int’ to ‘uint32_t’ {aka ‘unsigned int’} may change value [-Wconversion]
  535 |   shadow_cache_add(set, way, line_addr, prefetch, latency);
      |                         ^~~
/mnt/data/lyq/PRISM/inc/prism_framework.h:287:55: warning: declaration of ‘debug_level’ shadows a member of ‘SHIPSetAssociativeCache<MetaTableEntry>’ [-Wshadow]
  287 |   SHIPSetAssociativeCache(int size, int num_ways, int debug_level = 0)
      |                                                   ~~~~^~~~~~~~~~~~~~~
/mnt/data/lyq/PRISM/inc/prism_framework.h:157:7: note: shadowed declaration is here
  157 |   int debug_level = 0;
      |       ^~~~~~~~~~~
/mnt/data/lyq/PRISM/inc/prism_framework.h:287:41: warning: declaration of ‘num_ways’ shadows a member of ‘SHIPSetAssociativeCache<MetaTableEntry>’ [-Wshadow]
  287 |   SHIPSetAssociativeCache(int size, int num_ways, int debug_level = 0)
      |                                     ~~~~^~~~~~~~
/mnt/data/lyq/PRISM/inc/prism_framework.h:152:7: note: shadowed declaration is here
  152 |   int num_ways;
      |       ^~~~~~~~
/mnt/data/lyq/PRISM/inc/prism_framework.h:287:31: warning: declaration of ‘size’ shadows a member of ‘SHIPSetAssociativeCache<MetaTableEntry>’ [-Wshadow]
  287 |   SHIPSetAssociativeCache(int size, int num_ways, int debug_level = 0)
      |                           ~~~~^~~~
/mnt/data/lyq/PRISM/inc/prism_framework.h:151:7: note: shadowed declaration is here
  151 |   int size;
      |       ^~~~
/mnt/data/lyq/PRISM/inc/prism_framework.h:287:55: warning: declaration of ‘debug_level’ shadows a member of ‘SHIPSetAssociativeCache<MetaTableEntry>’ [-Wshadow]
  287 |   SHIPSetAssociativeCache(int size, int num_ways, int debug_level = 0)
      |                                                   ~~~~^~~~~~~~~~~~~~~
/mnt/data/lyq/PRISM/inc/prism_framework.h:157:7: note: shadowed declaration is here
  157 |   int debug_level = 0;
      |       ^~~~~~~~~~~
/mnt/data/lyq/PRISM/inc/prism_framework.h:287:41: warning: declaration of ‘num_ways’ shadows a member of ‘SHIPSetAssociativeCache<MetaTableEntry>’ [-Wshadow]
  287 |   SHIPSetAssociativeCache(int size, int num_ways, int debug_level = 0)
      |                                     ~~~~^~~~~~~~
/mnt/data/lyq/PRISM/inc/prism_framework.h:152:7: note: shadowed declaration is here
  152 |   int num_ways;
      |       ^~~~~~~~
/mnt/data/lyq/PRISM/inc/prism_framework.h:287:31: warning: declaration of ‘size’ shadows a member of ‘SHIPSetAssociativeCache<MetaTableEntry>’ [-Wshadow]
  287 |   SHIPSetAssociativeCache(int size, int num_ways, int debug_level = 0)
      |                           ~~~~^~~~
/mnt/data/lyq/PRISM/inc/prism_framework.h:151:7: note: shadowed declaration is here
  151 |   int size;
      |       ^~~~
/mnt/data/lyq/PRISM/inc/prism_framework.h: In instantiation of ‘FIFOSetAssociativeCache<T>::FIFOSetAssociativeCache(int, int, int) [with T = pf_filter_entry]’:
/mnt/data/lyq/PRISM/prefetcher/prism/prism.h:167:107:   required from here
/mnt/data/lyq/PRISM/inc/prism_framework.h:166:55: warning: declaration of ‘debug_level’ shadows a member of ‘FIFOSetAssociativeCache<pf_filter_entry>’ [-Wshadow]
  166 |   FIFOSetAssociativeCache(int size, int num_ways, int debug_level = 0) : Super(size, num_ways, debug_level), fifo_ptr(this->num_sets, 0) {}
      |                                                   ~~~~^~~~~~~~~~~~~~~
/mnt/data/lyq/PRISM/inc/prism_framework.h:157:7: note: shadowed declaration is here
  157 |   int debug_level = 0;
      |       ^~~~~~~~~~~
/mnt/data/lyq/PRISM/inc/prism_framework.h:166:41: warning: declaration of ‘num_ways’ shadows a member of ‘FIFOSetAssociativeCache<pf_filter_entry>’ [-Wshadow]
  166 |   FIFOSetAssociativeCache(int size, int num_ways, int debug_level = 0) : Super(size, num_ways, debug_level), fifo_ptr(this->num_sets, 0) {}
      |                                     ~~~~^~~~~~~~
/mnt/data/lyq/PRISM/inc/prism_framework.h:152:7: note: shadowed declaration is here
  152 |   int num_ways;
      |       ^~~~~~~~
/mnt/data/lyq/PRISM/inc/prism_framework.h:166:31: warning: declaration of ‘size’ shadows a member of ‘FIFOSetAssociativeCache<pf_filter_entry>’ [-Wshadow]
  166 |   FIFOSetAssociativeCache(int size, int num_ways, int debug_level = 0) : Super(size, num_ways, debug_level), fifo_ptr(this->num_sets, 0) {}
      |                           ~~~~^~~~
/mnt/data/lyq/PRISM/inc/prism_framework.h:151:7: note: shadowed declaration is here
  151 |   int size;
      |       ^~~~
/mnt/data/lyq/PRISM/inc/prism_framework.h:166:55: warning: declaration of ‘debug_level’ shadows a member of ‘FIFOSetAssociativeCache<pf_filter_entry>’ [-Wshadow]
  166 |   FIFOSetAssociativeCache(int size, int num_ways, int debug_level = 0) : Super(size, num_ways, debug_level), fifo_ptr(this->num_sets, 0) {}
      |                                                   ~~~~^~~~~~~~~~~~~~~
/mnt/data/lyq/PRISM/inc/prism_framework.h:157:7: note: shadowed declaration is here
  157 |   int debug_level = 0;
      |       ^~~~~~~~~~~
/mnt/data/lyq/PRISM/inc/prism_framework.h:166:41: warning: declaration of ‘num_ways’ shadows a member of ‘FIFOSetAssociativeCache<pf_filter_entry>’ [-Wshadow]
  166 |   FIFOSetAssociativeCache(int size, int num_ways, int debug_level = 0) : Super(size, num_ways, debug_level), fifo_ptr(this->num_sets, 0) {}
      |                                     ~~~~^~~~~~~~
/mnt/data/lyq/PRISM/inc/prism_framework.h:152:7: note: shadowed declaration is here
  152 |   int num_ways;
      |       ^~~~~~~~
/mnt/data/lyq/PRISM/inc/prism_framework.h:166:31: warning: declaration of ‘size’ shadows a member of ‘FIFOSetAssociativeCache<pf_filter_entry>’ [-Wshadow]
  166 |   FIFOSetAssociativeCache(int size, int num_ways, int debug_level = 0) : Super(size, num_ways, debug_level), fifo_ptr(this->num_sets, 0) {}
      |                           ~~~~^~~~
/mnt/data/lyq/PRISM/inc/prism_framework.h:151:7: note: shadowed declaration is here
  151 |   int size;
      |       ^~~~
/mnt/data/lyq/PRISM/inc/prism_framework.h:166:55: warning: declaration of ‘debug_level’ shadows a member of ‘FIFOSetAssociativeCache<pf_filter_entry>’ [-Wshadow]
  166 |   FIFOSetAssociativeCache(int size, int num_ways, int debug_level = 0) : Super(size, num_ways, debug_level), fifo_ptr(this->num_sets, 0) {}
      |                                                   ~~~~^~~~~~~~~~~~~~~
/mnt/data/lyq/PRISM/inc/prism_framework.h:157:7: note: shadowed declaration is here
  157 |   int debug_level = 0;
      |       ^~~~~~~~~~~
/mnt/data/lyq/PRISM/inc/prism_framework.h:166:41: warning: declaration of ‘num_ways’ shadows a member of ‘FIFOSetAssociativeCache<pf_filter_entry>’ [-Wshadow]
  166 |   FIFOSetAssociativeCache(int size, int num_ways, int debug_level = 0) : Super(size, num_ways, debug_level), fifo_ptr(this->num_sets, 0) {}
      |                                     ~~~~^~~~~~~~
/mnt/data/lyq/PRISM/inc/prism_framework.h:152:7: note: shadowed declaration is here
  152 |   int num_ways;
      |       ^~~~~~~~
/mnt/data/lyq/PRISM/inc/prism_framework.h:166:31: warning: declaration of ‘size’ shadows a member of ‘FIFOSetAssociativeCache<pf_filter_entry>’ [-Wshadow]
  166 |   FIFOSetAssociativeCache(int size, int num_ways, int debug_level = 0) : Super(size, num_ways, debug_level), fifo_ptr(this->num_sets, 0) {}
      |                           ~~~~^~~~
/mnt/data/lyq/PRISM/inc/prism_framework.h:151:7: note: shadowed declaration is here
  151 |   int size;
      |       ^~~~
/mnt/data/lyq/PRISM/inc/prism_framework.h: In instantiation of ‘LRUSetAssociativeCache<T>::LRUSetAssociativeCache(int, int, int) [with T = prism::PCTableEntry]’:
/mnt/data/lyq/PRISM/prefetcher/prism/prism.h:286:121:   required from here
/mnt/data/lyq/PRISM/inc/prism_framework.h:254:54: warning: declaration of ‘debug_level’ shadows a member of ‘LRUSetAssociativeCache<prism::PCTableEntry>’ [-Wshadow]
  254 |   LRUSetAssociativeCache(int size, int num_ways, int debug_level = 0) : Super(size, num_ways, debug_level), lru(this->num_sets, vector<uint64_t>(num_ways)) {}
      |                                                  ~~~~^~~~~~~~~~~~~~~
/mnt/data/lyq/PRISM/inc/prism_framework.h:157:7: note: shadowed declaration is here
  157 |   int debug_level = 0;
      |       ^~~~~~~~~~~
/mnt/data/lyq/PRISM/inc/prism_framework.h:254:40: warning: declaration of ‘num_ways’ shadows a member of ‘LRUSetAssociativeCache<prism::PCTableEntry>’ [-Wshadow]
  254 |   LRUSetAssociativeCache(int size, int num_ways, int debug_level = 0) : Super(size, num_ways, debug_level), lru(this->num_sets, vector<uint64_t>(num_ways)) {}
      |                                    ~~~~^~~~~~~~
/mnt/data/lyq/PRISM/inc/prism_framework.h:152:7: note: shadowed declaration is here
  152 |   int num_ways;
      |       ^~~~~~~~
/mnt/data/lyq/PRISM/inc/prism_framework.h:254:30: warning: declaration of ‘size’ shadows a member of ‘LRUSetAssociativeCache<prism::PCTableEntry>’ [-Wshadow]
  254 |   LRUSetAssociativeCache(int size, int num_ways, int debug_level = 0) : Super(size, num_ways, debug_level), lru(this->num_sets, vector<uint64_t>(num_ways)) {}
      |                          ~~~~^~~~
/mnt/data/lyq/PRISM/inc/prism_framework.h:151:7: note: shadowed declaration is here
  151 |   int size;
      |       ^~~~
/mnt/data/lyq/PRISM/inc/prism_framework.h:254:54: warning: declaration of ‘debug_level’ shadows a member of ‘LRUSetAssociativeCache<prism::PCTableEntry>’ [-Wshadow]
  254 |   LRUSetAssociativeCache(int size, int num_ways, int debug_level = 0) : Super(size, num_ways, debug_level), lru(this->num_sets, vector<uint64_t>(num_ways)) {}
      |                                                  ~~~~^~~~~~~~~~~~~~~
/mnt/data/lyq/PRISM/inc/prism_framework.h:157:7: note: shadowed declaration is here
  157 |   int debug_level = 0;
      |       ^~~~~~~~~~~
/mnt/data/lyq/PRISM/inc/prism_framework.h:254:40: warning: declaration of ‘num_ways’ shadows a member of ‘LRUSetAssociativeCache<prism::PCTableEntry>’ [-Wshadow]
  254 |   LRUSetAssociativeCache(int size, int num_ways, int debug_level = 0) : Super(size, num_ways, debug_level), lru(this->num_sets, vector<uint64_t>(num_ways)) {}
      |                                    ~~~~^~~~~~~~
/mnt/data/lyq/PRISM/inc/prism_framework.h:152:7: note: shadowed declaration is here
  152 |   int num_ways;
      |       ^~~~~~~~
/mnt/data/lyq/PRISM/inc/prism_framework.h:254:30: warning: declaration of ‘size’ shadows a member of ‘LRUSetAssociativeCache<prism::PCTableEntry>’ [-Wshadow]
  254 |   LRUSetAssociativeCache(int size, int num_ways, int debug_level = 0) : Super(size, num_ways, debug_level), lru(this->num_sets, vector<uint64_t>(num_ways)) {}
      |                          ~~~~^~~~
/mnt/data/lyq/PRISM/inc/prism_framework.h:151:7: note: shadowed declaration is here
  151 |   int size;
      |       ^~~~
/mnt/data/lyq/PRISM/inc/prism_framework.h:254:54: warning: declaration of ‘debug_level’ shadows a member of ‘LRUSetAssociativeCache<prism::PCTableEntry>’ [-Wshadow]
  254 |   LRUSetAssociativeCache(int size, int num_ways, int debug_level = 0) : Super(size, num_ways, debug_level), lru(this->num_sets, vector<uint64_t>(num_ways)) {}
      |                                                  ~~~~^~~~~~~~~~~~~~~
/mnt/data/lyq/PRISM/inc/prism_framework.h:157:7: note: shadowed declaration is here
  157 |   int debug_level = 0;
      |       ^~~~~~~~~~~
/mnt/data/lyq/PRISM/inc/prism_framework.h:254:40: warning: declaration of ‘num_ways’ shadows a member of ‘LRUSetAssociativeCache<prism::PCTableEntry>’ [-Wshadow]
  254 |   LRUSetAssociativeCache(int size, int num_ways, int debug_level = 0) : Super(size, num_ways, debug_level), lru(this->num_sets, vector<uint64_t>(num_ways)) {}
      |                                    ~~~~^~~~~~~~
/mnt/data/lyq/PRISM/inc/prism_framework.h:152:7: note: shadowed declaration is here
  152 |   int num_ways;
      |       ^~~~~~~~
/mnt/data/lyq/PRISM/inc/prism_framework.h:254:30: warning: declaration of ‘size’ shadows a member of ‘LRUSetAssociativeCache<prism::PCTableEntry>’ [-Wshadow]
  254 |   LRUSetAssociativeCache(int size, int num_ways, int debug_level = 0) : Super(size, num_ways, debug_level), lru(this->num_sets, vector<uint64_t>(num_ways)) {}
      |                          ~~~~^~~~
/mnt/data/lyq/PRISM/inc/prism_framework.h:151:7: note: shadowed declaration is here
  151 |   int size;
      |       ^~~~
In file included from prefetcher/kairos/kairos.cc:1:
prefetcher/kairos/kairos.h: In constructor ‘DetectUnit::DetectUnit()’:
prefetcher/kairos/kairos.h:105:12: warning: ‘DetectUnit::total_miss’ will be initialized after [-Wreorder]
  105 |   uint64_t total_miss;
      |            ^~~~~~~~~~
prefetcher/kairos/kairos.h:104:35: warning:   ‘PseudoLRUCache<DetectUnitEntry> DetectUnit::table’ [-Wreorder]
  104 |   PseudoLRUCache<DetectUnitEntry> table;
      |                                   ^~~~~
prefetcher/kairos/kairos.h:108:3: warning:   when initialized here [-Wreorder]
  108 |   DetectUnit() : total_miss(0), table(DETECT_UNIT_SIZE) {}
      |   ^~~~~~~~~~
prefetcher/kairos/kairos.h: In member function ‘Key_Tag_Type TrainUnit::update(uint64_t, uint64_t&, uint64_t, bool, bool, bool)’:
prefetcher/kairos/kairos.h:186:45: warning: conversion from ‘uint64_t’ {aka ‘long unsigned int’} to ‘double’ may change value [-Wconversion]
  186 |         double coverage = 1.0 * entry->data.useful_pf_count / entry->data.miss_count;
      |                                 ~~~~~~~~~~~~^~~~~~~~~~~~~~~
prefetcher/kairos/kairos.h:186:75: warning: conversion from ‘uint64_t’ {aka ‘long unsigned int’} to ‘double’ may change value [-Wconversion]
  186 |         double coverage = 1.0 * entry->data.useful_pf_count / entry->data.miss_count;
      |                                                               ~~~~~~~~~~~~^~~~~~~~~~
prefetcher/kairos/kairos.h: In member function ‘void kairos::evaluate_window()’:
prefetcher/kairos/kairos.h:400:30: warning: conversion from ‘uint64_t’ {aka ‘long unsigned int’} to ‘double’ may change value [-Wconversion]
  400 |     double miss_rate = 1.0 * miss_count / TRACKING_WINDOW;
      |                              ^~~~~~~~~~
prefetcher/kairos/kairos.h:405:23: warning: conversion from ‘uint64_t’ {aka ‘long unsigned int’} to ‘double’ may change value [-Wconversion]
  405 |       utility = 1.0 * prefetch_hit_count / miss_count;
      |                       ^~~~~~~~~~~~~~~~~~
prefetcher/kairos/kairos.h:405:44: warning: conversion from ‘uint64_t’ {aka ‘long unsigned int’} to ‘double’ may change value [-Wconversion]
  405 |       utility = 1.0 * prefetch_hit_count / miss_count;
      |                                            ^~~~~~~~~~
prefetcher/kairos/kairos.h:411:38: warning: conversion from ‘uint64_t’ {aka ‘long unsigned int’} to ‘double’ may change value [-Wconversion]
  411 |       delta_miss = 1.0 * (miss_count - previous_miss_count) / access_count;
      |                          ~~~~~~~~~~~~^~~~~~~~~~~~~~~~~~~~~~
prefetcher/kairos/kairos.h:411:63: warning: conversion from ‘uint64_t’ {aka ‘long unsigned int’} to ‘double’ may change value [-Wconversion]
  411 |       delta_miss = 1.0 * (miss_count - previous_miss_count) / access_count;
      |                                                               ^~~~~~~~~~~~
prefetcher/kairos/kairos.h:420:42: warning: conversion from ‘uint64_t’ {aka ‘long unsigned int’} to ‘double’ may change value [-Wconversion]
  420 |       if (delta_k > THETA_PLUS || (1.0 * prefetch_hit_count / access_count) > (1.0 * metadata.actual_way / META_WAY_MAX))
      |                                          ^~~~~~~~~~~~~~~~~~
prefetcher/kairos/kairos.h:420:63: warning: conversion from ‘uint64_t’ {aka ‘long unsigned int’} to ‘double’ may change value [-Wconversion]
  420 |       if (delta_k > THETA_PLUS || (1.0 * prefetch_hit_count / access_count) > (1.0 * metadata.actual_way / META_WAY_MAX))
      |                                                               ^~~~~~~~~~~~
prefetcher/kairos/kairos.h:420:95: warning: conversion from ‘size_t’ {aka ‘long unsigned int’} to ‘double’ may change value [-Wconversion]
  420 |       if (delta_k > THETA_PLUS || (1.0 * prefetch_hit_count / access_count) > (1.0 * metadata.actual_way / META_WAY_MAX))
      |                                                                                      ~~~~~~~~~^~~~~~~~~~
prefetcher/kairos/kairos.h:450:52: warning: conversion from ‘size_t’ {aka ‘long unsigned int’} to ‘uint32_t’ {aka ‘unsigned int’} may change value [-Wconversion]
  450 |       uint32_t available_ways = llc_cache->NUM_WAY - metadata.actual_way;
      |                                 ~~~~~~~~~~~~~~~~~~~^~~~~~~~~~~~~~~~~~~~~
prefetcher/kairos/kairos.cc: In member function ‘uint32_t kairos::prefetcher_cache_operate(champsim::address, champsim::address, uint8_t, bool, access_type, uint32_t)’:
prefetcher/kairos/kairos.cc:51:23: warning: comparison of integer expressions of different signedness: ‘int’ and ‘std::vector<long unsigned int>::size_type’ {aka ‘long unsigned int’} [-Wsign-compare]
   51 |     for (int i = 0; i < prefetch_candidate.size(); i++) {
      |                     ~~^~~~~~~~~~~~~~~~~~~~~~~~~~~
In file included from /mnt/data/lyq/PRISM/prefetcher/prism/prism.h:18,
                 from .csconfig/core_inst.cc.inc:12,
                 from src/generated_environment.cc:28:
/mnt/data/lyq/PRISM/inc/prism_framework.h: In instantiation of ‘SetAssociativeCache<T>::SetAssociativeCache(int, int, int) [with T = MetaTableEntry]’:
/mnt/data/lyq/PRISM/inc/prism_framework.h:422:158:   required from ‘SRRIPSetAssociativeCache<T>::SRRIPSetAssociativeCache(int, int, int) [with T = MetaTableEntry]’
/mnt/data/lyq/PRISM/prefetcher/prism/prism.h:89:119:   required from here
/mnt/data/lyq/PRISM/inc/prism_framework.h:31:51: warning: declaration of ‘debug_level’ shadows a member of ‘SetAssociativeCache<MetaTableEntry>’ [-Wshadow]
   31 |   SetAssociativeCache(int size, int num_ways, int debug_level = 0)
      |                                               ~~~~^~~~~~~~~~~~~~~
In file included from /mnt/data/lyq/PRISM/prefetcher/prism/prism.h:18,
                 from .csconfig/core_inst.cc.inc:12,
                 from src/generated_environment.cc:28:
/mnt/data/lyq/PRISM/inc/prism_framework.h:157:7: note: shadowed declaration is here
  157 |   int debug_level = 0;
      |       ^~~~~~~~~~~
In file included from /mnt/data/lyq/PRISM/prefetcher/prism/prism.h:18,
                 from .csconfig/core_inst.cc.inc:12,
                 from src/generated_environment.cc:28:
/mnt/data/lyq/PRISM/inc/prism_framework.h:31:37: warning: declaration of ‘num_ways’ shadows a member of ‘SetAssociativeCache<MetaTableEntry>’ [-Wshadow]
   31 |   SetAssociativeCache(int size, int num_ways, int debug_level = 0)
      |                                 ~~~~^~~~~~~~
In file included from /mnt/data/lyq/PRISM/prefetcher/prism/prism.h:18,
                 from .csconfig/core_inst.cc.inc:12,
                 from src/generated_environment.cc:28:
/mnt/data/lyq/PRISM/inc/prism_framework.h:152:7: note: shadowed declaration is here
  152 |   int num_ways;
      |       ^~~~~~~~
In file included from /mnt/data/lyq/PRISM/prefetcher/prism/prism.h:18,
                 from .csconfig/core_inst.cc.inc:12,
                 from src/generated_environment.cc:28:
/mnt/data/lyq/PRISM/inc/prism_framework.h:31:27: warning: declaration of ‘size’ shadows a member of ‘SetAssociativeCache<MetaTableEntry>’ [-Wshadow]
   31 |   SetAssociativeCache(int size, int num_ways, int debug_level = 0)
      |                       ~~~~^~~~
In file included from /mnt/data/lyq/PRISM/prefetcher/prism/prism.h:18,
                 from .csconfig/core_inst.cc.inc:12,
                 from src/generated_environment.cc:28:
/mnt/data/lyq/PRISM/inc/prism_framework.h:151:7: note: shadowed declaration is here
  151 |   int size;
      |       ^~~~
In file included from /mnt/data/lyq/PRISM/prefetcher/prism/prism.h:18,
                 from .csconfig/core_inst.cc.inc:12,
                 from src/generated_environment.cc:28:
/mnt/data/lyq/PRISM/inc/prism_framework.h:31:51: warning: declaration of ‘debug_level’ shadows a member of ‘SetAssociativeCache<MetaTableEntry>’ [-Wshadow]
   31 |   SetAssociativeCache(int size, int num_ways, int debug_level = 0)
      |                                               ~~~~^~~~~~~~~~~~~~~
In file included from /mnt/data/lyq/PRISM/prefetcher/prism/prism.h:18,
                 from .csconfig/core_inst.cc.inc:12,
                 from src/generated_environment.cc:28:
/mnt/data/lyq/PRISM/inc/prism_framework.h:157:7: note: shadowed declaration is here
  157 |   int debug_level = 0;
      |       ^~~~~~~~~~~
In file included from /mnt/data/lyq/PRISM/prefetcher/prism/prism.h:18,
                 from .csconfig/core_inst.cc.inc:12,
                 from src/generated_environment.cc:28:
/mnt/data/lyq/PRISM/inc/prism_framework.h:31:37: warning: declaration of ‘num_ways’ shadows a member of ‘SetAssociativeCache<MetaTableEntry>’ [-Wshadow]
   31 |   SetAssociativeCache(int size, int num_ways, int debug_level = 0)
      |                                 ~~~~^~~~~~~~
In file included from /mnt/data/lyq/PRISM/prefetcher/prism/prism.h:18,
                 from .csconfig/core_inst.cc.inc:12,
                 from src/generated_environment.cc:28:
/mnt/data/lyq/PRISM/inc/prism_framework.h:152:7: note: shadowed declaration is here
  152 |   int num_ways;
      |       ^~~~~~~~
In file included from /mnt/data/lyq/PRISM/prefetcher/prism/prism.h:18,
                 from .csconfig/core_inst.cc.inc:12,
                 from src/generated_environment.cc:28:
/mnt/data/lyq/PRISM/inc/prism_framework.h:31:27: warning: declaration of ‘size’ shadows a member of ‘SetAssociativeCache<MetaTableEntry>’ [-Wshadow]
   31 |   SetAssociativeCache(int size, int num_ways, int debug_level = 0)
      |                       ~~~~^~~~
In file included from /mnt/data/lyq/PRISM/prefetcher/prism/prism.h:18,
                 from .csconfig/core_inst.cc.inc:12,
                 from src/generated_environment.cc:28:
/mnt/data/lyq/PRISM/inc/prism_framework.h:151:7: note: shadowed declaration is here
  151 |   int size;
      |       ^~~~
In file included from /mnt/data/lyq/PRISM/prefetcher/prism/prism.h:18,
                 from .csconfig/core_inst.cc.inc:12,
                 from src/generated_environment.cc:28:
/mnt/data/lyq/PRISM/inc/prism_framework.h:31:51: warning: declaration of ‘debug_level’ shadows a member of ‘SetAssociativeCache<MetaTableEntry>’ [-Wshadow]
   31 |   SetAssociativeCache(int size, int num_ways, int debug_level = 0)
      |                                               ~~~~^~~~~~~~~~~~~~~
In file included from /mnt/data/lyq/PRISM/prefetcher/prism/prism.h:18,
                 from .csconfig/core_inst.cc.inc:12,
                 from src/generated_environment.cc:28:
/mnt/data/lyq/PRISM/inc/prism_framework.h:157:7: note: shadowed declaration is here
  157 |   int debug_level = 0;
      |       ^~~~~~~~~~~
In file included from /mnt/data/lyq/PRISM/prefetcher/prism/prism.h:18,
                 from .csconfig/core_inst.cc.inc:12,
                 from src/generated_environment.cc:28:
/mnt/data/lyq/PRISM/inc/prism_framework.h:31:37: warning: declaration of ‘num_ways’ shadows a member of ‘SetAssociativeCache<MetaTableEntry>’ [-Wshadow]
   31 |   SetAssociativeCache(int size, int num_ways, int debug_level = 0)
      |                                 ~~~~^~~~~~~~
In file included from /mnt/data/lyq/PRISM/prefetcher/prism/prism.h:18,
                 from .csconfig/core_inst.cc.inc:12,
                 from src/generated_environment.cc:28:
/mnt/data/lyq/PRISM/inc/prism_framework.h:152:7: note: shadowed declaration is here
  152 |   int num_ways;
      |       ^~~~~~~~
In file included from /mnt/data/lyq/PRISM/prefetcher/prism/prism.h:18,
                 from .csconfig/core_inst.cc.inc:12,
                 from src/generated_environment.cc:28:
/mnt/data/lyq/PRISM/inc/prism_framework.h:31:27: warning: declaration of ‘size’ shadows a member of ‘SetAssociativeCache<MetaTableEntry>’ [-Wshadow]
   31 |   SetAssociativeCache(int size, int num_ways, int debug_level = 0)
      |                       ~~~~^~~~
In file included from /mnt/data/lyq/PRISM/prefetcher/prism/prism.h:18,
                 from .csconfig/core_inst.cc.inc:12,
                 from src/generated_environment.cc:28:
/mnt/data/lyq/PRISM/inc/prism_framework.h:151:7: note: shadowed declaration is here
  151 |   int size;
      |       ^~~~
/mnt/data/lyq/PRISM/inc/prism_framework.h: In instantiation of ‘int SetAssociativeCache<T>::select_victim(uint64_t) [with T = MetaTableEntry; uint64_t = long unsigned int]’:
/mnt/data/lyq/PRISM/inc/prism_framework.h:82:26:   required from ‘SetAssociativeCache<T>::Entry SetAssociativeCache<T>::insert(uint64_t, const T&) [with T = MetaTableEntry; uint64_t = long unsigned int]’
/mnt/data/lyq/PRISM/prefetcher/prism/prism.h:104:12:   required from here
/mnt/data/lyq/PRISM/inc/prism_framework.h:135:38: warning: unused parameter ‘index’ [-Wunused-parameter]
  135 |   virtual int select_victim(uint64_t index)
      |                             ~~~~~~~~~^~~~~
In file included from /mnt/data/lyq/PRISM/prefetcher/prism/prism.h:18,
                 from .csconfig/core_inst.cc.inc:12,
                 from src/generated_environment.cc:28:
/mnt/data/lyq/PRISM/inc/prism_framework.h: In instantiation of ‘SetAssociativeCache<T>::SetAssociativeCache(int, int, int) [with T = pf_filter_entry]’:
/mnt/data/lyq/PRISM/inc/prism_framework.h:166:136:   required from ‘FIFOSetAssociativeCache<T>::FIFOSetAssociativeCache(int, int, int) [with T = pf_filter_entry]’
/mnt/data/lyq/PRISM/prefetcher/prism/prism.h:167:107:   required from here
/mnt/data/lyq/PRISM/inc/prism_framework.h:31:51: warning: declaration of ‘debug_level’ shadows a member of ‘SetAssociativeCache<pf_filter_entry>’ [-Wshadow]
   31 |   SetAssociativeCache(int size, int num_ways, int debug_level = 0)
      |                                               ~~~~^~~~~~~~~~~~~~~
In file included from /mnt/data/lyq/PRISM/prefetcher/prism/prism.h:18,
                 from .csconfig/core_inst.cc.inc:12,
                 from src/generated_environment.cc:28:
/mnt/data/lyq/PRISM/inc/prism_framework.h:157:7: note: shadowed declaration is here
  157 |   int debug_level = 0;
      |       ^~~~~~~~~~~
In file included from /mnt/data/lyq/PRISM/prefetcher/prism/prism.h:18,
                 from .csconfig/core_inst.cc.inc:12,
                 from src/generated_environment.cc:28:
/mnt/data/lyq/PRISM/inc/prism_framework.h:31:37: warning: declaration of ‘num_ways’ shadows a member of ‘SetAssociativeCache<pf_filter_entry>’ [-Wshadow]
   31 |   SetAssociativeCache(int size, int num_ways, int debug_level = 0)
      |                                 ~~~~^~~~~~~~
In file included from /mnt/data/lyq/PRISM/prefetcher/prism/prism.h:18,
                 from .csconfig/core_inst.cc.inc:12,
                 from src/generated_environment.cc:28:
/mnt/data/lyq/PRISM/inc/prism_framework.h:152:7: note: shadowed declaration is here
  152 |   int num_ways;
      |       ^~~~~~~~
In file included from /mnt/data/lyq/PRISM/prefetcher/prism/prism.h:18,
                 from .csconfig/core_inst.cc.inc:12,
                 from src/generated_environment.cc:28:
/mnt/data/lyq/PRISM/inc/prism_framework.h:31:27: warning: declaration of ‘size’ shadows a member of ‘SetAssociativeCache<pf_filter_entry>’ [-Wshadow]
   31 |   SetAssociativeCache(int size, int num_ways, int debug_level = 0)
      |                       ~~~~^~~~
In file included from /mnt/data/lyq/PRISM/prefetcher/prism/prism.h:18,
                 from .csconfig/core_inst.cc.inc:12,
                 from src/generated_environment.cc:28:
/mnt/data/lyq/PRISM/inc/prism_framework.h:151:7: note: shadowed declaration is here
  151 |   int size;
      |       ^~~~
In file included from /mnt/data/lyq/PRISM/prefetcher/prism/prism.h:18,
                 from .csconfig/core_inst.cc.inc:12,
                 from src/generated_environment.cc:28:
/mnt/data/lyq/PRISM/inc/prism_framework.h:31:51: warning: declaration of ‘debug_level’ shadows a member of ‘SetAssociativeCache<pf_filter_entry>’ [-Wshadow]
   31 |   SetAssociativeCache(int size, int num_ways, int debug_level = 0)
      |                                               ~~~~^~~~~~~~~~~~~~~
In file included from /mnt/data/lyq/PRISM/prefetcher/prism/prism.h:18,
                 from .csconfig/core_inst.cc.inc:12,
                 from src/generated_environment.cc:28:
/mnt/data/lyq/PRISM/inc/prism_framework.h:157:7: note: shadowed declaration is here
  157 |   int debug_level = 0;
      |       ^~~~~~~~~~~
In file included from /mnt/data/lyq/PRISM/prefetcher/prism/prism.h:18,
                 from .csconfig/core_inst.cc.inc:12,
                 from src/generated_environment.cc:28:
/mnt/data/lyq/PRISM/inc/prism_framework.h:31:37: warning: declaration of ‘num_ways’ shadows a member of ‘SetAssociativeCache<pf_filter_entry>’ [-Wshadow]
   31 |   SetAssociativeCache(int size, int num_ways, int debug_level = 0)
      |                                 ~~~~^~~~~~~~
In file included from /mnt/data/lyq/PRISM/prefetcher/prism/prism.h:18,
                 from .csconfig/core_inst.cc.inc:12,
                 from src/generated_environment.cc:28:
/mnt/data/lyq/PRISM/inc/prism_framework.h:152:7: note: shadowed declaration is here
  152 |   int num_ways;
      |       ^~~~~~~~
In file included from /mnt/data/lyq/PRISM/prefetcher/prism/prism.h:18,
                 from .csconfig/core_inst.cc.inc:12,
                 from src/generated_environment.cc:28:
/mnt/data/lyq/PRISM/inc/prism_framework.h:31:27: warning: declaration of ‘size’ shadows a member of ‘SetAssociativeCache<pf_filter_entry>’ [-Wshadow]
   31 |   SetAssociativeCache(int size, int num_ways, int debug_level = 0)
      |                       ~~~~^~~~
In file included from /mnt/data/lyq/PRISM/prefetcher/prism/prism.h:18,
                 from .csconfig/core_inst.cc.inc:12,
                 from src/generated_environment.cc:28:
/mnt/data/lyq/PRISM/inc/prism_framework.h:151:7: note: shadowed declaration is here
  151 |   int size;
      |       ^~~~
In file included from /mnt/data/lyq/PRISM/prefetcher/prism/prism.h:18,
                 from .csconfig/core_inst.cc.inc:12,
                 from src/generated_environment.cc:28:
/mnt/data/lyq/PRISM/inc/prism_framework.h:31:51: warning: declaration of ‘debug_level’ shadows a member of ‘SetAssociativeCache<pf_filter_entry>’ [-Wshadow]
   31 |   SetAssociativeCache(int size, int num_ways, int debug_level = 0)
      |                                               ~~~~^~~~~~~~~~~~~~~
In file included from /mnt/data/lyq/PRISM/prefetcher/prism/prism.h:18,
                 from .csconfig/core_inst.cc.inc:12,
                 from src/generated_environment.cc:28:
/mnt/data/lyq/PRISM/inc/prism_framework.h:157:7: note: shadowed declaration is here
  157 |   int debug_level = 0;
      |       ^~~~~~~~~~~
In file included from /mnt/data/lyq/PRISM/prefetcher/prism/prism.h:18,
                 from .csconfig/core_inst.cc.inc:12,
                 from src/generated_environment.cc:28:
/mnt/data/lyq/PRISM/inc/prism_framework.h:31:37: warning: declaration of ‘num_ways’ shadows a member of ‘SetAssociativeCache<pf_filter_entry>’ [-Wshadow]
   31 |   SetAssociativeCache(int size, int num_ways, int debug_level = 0)
      |                                 ~~~~^~~~~~~~
In file included from /mnt/data/lyq/PRISM/prefetcher/prism/prism.h:18,
                 from .csconfig/core_inst.cc.inc:12,
                 from src/generated_environment.cc:28:
/mnt/data/lyq/PRISM/inc/prism_framework.h:152:7: note: shadowed declaration is here
  152 |   int num_ways;
      |       ^~~~~~~~
In file included from /mnt/data/lyq/PRISM/prefetcher/prism/prism.h:18,
                 from .csconfig/core_inst.cc.inc:12,
                 from src/generated_environment.cc:28:
/mnt/data/lyq/PRISM/inc/prism_framework.h:31:27: warning: declaration of ‘size’ shadows a member of ‘SetAssociativeCache<pf_filter_entry>’ [-Wshadow]
   31 |   SetAssociativeCache(int size, int num_ways, int debug_level = 0)
      |                       ~~~~^~~~
In file included from /mnt/data/lyq/PRISM/prefetcher/prism/prism.h:18,
                 from .csconfig/core_inst.cc.inc:12,
                 from src/generated_environment.cc:28:
/mnt/data/lyq/PRISM/inc/prism_framework.h:151:7: note: shadowed declaration is here
  151 |   int size;
      |       ^~~~
/mnt/data/lyq/PRISM/inc/prism_framework.h: In instantiation of ‘int SetAssociativeCache<T>::select_victim(uint64_t) [with T = pf_filter_entry; uint64_t = long unsigned int]’:
/mnt/data/lyq/PRISM/inc/prism_framework.h:82:26:   required from ‘SetAssociativeCache<T>::Entry SetAssociativeCache<T>::insert(uint64_t, const T&) [with T = pf_filter_entry; uint64_t = long unsigned int]’
/mnt/data/lyq/PRISM/prefetcher/prism/prism.h:172:12:   required from here
/mnt/data/lyq/PRISM/inc/prism_framework.h:135:38: warning: unused parameter ‘index’ [-Wunused-parameter]
  135 |   virtual int select_victim(uint64_t index)
      |                             ~~~~~~~~~^~~~~
In file included from /mnt/data/lyq/PRISM/prefetcher/prism/prism.h:18,
                 from .csconfig/core_inst.cc.inc:12,
                 from src/generated_environment.cc:28:
/mnt/data/lyq/PRISM/inc/prism_framework.h: In instantiation of ‘SetAssociativeCache<T>::SetAssociativeCache(int, int, int) [with T = prism::PCTableEntry]’:
/mnt/data/lyq/PRISM/inc/prism_framework.h:254:155:   required from ‘LRUSetAssociativeCache<T>::LRUSetAssociativeCache(int, int, int) [with T = prism::PCTableEntry]’
/mnt/data/lyq/PRISM/prefetcher/prism/prism.h:286:121:   required from here
/mnt/data/lyq/PRISM/inc/prism_framework.h:31:51: warning: declaration of ‘debug_level’ shadows a member of ‘SetAssociativeCache<prism::PCTableEntry>’ [-Wshadow]
   31 |   SetAssociativeCache(int size, int num_ways, int debug_level = 0)
      |                                               ~~~~^~~~~~~~~~~~~~~
In file included from /mnt/data/lyq/PRISM/prefetcher/prism/prism.h:18,
                 from .csconfig/core_inst.cc.inc:12,
                 from src/generated_environment.cc:28:
/mnt/data/lyq/PRISM/inc/prism_framework.h:157:7: note: shadowed declaration is here
  157 |   int debug_level = 0;
      |       ^~~~~~~~~~~
In file included from /mnt/data/lyq/PRISM/prefetcher/prism/prism.h:18,
                 from .csconfig/core_inst.cc.inc:12,
                 from src/generated_environment.cc:28:
/mnt/data/lyq/PRISM/inc/prism_framework.h:31:37: warning: declaration of ‘num_ways’ shadows a member of ‘SetAssociativeCache<prism::PCTableEntry>’ [-Wshadow]
   31 |   SetAssociativeCache(int size, int num_ways, int debug_level = 0)
      |                                 ~~~~^~~~~~~~
In file included from /mnt/data/lyq/PRISM/prefetcher/prism/prism.h:18,
                 from .csconfig/core_inst.cc.inc:12,
                 from src/generated_environment.cc:28:
/mnt/data/lyq/PRISM/inc/prism_framework.h:152:7: note: shadowed declaration is here
  152 |   int num_ways;
      |       ^~~~~~~~
In file included from /mnt/data/lyq/PRISM/prefetcher/prism/prism.h:18,
                 from .csconfig/core_inst.cc.inc:12,
                 from src/generated_environment.cc:28:
/mnt/data/lyq/PRISM/inc/prism_framework.h:31:27: warning: declaration of ‘size’ shadows a member of ‘SetAssociativeCache<prism::PCTableEntry>’ [-Wshadow]
   31 |   SetAssociativeCache(int size, int num_ways, int debug_level = 0)
      |                       ~~~~^~~~
In file included from /mnt/data/lyq/PRISM/prefetcher/prism/prism.h:18,
                 from .csconfig/core_inst.cc.inc:12,
                 from src/generated_environment.cc:28:
/mnt/data/lyq/PRISM/inc/prism_framework.h:151:7: note: shadowed declaration is here
  151 |   int size;
      |       ^~~~
In file included from /mnt/data/lyq/PRISM/prefetcher/prism/prism.h:18,
                 from .csconfig/core_inst.cc.inc:12,
                 from src/generated_environment.cc:28:
/mnt/data/lyq/PRISM/inc/prism_framework.h:31:51: warning: declaration of ‘debug_level’ shadows a member of ‘SetAssociativeCache<prism::PCTableEntry>’ [-Wshadow]
   31 |   SetAssociativeCache(int size, int num_ways, int debug_level = 0)
      |                                               ~~~~^~~~~~~~~~~~~~~
In file included from /mnt/data/lyq/PRISM/prefetcher/prism/prism.h:18,
                 from .csconfig/core_inst.cc.inc:12,
                 from src/generated_environment.cc:28:
/mnt/data/lyq/PRISM/inc/prism_framework.h:157:7: note: shadowed declaration is here
  157 |   int debug_level = 0;
      |       ^~~~~~~~~~~
In file included from /mnt/data/lyq/PRISM/prefetcher/prism/prism.h:18,
                 from .csconfig/core_inst.cc.inc:12,
                 from src/generated_environment.cc:28:
/mnt/data/lyq/PRISM/inc/prism_framework.h:31:37: warning: declaration of ‘num_ways’ shadows a member of ‘SetAssociativeCache<prism::PCTableEntry>’ [-Wshadow]
   31 |   SetAssociativeCache(int size, int num_ways, int debug_level = 0)
      |                                 ~~~~^~~~~~~~
In file included from /mnt/data/lyq/PRISM/prefetcher/prism/prism.h:18,
                 from .csconfig/core_inst.cc.inc:12,
                 from src/generated_environment.cc:28:
/mnt/data/lyq/PRISM/inc/prism_framework.h:152:7: note: shadowed declaration is here
  152 |   int num_ways;
      |       ^~~~~~~~
In file included from /mnt/data/lyq/PRISM/prefetcher/prism/prism.h:18,
                 from .csconfig/core_inst.cc.inc:12,
                 from src/generated_environment.cc:28:
/mnt/data/lyq/PRISM/inc/prism_framework.h:31:27: warning: declaration of ‘size’ shadows a member of ‘SetAssociativeCache<prism::PCTableEntry>’ [-Wshadow]
   31 |   SetAssociativeCache(int size, int num_ways, int debug_level = 0)
      |                       ~~~~^~~~
In file included from /mnt/data/lyq/PRISM/prefetcher/prism/prism.h:18,
                 from .csconfig/core_inst.cc.inc:12,
                 from src/generated_environment.cc:28:
/mnt/data/lyq/PRISM/inc/prism_framework.h:151:7: note: shadowed declaration is here
  151 |   int size;
      |       ^~~~
In file included from /mnt/data/lyq/PRISM/prefetcher/prism/prism.h:18,
                 from .csconfig/core_inst.cc.inc:12,
                 from src/generated_environment.cc:28:
/mnt/data/lyq/PRISM/inc/prism_framework.h:31:51: warning: declaration of ‘debug_level’ shadows a member of ‘SetAssociativeCache<prism::PCTableEntry>’ [-Wshadow]
   31 |   SetAssociativeCache(int size, int num_ways, int debug_level = 0)
      |                                               ~~~~^~~~~~~~~~~~~~~
In file included from /mnt/data/lyq/PRISM/prefetcher/prism/prism.h:18,
                 from .csconfig/core_inst.cc.inc:12,
                 from src/generated_environment.cc:28:
/mnt/data/lyq/PRISM/inc/prism_framework.h:157:7: note: shadowed declaration is here
  157 |   int debug_level = 0;
      |       ^~~~~~~~~~~
In file included from /mnt/data/lyq/PRISM/prefetcher/prism/prism.h:18,
                 from .csconfig/core_inst.cc.inc:12,
                 from src/generated_environment.cc:28:
/mnt/data/lyq/PRISM/inc/prism_framework.h:31:37: warning: declaration of ‘num_ways’ shadows a member of ‘SetAssociativeCache<prism::PCTableEntry>’ [-Wshadow]
   31 |   SetAssociativeCache(int size, int num_ways, int debug_level = 0)
      |                                 ~~~~^~~~~~~~
In file included from /mnt/data/lyq/PRISM/prefetcher/prism/prism.h:18,
                 from .csconfig/core_inst.cc.inc:12,
                 from src/generated_environment.cc:28:
/mnt/data/lyq/PRISM/inc/prism_framework.h:152:7: note: shadowed declaration is here
  152 |   int num_ways;
      |       ^~~~~~~~
In file included from /mnt/data/lyq/PRISM/prefetcher/prism/prism.h:18,
                 from .csconfig/core_inst.cc.inc:12,
                 from src/generated_environment.cc:28:
/mnt/data/lyq/PRISM/inc/prism_framework.h:31:27: warning: declaration of ‘size’ shadows a member of ‘SetAssociativeCache<prism::PCTableEntry>’ [-Wshadow]
   31 |   SetAssociativeCache(int size, int num_ways, int debug_level = 0)
      |                       ~~~~^~~~
In file included from /mnt/data/lyq/PRISM/prefetcher/prism/prism.h:18,
                 from .csconfig/core_inst.cc.inc:12,
                 from src/generated_environment.cc:28:
/mnt/data/lyq/PRISM/inc/prism_framework.h:151:7: note: shadowed declaration is here
  151 |   int size;
      |       ^~~~
/mnt/data/lyq/PRISM/inc/prism_framework.h: In instantiation of ‘int LRUSetAssociativeCache<T>::select_victim(uint64_t) [with T = std::deque<long unsigned int>; uint64_t = long unsigned int]’:
/mnt/data/lyq/PRISM/inc/prism_framework.h:265:15:   required from here
/mnt/data/lyq/PRISM/inc/prism_framework.h:268:56: warning: conversion from ‘__gnu_cxx::__normal_iterator<long unsigned int*, std::vector<long unsigned int> >::difference_type’ {aka ‘long int’} to ‘int’ may change value [-Wconversion]
  268 |     return min_element(lru_set.begin(), lru_set.end()) - lru_set.begin();
      |            ~~~~~~~~~~~~~~~~~~~~~~~~~~~~~~~~~~~~~~~~~~~~^~~~~~~~~~~~~~~~~
/mnt/data/lyq/PRISM/inc/prism_framework.h: In instantiation of ‘int SRRIPSetAssociativeCache<T>::select_victim(uint64_t) [with T = resize_trMetaTableEntry; uint64_t = long unsigned int]’:
/mnt/data/lyq/PRISM/inc/prism_framework.h:427:7:   required from here
/mnt/data/lyq/PRISM/inc/prism_framework.h:431:28: warning: comparison of integer expressions of different signedness: ‘size_t’ {aka ‘long unsigned int’} and ‘int’ [-Wsign-compare]
  431 |       for (size_t i = 0; i < Super::num_ways; i++) {
      |                          ~~^~~~~~~~~~~~~~~~~
/mnt/data/lyq/PRISM/inc/prism_framework.h:433:18: warning: conversion from ‘size_t’ {aka ‘long unsigned int’} to ‘int’ may change value [-Wconversion]
  433 |           return i;
      |                  ^
/mnt/data/lyq/PRISM/inc/prism_framework.h:436:28: warning: comparison of integer expressions of different signedness: ‘size_t’ {aka ‘long unsigned int’} and ‘int’ [-Wsign-compare]
  436 |       for (size_t i = 0; i < Super::num_ways; i++) {
      |                          ~~^~~~~~~~~~~~~~~~~
In file included from /mnt/data/lyq/PRISM/inc/environment.h:23,
                 from .csconfig/core_inst.inc:6,
                 from src/generated_environment.cc:5:
/mnt/data/lyq/PRISM/inc/cache.h: In instantiation of ‘CACHE::CACHE(champsim::cache_builder<champsim::cache_builder_module_type_holder<Ps ...>, champsim::cache_builder_module_type_holder<Rs ...> >) [with Ps = {no}; Rs = {drrip}]’:
/usr/include/c++/11/ext/new_allocator.h:162:4:   required from ‘void __gnu_cxx::new_allocator<_Tp>::construct(_Up*, _Args&& ...) [with _Up = CACHE; _Args = {champsim::cache_builder<champsim::cache_builder_module_type_holder<no>, champsim::cache_builder_module_type_holder<drrip> >&}; _Tp = std::_Fwd_list_node<CACHE>]’
/usr/include/c++/11/bits/alloc_traits.h:516:17:   required from ‘static void std::allocator_traits<std::allocator<_Tp1> >::construct(std::allocator_traits<std::allocator<_Tp1> >::allocator_type&, _Up*, _Args&& ...) [with _Up = CACHE; _Args = {champsim::cache_builder<champsim::cache_builder_module_type_holder<no>, champsim::cache_builder_module_type_holder<drrip> >&}; _Tp = std::_Fwd_list_node<CACHE>; std::allocator_traits<std::allocator<_Tp1> >::allocator_type = std::allocator<std::_Fwd_list_node<CACHE> >]’
/usr/include/c++/11/bits/forward_list.h:364:37:   required from ‘std::_Fwd_list_base<_Tp, _Alloc>::_Node* std::_Fwd_list_base<_Tp, _Alloc>::_M_create_node(_Args&& ...) [with _Args = {champsim::cache_builder<champsim::cache_builder_module_type_holder<no>, champsim::cache_builder_module_type_holder<drrip> >&}; _Tp = CACHE; _Alloc = std::allocator<CACHE>; std::_Fwd_list_base<_Tp, _Alloc>::_Node = std::_Fwd_list_base<CACHE, std::allocator<CACHE> >::_Node]’
/usr/include/c++/11/bits/forward_list.tcc:55:33:   required from ‘std::_Fwd_list_node_base* std::_Fwd_list_base<_Tp, _Alloc>::_M_insert_after(std::_Fwd_list_base<_Tp, _Alloc>::const_iterator, _Args&& ...) [with _Args = {champsim::cache_builder<champsim::cache_builder_module_type_holder<no>, champsim::cache_builder_module_type_holder<drrip> >&}; _Tp = CACHE; _Alloc = std::allocator<CACHE>; std::_Fwd_list_base<_Tp, _Alloc>::const_iterator = std::_Fwd_list_base<CACHE, std::allocator<CACHE> >::const_iterator]’
/usr/include/c++/11/bits/forward_list.h:836:25:   required from ‘std::forward_list<_Tp, _Alloc>::value_type& std::forward_list<_Tp, _Alloc>::emplace_front(_Args&& ...) [with _Args = {champsim::cache_builder<champsim::cache_builder_module_type_holder<no>, champsim::cache_builder_module_type_holder<drrip> >&}; _Tp = CACHE; _Alloc = std::allocator<CACHE>; std::forward_list<_Tp, _Alloc>::reference = CACHE&]’
src/generated_environment.cc:22:29:   required from ‘auto champsim::configured::build(PTWs ...) [with R = CACHE; PTWs = {champsim::cache_builder<champsim::cache_builder_module_type_holder<no>, champsim::cache_builder_module_type_holder<drrip> >, champsim::cache_builder<champsim::cache_builder_module_type_holder<no>, champsim::cache_builder_module_type_holder<lru> >, champsim::cache_builder<champsim::cache_builder_module_type_holder<no>, champsim::cache_builder_module_type_holder<lru> >, champsim::cache_builder<champsim::cache_builder_module_type_holder<ip_stride>, champsim::cache_builder_module_type_holder<lru> >, champsim::cache_builder<champsim::cache_builder_module_type_holder<no>, champsim::cache_builder_module_type_holder<lru> >, champsim::cache_builder<champsim::cache_builder_module_type_holder<prism>, champsim::cache_builder_module_type_holder<lru> >, champsim::cache_builder<champsim::cache_builder_module_type_holder<no>, champsim::cache_builder_module_type_holder<lru> >}]’
.csconfig/core_inst.cc.inc:59:13:   required from here
/mnt/data/lyq/PRISM/inc/cache.h:171:12: warning: ‘CACHE::available_ways’ will be initialized after [-Wreorder]
  171 |   uint32_t available_ways;  // 可用路数
      |            ^~~~~~~~~~~~~~
/mnt/data/lyq/PRISM/inc/cache.h:169:30: warning:   ‘uint32_t CACHE::MSHR_SIZE’ [-Wreorder]
  169 |   uint32_t NUM_SET, NUM_WAY, MSHR_SIZE;
      |                              ^~~~~~~~~
In file included from /mnt/data/lyq/PRISM/inc/environment.h:23,
                 from .csconfig/core_inst.inc:6,
                 from src/generated_environment.cc:5:
/mnt/data/lyq/PRISM/inc/cache.h:367:12: warning:   when initialized here [-Wreorder]
  367 |   explicit CACHE(champsim::cache_builder<champsim::cache_builder_module_type_holder<Ps...>, champsim::cache_builder_module_type_holder<Rs...>> b)
      |            ^~~~~
In file included from /mnt/data/lyq/PRISM/inc/environment.h:23,
                 from .csconfig/core_inst.inc:6,
                 from src/generated_environment.cc:5:
/mnt/data/lyq/PRISM/inc/cache.h: In instantiation of ‘CACHE::CACHE(champsim::cache_builder<champsim::cache_builder_module_type_holder<Ps ...>, champsim::cache_builder_module_type_holder<Rs ...> >) [with Ps = {no}; Rs = {lru}]’:
/usr/include/c++/11/ext/new_allocator.h:162:4:   required from ‘void __gnu_cxx::new_allocator<_Tp>::construct(_Up*, _Args&& ...) [with _Up = CACHE; _Args = {champsim::cache_builder<champsim::cache_builder_module_type_holder<no>, champsim::cache_builder_module_type_holder<lru> >&}; _Tp = std::_Fwd_list_node<CACHE>]’
/usr/include/c++/11/bits/alloc_traits.h:516:17:   required from ‘static void std::allocator_traits<std::allocator<_Tp1> >::construct(std::allocator_traits<std::allocator<_Tp1> >::allocator_type&, _Up*, _Args&& ...) [with _Up = CACHE; _Args = {champsim::cache_builder<champsim::cache_builder_module_type_holder<no>, champsim::cache_builder_module_type_holder<lru> >&}; _Tp = std::_Fwd_list_node<CACHE>; std::allocator_traits<std::allocator<_Tp1> >::allocator_type = std::allocator<std::_Fwd_list_node<CACHE> >]’
/usr/include/c++/11/bits/forward_list.h:364:37:   required from ‘std::_Fwd_list_base<_Tp, _Alloc>::_Node* std::_Fwd_list_base<_Tp, _Alloc>::_M_create_node(_Args&& ...) [with _Args = {champsim::cache_builder<champsim::cache_builder_module_type_holder<no>, champsim::cache_builder_module_type_holder<lru> >&}; _Tp = CACHE; _Alloc = std::allocator<CACHE>; std::_Fwd_list_base<_Tp, _Alloc>::_Node = std::_Fwd_list_base<CACHE, std::allocator<CACHE> >::_Node]’
/usr/include/c++/11/bits/forward_list.tcc:55:33:   required from ‘std::_Fwd_list_node_base* std::_Fwd_list_base<_Tp, _Alloc>::_M_insert_after(std::_Fwd_list_base<_Tp, _Alloc>::const_iterator, _Args&& ...) [with _Args = {champsim::cache_builder<champsim::cache_builder_module_type_holder<no>, champsim::cache_builder_module_type_holder<lru> >&}; _Tp = CACHE; _Alloc = std::allocator<CACHE>; std::_Fwd_list_base<_Tp, _Alloc>::const_iterator = std::_Fwd_list_base<CACHE, std::allocator<CACHE> >::const_iterator]’
/usr/include/c++/11/bits/forward_list.h:836:25:   required from ‘std::forward_list<_Tp, _Alloc>::value_type& std::forward_list<_Tp, _Alloc>::emplace_front(_Args&& ...) [with _Args = {champsim::cache_builder<champsim::cache_builder_module_type_holder<no>, champsim::cache_builder_module_type_holder<lru> >&}; _Tp = CACHE; _Alloc = std::allocator<CACHE>; std::forward_list<_Tp, _Alloc>::reference = CACHE&]’
src/generated_environment.cc:22:29:   required from ‘auto champsim::configured::build(PTWs ...) [with R = CACHE; PTWs = {champsim::cache_builder<champsim::cache_builder_module_type_holder<no>, champsim::cache_builder_module_type_holder<drrip> >, champsim::cache_builder<champsim::cache_builder_module_type_holder<no>, champsim::cache_builder_module_type_holder<lru> >, champsim::cache_builder<champsim::cache_builder_module_type_holder<no>, champsim::cache_builder_module_type_holder<lru> >, champsim::cache_builder<champsim::cache_builder_module_type_holder<ip_stride>, champsim::cache_builder_module_type_holder<lru> >, champsim::cache_builder<champsim::cache_builder_module_type_holder<no>, champsim::cache_builder_module_type_holder<lru> >, champsim::cache_builder<champsim::cache_builder_module_type_holder<prism>, champsim::cache_builder_module_type_holder<lru> >, champsim::cache_builder<champsim::cache_builder_module_type_holder<no>, champsim::cache_builder_module_type_holder<lru> >}]’
.csconfig/core_inst.cc.inc:59:13:   required from here
/mnt/data/lyq/PRISM/inc/cache.h:171:12: warning: ‘CACHE::available_ways’ will be initialized after [-Wreorder]
  171 |   uint32_t available_ways;  // 可用路数
      |            ^~~~~~~~~~~~~~
/mnt/data/lyq/PRISM/inc/cache.h:169:30: warning:   ‘uint32_t CACHE::MSHR_SIZE’ [-Wreorder]
  169 |   uint32_t NUM_SET, NUM_WAY, MSHR_SIZE;
      |                              ^~~~~~~~~
In file included from /mnt/data/lyq/PRISM/inc/environment.h:23,
                 from .csconfig/core_inst.inc:6,
                 from src/generated_environment.cc:5:
/mnt/data/lyq/PRISM/inc/cache.h:367:12: warning:   when initialized here [-Wreorder]
  367 |   explicit CACHE(champsim::cache_builder<champsim::cache_builder_module_type_holder<Ps...>, champsim::cache_builder_module_type_holder<Rs...>> b)
      |            ^~~~~
In file included from /mnt/data/lyq/PRISM/inc/environment.h:23,
                 from .csconfig/core_inst.inc:6,
                 from src/generated_environment.cc:5:
/mnt/data/lyq/PRISM/inc/cache.h: In instantiation of ‘CACHE::CACHE(champsim::cache_builder<champsim::cache_builder_module_type_holder<Ps ...>, champsim::cache_builder_module_type_holder<Rs ...> >) [with Ps = {ip_stride}; Rs = {lru}]’:
/usr/include/c++/11/ext/new_allocator.h:162:4:   required from ‘void __gnu_cxx::new_allocator<_Tp>::construct(_Up*, _Args&& ...) [with _Up = CACHE; _Args = {champsim::cache_builder<champsim::cache_builder_module_type_holder<ip_stride>, champsim::cache_builder_module_type_holder<lru> >&}; _Tp = std::_Fwd_list_node<CACHE>]’
/usr/include/c++/11/bits/alloc_traits.h:516:17:   required from ‘static void std::allocator_traits<std::allocator<_Tp1> >::construct(std::allocator_traits<std::allocator<_Tp1> >::allocator_type&, _Up*, _Args&& ...) [with _Up = CACHE; _Args = {champsim::cache_builder<champsim::cache_builder_module_type_holder<ip_stride>, champsim::cache_builder_module_type_holder<lru> >&}; _Tp = std::_Fwd_list_node<CACHE>; std::allocator_traits<std::allocator<_Tp1> >::allocator_type = std::allocator<std::_Fwd_list_node<CACHE> >]’
/usr/include/c++/11/bits/forward_list.h:364:37:   required from ‘std::_Fwd_list_base<_Tp, _Alloc>::_Node* std::_Fwd_list_base<_Tp, _Alloc>::_M_create_node(_Args&& ...) [with _Args = {champsim::cache_builder<champsim::cache_builder_module_type_holder<ip_stride>, champsim::cache_builder_module_type_holder<lru> >&}; _Tp = CACHE; _Alloc = std::allocator<CACHE>; std::_Fwd_list_base<_Tp, _Alloc>::_Node = std::_Fwd_list_base<CACHE, std::allocator<CACHE> >::_Node]’
/usr/include/c++/11/bits/forward_list.tcc:55:33:   required from ‘std::_Fwd_list_node_base* std::_Fwd_list_base<_Tp, _Alloc>::_M_insert_after(std::_Fwd_list_base<_Tp, _Alloc>::const_iterator, _Args&& ...) [with _Args = {champsim::cache_builder<champsim::cache_builder_module_type_holder<ip_stride>, champsim::cache_builder_module_type_holder<lru> >&}; _Tp = CACHE; _Alloc = std::allocator<CACHE>; std::_Fwd_list_base<_Tp, _Alloc>::const_iterator = std::_Fwd_list_base<CACHE, std::allocator<CACHE> >::const_iterator]’
/usr/include/c++/11/bits/forward_list.h:836:25:   required from ‘std::forward_list<_Tp, _Alloc>::value_type& std::forward_list<_Tp, _Alloc>::emplace_front(_Args&& ...) [with _Args = {champsim::cache_builder<champsim::cache_builder_module_type_holder<ip_stride>, champsim::cache_builder_module_type_holder<lru> >&}; _Tp = CACHE; _Alloc = std::allocator<CACHE>; std::forward_list<_Tp, _Alloc>::reference = CACHE&]’
src/generated_environment.cc:22:29:   required from ‘auto champsim::configured::build(PTWs ...) [with R = CACHE; PTWs = {champsim::cache_builder<champsim::cache_builder_module_type_holder<no>, champsim::cache_builder_module_type_holder<drrip> >, champsim::cache_builder<champsim::cache_builder_module_type_holder<no>, champsim::cache_builder_module_type_holder<lru> >, champsim::cache_builder<champsim::cache_builder_module_type_holder<no>, champsim::cache_builder_module_type_holder<lru> >, champsim::cache_builder<champsim::cache_builder_module_type_holder<ip_stride>, champsim::cache_builder_module_type_holder<lru> >, champsim::cache_builder<champsim::cache_builder_module_type_holder<no>, champsim::cache_builder_module_type_holder<lru> >, champsim::cache_builder<champsim::cache_builder_module_type_holder<prism>, champsim::cache_builder_module_type_holder<lru> >, champsim::cache_builder<champsim::cache_builder_module_type_holder<no>, champsim::cache_builder_module_type_holder<lru> >}]’
.csconfig/core_inst.cc.inc:59:13:   required from here
/mnt/data/lyq/PRISM/inc/cache.h:171:12: warning: ‘CACHE::available_ways’ will be initialized after [-Wreorder]
  171 |   uint32_t available_ways;  // 可用路数
      |            ^~~~~~~~~~~~~~
/mnt/data/lyq/PRISM/inc/cache.h:169:30: warning:   ‘uint32_t CACHE::MSHR_SIZE’ [-Wreorder]
  169 |   uint32_t NUM_SET, NUM_WAY, MSHR_SIZE;
      |                              ^~~~~~~~~
In file included from /mnt/data/lyq/PRISM/inc/environment.h:23,
                 from .csconfig/core_inst.inc:6,
                 from src/generated_environment.cc:5:
/mnt/data/lyq/PRISM/inc/cache.h:367:12: warning:   when initialized here [-Wreorder]
  367 |   explicit CACHE(champsim::cache_builder<champsim::cache_builder_module_type_holder<Ps...>, champsim::cache_builder_module_type_holder<Rs...>> b)
      |            ^~~~~
In file included from /mnt/data/lyq/PRISM/inc/environment.h:23,
                 from .csconfig/core_inst.inc:6,
                 from src/generated_environment.cc:5:
/mnt/data/lyq/PRISM/inc/cache.h: In instantiation of ‘CACHE::CACHE(champsim::cache_builder<champsim::cache_builder_module_type_holder<Ps ...>, champsim::cache_builder_module_type_holder<Rs ...> >) [with Ps = {prism}; Rs = {lru}]’:
/usr/include/c++/11/ext/new_allocator.h:162:4:   required from ‘void __gnu_cxx::new_allocator<_Tp>::construct(_Up*, _Args&& ...) [with _Up = CACHE; _Args = {champsim::cache_builder<champsim::cache_builder_module_type_holder<prism>, champsim::cache_builder_module_type_holder<lru> >&}; _Tp = std::_Fwd_list_node<CACHE>]’
/usr/include/c++/11/bits/alloc_traits.h:516:17:   required from ‘static void std::allocator_traits<std::allocator<_Tp1> >::construct(std::allocator_traits<std::allocator<_Tp1> >::allocator_type&, _Up*, _Args&& ...) [with _Up = CACHE; _Args = {champsim::cache_builder<champsim::cache_builder_module_type_holder<prism>, champsim::cache_builder_module_type_holder<lru> >&}; _Tp = std::_Fwd_list_node<CACHE>; std::allocator_traits<std::allocator<_Tp1> >::allocator_type = std::allocator<std::_Fwd_list_node<CACHE> >]’
/usr/include/c++/11/bits/forward_list.h:364:37:   required from ‘std::_Fwd_list_base<_Tp, _Alloc>::_Node* std::_Fwd_list_base<_Tp, _Alloc>::_M_create_node(_Args&& ...) [with _Args = {champsim::cache_builder<champsim::cache_builder_module_type_holder<prism>, champsim::cache_builder_module_type_holder<lru> >&}; _Tp = CACHE; _Alloc = std::allocator<CACHE>; std::_Fwd_list_base<_Tp, _Alloc>::_Node = std::_Fwd_list_base<CACHE, std::allocator<CACHE> >::_Node]’
/usr/include/c++/11/bits/forward_list.tcc:55:33:   required from ‘std::_Fwd_list_node_base* std::_Fwd_list_base<_Tp, _Alloc>::_M_insert_after(std::_Fwd_list_base<_Tp, _Alloc>::const_iterator, _Args&& ...) [with _Args = {champsim::cache_builder<champsim::cache_builder_module_type_holder<prism>, champsim::cache_builder_module_type_holder<lru> >&}; _Tp = CACHE; _Alloc = std::allocator<CACHE>; std::_Fwd_list_base<_Tp, _Alloc>::const_iterator = std::_Fwd_list_base<CACHE, std::allocator<CACHE> >::const_iterator]’
/usr/include/c++/11/bits/forward_list.h:836:25:   required from ‘std::forward_list<_Tp, _Alloc>::value_type& std::forward_list<_Tp, _Alloc>::emplace_front(_Args&& ...) [with _Args = {champsim::cache_builder<champsim::cache_builder_module_type_holder<prism>, champsim::cache_builder_module_type_holder<lru> >&}; _Tp = CACHE; _Alloc = std::allocator<CACHE>; std::forward_list<_Tp, _Alloc>::reference = CACHE&]’
src/generated_environment.cc:22:29:   required from ‘auto champsim::configured::build(PTWs ...) [with R = CACHE; PTWs = {champsim::cache_builder<champsim::cache_builder_module_type_holder<no>, champsim::cache_builder_module_type_holder<drrip> >, champsim::cache_builder<champsim::cache_builder_module_type_holder<no>, champsim::cache_builder_module_type_holder<lru> >, champsim::cache_builder<champsim::cache_builder_module_type_holder<no>, champsim::cache_builder_module_type_holder<lru> >, champsim::cache_builder<champsim::cache_builder_module_type_holder<ip_stride>, champsim::cache_builder_module_type_holder<lru> >, champsim::cache_builder<champsim::cache_builder_module_type_holder<no>, champsim::cache_builder_module_type_holder<lru> >, champsim::cache_builder<champsim::cache_builder_module_type_holder<prism>, champsim::cache_builder_module_type_holder<lru> >, champsim::cache_builder<champsim::cache_builder_module_type_holder<no>, champsim::cache_builder_module_type_holder<lru> >}]’
.csconfig/core_inst.cc.inc:59:13:   required from here
/mnt/data/lyq/PRISM/inc/cache.h:171:12: warning: ‘CACHE::available_ways’ will be initialized after [-Wreorder]
  171 |   uint32_t available_ways;  // 可用路数
      |            ^~~~~~~~~~~~~~
/mnt/data/lyq/PRISM/inc/cache.h:169:30: warning:   ‘uint32_t CACHE::MSHR_SIZE’ [-Wreorder]
  169 |   uint32_t NUM_SET, NUM_WAY, MSHR_SIZE;
      |                              ^~~~~~~~~
In file included from /mnt/data/lyq/PRISM/inc/environment.h:23,
                 from .csconfig/core_inst.inc:6,
                 from src/generated_environment.cc:5:
/mnt/data/lyq/PRISM/inc/cache.h:367:12: warning:   when initialized here [-Wreorder]
  367 |   explicit CACHE(champsim::cache_builder<champsim::cache_builder_module_type_holder<Ps...>, champsim::cache_builder_module_type_holder<Rs...>> b)
      |            ^~~~~
In file included from /mnt/data/lyq/PRISM/prefetcher/prism/prism.h:18,
                 from .csconfig/core_inst.cc.inc:12,
                 from src/generated_environment.cc:28:
/mnt/data/lyq/PRISM/inc/prism_framework.h: In instantiation of ‘int LRUSetAssociativeCache<T>::select_victim(uint64_t) [with T = prism::PCTableEntry; uint64_t = long unsigned int]’:
/mnt/data/lyq/PRISM/inc/prism_framework.h:265:15:   required from here
/mnt/data/lyq/PRISM/inc/prism_framework.h:268:56: warning: conversion from ‘__gnu_cxx::__normal_iterator<long unsigned int*, std::vector<long unsigned int> >::difference_type’ {aka ‘long int’} to ‘int’ may change value [-Wconversion]
  268 |     return min_element(lru_set.begin(), lru_set.end()) - lru_set.begin();
      |            ~~~~~~~~~~~~~~~~~~~~~~~~~~~~~~~~~~~~~~~~~~~~^~~~~~~~~~~~~~~~~
/mnt/data/lyq/PRISM/inc/prism_framework.h: In instantiation of ‘int SetAssociativeCache<T>::select_victim(uint64_t) [with T = prism::PCTableEntry; uint64_t = long unsigned int]’:
/mnt/data/lyq/PRISM/inc/prism_framework.h:135:15:   required from here
/mnt/data/lyq/PRISM/inc/prism_framework.h:135:38: warning: unused parameter ‘index’ [-Wunused-parameter]
  135 |   virtual int select_victim(uint64_t index)
      |                             ~~~~~~~~~^~~~~
/mnt/data/lyq/PRISM/inc/prism_framework.h: In instantiation of ‘int SHIPSetAssociativeCache<T>::select_victim(uint64_t) [with T = MetaTableEntry; uint64_t = long unsigned int]’:
/mnt/data/lyq/PRISM/inc/prism_framework.h:322:7:   required from here
/mnt/data/lyq/PRISM/inc/prism_framework.h:326:28: warning: comparison of integer expressions of different signedness: ‘size_t’ {aka ‘long unsigned int’} and ‘int’ [-Wsign-compare]
  326 |       for (size_t i = 0; i < Super::num_ways; i++) {
      |                          ~~^~~~~~~~~~~~~~~~~
/mnt/data/lyq/PRISM/inc/prism_framework.h:328:18: warning: conversion from ‘size_t’ {aka ‘long unsigned int’} to ‘int’ may change value [-Wconversion]
  328 |           return i;
      |                  ^
/mnt/data/lyq/PRISM/inc/prism_framework.h:331:28: warning: comparison of integer expressions of different signedness: ‘size_t’ {aka ‘long unsigned int’} and ‘int’ [-Wsign-compare]
  331 |       for (size_t i = 0; i < Super::num_ways; i++) {
      |                          ~~^~~~~~~~~~~~~~~~~
/mnt/data/lyq/PRISM/inc/prism_framework.h: In instantiation of ‘int SRRIPSetAssociativeCache<T>::select_victim(uint64_t) [with T = MetaTableEntry; uint64_t = long unsigned int]’:
/mnt/data/lyq/PRISM/inc/prism_framework.h:427:7:   required from here
/mnt/data/lyq/PRISM/inc/prism_framework.h:431:28: warning: comparison of integer expressions of different signedness: ‘size_t’ {aka ‘long unsigned int’} and ‘int’ [-Wsign-compare]
  431 |       for (size_t i = 0; i < Super::num_ways; i++) {
      |                          ~~^~~~~~~~~~~~~~~~~
/mnt/data/lyq/PRISM/inc/prism_framework.h:433:18: warning: conversion from ‘size_t’ {aka ‘long unsigned int’} to ‘int’ may change value [-Wconversion]
  433 |           return i;
      |                  ^
/mnt/data/lyq/PRISM/inc/prism_framework.h:436:28: warning: comparison of integer expressions of different signedness: ‘size_t’ {aka ‘long unsigned int’} and ‘int’ [-Wsign-compare]
  436 |       for (size_t i = 0; i < Super::num_ways; i++) {
      |                          ~~^~~~~~~~~~~~~~~~~
